x,y,id,time_series_id,monitoring_location_id,parameter_code,statistic_id,time,value,unit_of_measure,approval_status,qualifier,last_modified
-112.49690297112,41.2552106532508,ada2f91e-12fc-41cd-ae68-d1b88472ff0d,2e4657553ff7486d84e1ae1c10a0d34c,USGS-10010100,62614,00003,2014-01-01,4193.90,ft,Approved,,2025-03-11 21:31:41.809573+00:00
-112.49690297112,41.2552106532508,72113105-cd85-409e-a8ec-c91fad4b868f,2e4657553ff7486d84e1ae1c10a0d34c,USGS-10010100,62614,00003,2013-12-31,4193.90,ft,Approved,,2025-03-11 21:31:41.809573+00:00
-112.49690297112,41.2552106532508,f5ed3ac3-b730-4afc-a957-cc43e34b08f8,2e4657553ff7486d84e1ae1c10a0d34c,USGS-10010100,62614,00003,2013-12-30,4193.90,ft,Approved,,2025-03-11 21:31:41.809573+00:00
-112.49690297112,41.2552106532508,7dfd11d6-9675-4679-92d9-4049612e13dc,2e4657553ff7486d84e1ae1c10a0d34c,USGS-10010100,62614,00003,2013-12-29,4193.91,ft,Approved,,2025-03-11 21:31:41.809573+00:00
-112.49690297112,41.2552106532508,deb88ea5-1700-4011-bb3d-d9d0f906e62b,2e4657553ff7486d84e1ae1c10a0d34c,USGS-10010100,62614,00003,2013-12-28,4193.93,ft,Approved,,2025-03-11 21:31:41.809573+00:00
-112.49690297112,41.2552106532508,03c67407-bddd-4f04-9edb-02e00d964dd7,2e4657553ff7486d84e1ae1c10a0d34c,USGS-10010100,62614,00003,2013-12-27,4193.90,ft,Approved,,2025-03-11 21:31:41.809573+00:00
-112.49690297112,41.2552106532508,14bacf49-061b-448a-adce-8b12c90ccc7c,2e4657553ff7486d84e1ae1c10a0d34c,USGS-10010100,62614,00003,2013-12-26,4193.90,ft,Approved,,2025-03-11 21:31:41.809573+00:00
-112.49690297112,41.2552106532508,4f0b151e-3030-4aab-a189-b2af62b8fad3,2e4657553ff7486d84e1ae1c10a0d34c,USGS-10010100,62614,00003,2013-12-25,4193.90,ft,Approved,,2025-03-11 21:31:41.809573+00:00
-112.49690297112,41.2552106532508,239b42a6-f35b-4abf-9139-51ea4825e086,2e4657553ff7486d84e1ae1c10a0d34c,USGS-10010100,62614,00003,2013-12-24,4193.92,ft,Approved,,2025-03-11 21:31:41.809573+00:00
-112.49690297112,41.2552106532508,a9ac4cbf-9ef1-4a2d-a2d3-1d77fa662360,2e4657553ff7486d84e1ae1c10a0d34c,USGS-10010100,62614,00003,2013-12-23,4193.90,ft,Approved,,2025-03-11 21:31:41.809573+00:00
-112.49690297112,41.2552106532508,35931c0d-42d2-4f54-b18d-051b59fd9c18,2e4657553ff7486d84e1ae1c10a0d34c,USGS-10010100,62614,00003,2013-12-22,4193.90,ft,Approved,,2025-03-11 21:31:41.809573+00:00
-112.49690297112,41.2552106532508,37c58387-901d-4db4-aaa2-75dd893abb44,2e4657553ff7486d84e1ae1c10a0d34c,USGS-10010100,62614,00003,2013-12-21,4193.90,ft,Approved,,2025-03-11 21:31:41.809573+00:00
-112.49690297112,41.2552106532508,afa25720-b123-4ca2-82eb-4d693e534cd4,2e4657553ff7486d84e1ae1c10a0d34c,USGS-10010100,62614,00003,2013-12-20,4193.97,ft,Approved,,2025-03-11 21:31:41.809573+00:00
-112.49690297112,41.2552106532508,912e6ed0-99ed-4f0e-abc4-09a9125806db,2e4657553ff7486d84e1ae1c10a0d34c,USGS-10010100,62614,00003,2013-12-19,4194.03,ft,Approved,,2025-03-11 21:31:41.809573+00:00
-112.49690297112,41.2552106532508,d50940ab-fb0a-43ef-abf6-a408004a3d01,2e4657553ff7486d84e1ae1c10a0d34c,USGS-10010100,62614,00003,2013-12-18,4193.80,ft,Approved,,2025-03-11 21:31:41.809573+00:00
-112.49690297112,41.2552106532508,341717e8-4485-46ad-89ff-e53f10745b8e,2e4657553ff7486d84e1ae1c10a0d34c,USGS-10010100,62614,00003,2013-12-17,4193.80,ft,Approved,,2025-03-11 21:31:41.809573+00:00
-112.49690297112,41.2552106532508,8bb2b1c6-56f0-45fd-b4bc-2b5b66019c88,2e4657553ff7486d84e1ae1c10a0d34c,USGS-10010100,62614,00003,2013-12-16,4193.80,ft,Approved,,2025-03-11 21:31:41.809573+00:00
-112.49690297112,41.2552106532508,578f31a5-5ff0-42eb-93ce-d77cb22261bd,2e4657553ff7486d84e1ae1c10a0d34c,USGS-10010100,62614,00003,2013-12-15,4193.80,ft,Approved,,2025-03-11 21:31:41.809573+00:00
-112.49690297112,41.2552106532508,855a088a-94e7-4149-9726-d21bdecc0fad,2e4657553ff7486d84e1ae1c10a0d34c,USGS-10010100,62614,00003,2013-12-14,4193.80,ft,Approved,,2025-03-11 21:31:41.809573+00:00
-112.49690297112,41.2552106532508,b453835a-f47c-489b-b8da-07ce7615d737,2e4657553ff7486d84e1ae1c10a0d34c,USGS-10010100,62614,00003,2013-12-13,4193.82,ft,Approved,,2025-03-11 21:31:41.809573+00:00
-112.49690297112,41.2552106532508,b1d88f5f-e5b5-4b2f-8075-a64360465400,2e4657553ff7486d84e1ae1c10a0d34c,USGS-10010100,62614,00003,2013-12-12,4193.81,ft,Approved,,2025-03-11 21:31:41.809573+00:00
-112.49690297112,41.2552106532508,86e0a4e1-a75e-48cf-b7b5-3f0975e1b708,2e4657553ff7486d84e1ae1c10a0d34c,USGS-10010100,62614,00003,2013-12-11,4193.82,ft,Approved,,2025-03-11 21:31:41.809573+00:00
-112.49690297112,41.2552106532508,9c790ace-ba61-4e5f-b2cc-b77c87b2c346,2e4657553ff7486d84e1ae1c10a0d34c,USGS-10010100,62614,00003,2013-12-10,4193.83,ft,Approved,,2025-03-11 21:31:41.809573+00:00
-112.49690297112,41.2552106532508,e801011b-2028-43bd-bfc4-35e66b86cb9b,2e4657553ff7486d84e1ae1c10a0d34c,USGS-10010100,62614,00003,2013-12-09,4193.85,ft,Approved,,2025-03-11 21:31:41.809573+00:00
-112.49690297112,41.2552106532508,27ce132f-c854-4dbc-affe-20d321218a09,2e4657553ff7486d84e1ae1c10a0d34c,USGS-10010100,62614,00003,2013-12-08,4193.91,ft,Approved,,2025-03-11 21:31:41.809573+00:00
-112.49690297112,41.2552106532508,c1a1b2c7-7d12-4e8a-8434-aeea0ffcdf7d,2e4657553ff7486d84e1ae1c10a0d34c,USGS-10010100,62614,00003,2013-12-07,4193.92,ft,Approved,,2025-03-11 21:31:41.809573+00:00
-112.49690297112,41.2552106532508,1bd12672-6a6d-481d-95de-e43e9b255127,2e4657553ff7486d84e1ae1c10a0d34c,USGS-10010100,62614,00003,2013-12-06,4193.85,ft,Approved,,2025-03-11 21:31:41.809573+00:00
-112.49690297112,41.2552106532508,4c7c0686-34e4-4fdc-9b53-9779a8da801c,2e4657553ff7486d84e1ae1c10a0d34c,USGS-10010100,62614,00003,2013-12-05,4193.83,ft,Approved,,2025-03-11 21:31:41.809573+00:00
-112.49690297112,41.2552106532508,1224752e-5a74-4a1f-a0e0-8825ab626f90,2e4657553ff7486d84e1ae1c10a0d34c,USGS-10010100,62614,00003,2013-12-04,4193.97,ft,Approved,,2025-03-11 21:31:41.809573+00:00
-112.49690297112,41.2552106532508,05b4c0f3-96e5-4e3a-bd17-fb2670bc794a,2e4657553ff7486d84e1ae1c10a0d34c,USGS-10010100,62614,00003,2013-12-03,4194.00,ft,Approved,,2025-03-11 21:31:41.809573+00:00
-112.49690297112,41.2552106532508,31bd9842-aa02-441d-83ff-252c35da910f,2e4657553ff7486d84e1ae1c10a0d34c,USGS-10010100,62614,00003,2013-12-02,4193.93,ft,Approved,,2025-03-11 21:31:41.809573+00:00
-112.49690297112,41.2552106532508,78b5a85d-e390-4499-8c3d-f3e33a5a5a0e,2e4657553ff7486d84e1ae1c10a0d34c,USGS-10010100,62614,00003,2013-12-01,4193.88,ft,Approved,,2025-03-11 21:31:41.809573+00:00
-112.49690297112,41.2552106532508,a32f207c-9f27-44fb-8795-2f6e814ba5e3,2e4657553ff7486d84e1ae1c10a0d34c,USGS-10010100,62614,00003,2013-11-30,4193.90,ft,Approved,,2025-03-11 21:31:41.809573+00:00
-112.49690297112,41.2552106532508,9d1321ca-6777-4806-8a35-3faed66917cd,2e4657553ff7486d84e1ae1c10a0d34c,USGS-10010100,62614,00003,2013-11-29,4193.90,ft,Approved,,2025-03-11 21:31:41.809573+00:00
-112.49690297112,41.2552106532508,24b303b6-5d52-4d38-b34a-006a1a87ffa5,2e4657553ff7486d84e1ae1c10a0d34c,USGS-10010100,62614,00003,2013-11-28,4193.90,ft,Approved,,2025-03-11 21:31:41.809573+00:00
-112.49690297112,41.2552106532508,f5f6dc4a-5f94-4f29-b782-9a769a63ad39,2e4657553ff7486d84e1ae1c10a0d34c,USGS-10010100,62614,00003,2013-11-27,4193.90,ft,Approved,,2025-03-11 21:31:41.809573+00:00
-112.49690297112,41.2552106532508,4d76fc96-69d6-4e8b-a810-948369f9fc77,2e4657553ff7486d84e1ae1c10a0d34c,USGS-10010100,62614,00003,2013-11-26,4193.90,ft,Approved,,2025-03-11 21:31:41.809573+00:00
-112.49690297112,41.2552106532508,9295ad72-1fa8-408e-be2e-4e1222466d91,2e4657553ff7486d84e1ae1c10a0d34c,USGS-10010100,62614,00003,2013-11-25,4193.90,ft,Approved,,2025-03-11 21:31:41.809573+00:00
-112.49690297112,41.2552106532508,9d730993-f118-44f1-835d-168158bac77e,2e4657553ff7486d84e1ae1c10a0d34c,USGS-10010100,62614,00003,2013-11-24,4193.91,ft,Approved,,2025-03-11 21:31:41.809573+00:00
-112.49690297112,41.2552106532508,2d8b7bfb-e934-4e07-96d3-5666099a3e44,2e4657553ff7486d84e1ae1c10a0d34c,USGS-10010100,62614,00003,2013-11-23,4193.88,ft,Approved,,2025-03-11 21:31:41.809573+00:00
-112.49690297112,41.2552106532508,cf0fa1bd-0728-4420-a366-22c4c79a13d1,2e4657553ff7486d84e1ae1c10a0d34c,USGS-10010100,62614,00003,2013-11-22,4193.93,ft,Approved,,2025-03-11 21:31:41.809573+00:00
-112.49690297112,41.2552106532508,17b381a1-c2b3-4b42-9801-b32b602ac48e,2e4657553ff7486d84e1ae1c10a0d34c,USGS-10010100,62614,00003,2013-11-21,4194.19,ft,Approved,,2025-03-11 21:31:41.809573+00:00
-112.49690297112,41.2552106532508,dc591e7a-1d0d-48f7-8f29-73ba8c1f560b,2e4657553ff7486d84e1ae1c10a0d34c,USGS-10010100,62614,00003,2013-11-20,4193.95,ft,Approved,,2025-03-11 21:31:41.809573+00:00
-112.49690297112,41.2552106532508,9f01596f-9f34-476e-8392-c431ba945382,2e4657553ff7486d84e1ae1c10a0d34c,USGS-10010100,62614,00003,2013-11-19,4193.91,ft,Approved,,2025-03-11 21:31:41.809573+00:00
-112.49690297112,41.2552106532508,c7844d04-a5da-4c6d-9893-8e756f6f424f,2e4657553ff7486d84e1ae1c10a0d34c,USGS-10010100,62614,00003,2013-11-18,4193.92,ft,Approved,,2025-03-11 21:31:41.809573+00:00
-112.49690297112,41.2552106532508,f7e60502-5124-483f-96e3-0b7710c9bd20,2e4657553ff7486d84e1ae1c10a0d34c,USGS-10010100,62614,00003,2013-11-17,4193.92,ft,Approved,,2025-03-11 21:31:41.809573+00:00
-112.49690297112,41.2552106532508,dcbffdd6-2f4b-4f5a-8e55-da5228ca38e2,2e4657553ff7486d84e1ae1c10a0d34c,USGS-10010100,62614,00003,2013-11-16,4193.98,ft,Approved,,2025-03-11 21:31:41.809573+00:00
-112.49690297112,41.2552106532508,e3cf49da-88a1-4494-b623-c5c7fc6e33b7,2e4657553ff7486d84e1ae1c10a0d34c,USGS-10010100,62614,00003,2013-11-15,4194.00,ft,Approved,,2025-03-11 21:31:41.809573+00:00
-112.49690297112,41.2552106532508,046e237d-d581-4c46-a830-3786c27345e3,2e4657553ff7486d84e1ae1c10a0d34c,USGS-10010100,62614,00003,2013-11-14,4193.94,ft,Approved,,2025-03-11 21:31:41.809573+00:00
-112.49690297112,41.2552106532508,bae024c0-0ad8-486d-8270-410c406022c2,2e4657553ff7486d84e1ae1c10a0d34c,USGS-10010100,62614,00003,2013-11-13,4193.96,ft,Approved,,2025-03-11 21:31:41.809573+00:00
-112.49690297112,41.2552106532508,052d6ff7-e676-4465-939e-86daf43cdcda,2e4657553ff7486d84e1ae1c10a0d34c,USGS-10010100,62614,00003,2013-11-12,4193.94,ft,Approved,,2025-03-11 21:31:41.809573+00:00
-112.49690297112,41.2552106532508,1ae21274-c26e-4f24-b736-3707e0ab28aa,2e4657553ff7486d84e1ae1c10a0d34c,USGS-10010100,62614,00003,2013-11-11,4193.95,ft,Approved,,2025-03-11 21:31:41.809573+00:00
-112.49690297112,41.2552106532508,86149c95-4e63-4436-9e8e-d73c62db1ea8,2e4657553ff7486d84e1ae1c10a0d34c,USGS-10010100,62614,00003,2013-11-10,4193.95,ft,Approved,,2025-03-11 21:31:41.809573+00:00
-112.49690297112,41.2552106532508,f34fa8ad-ccf5-431d-905f-3e2b72dda503,2e4657553ff7486d84e1ae1c10a0d34c,USGS-10010100,62614,00003,2013-11-09,4193.96,ft,Approved,,2025-03-11 21:31:41.809573+00:00
-112.49690297112,41.2552106532508,d6287221-acf5-4bc5-8d2d-2f6cea3b1089,2e4657553ff7486d84e1ae1c10a0d34c,USGS-10010100,62614,00003,2013-11-08,4193.95,ft,Approved,,2025-03-11 21:31:41.809573+00:00
-112.49690297112,41.2552106532508,6a32d997-0524-4f55-beb3-9c390f656b86,2e4657553ff7486d84e1ae1c10a0d34c,USGS-10010100,62614,00003,2013-11-07,4193.93,ft,Approved,,2025-03-11 21:31:41.809573+00:00
-112.49690297112,41.2552106532508,b5d3cbb3-1b26-462a-a2ac-857a68c3a026,2e4657553ff7486d84e1ae1c10a0d34c,USGS-10010100,62614,00003,2013-11-06,4193.92,ft,Approved,,2025-03-11 21:31:41.809573+00:00
-112.49690297112,41.2552106532508,a8f7c10f-eaac-4233-83a2-4a9d0315e34b,2e4657553ff7486d84e1ae1c10a0d34c,USGS-10010100,62614,00003,2013-11-05,4193.96,ft,Approved,,2025-03-11 21:31:41.809573+00:00
-112.49690297112,41.2552106532508,0c5bc8c3-5444-4861-a91a-0b4825f190e6,2e4657553ff7486d84e1ae1c10a0d34c,USGS-10010100,62614,00003,2013-11-04,4193.99,ft,Approved,,2025-03-11 21:31:41.809573+00:00
-112.49690297112,41.2552106532508,1fb6fdee-e783-43e8-87fc-607ad949155e,2e4657553ff7486d84e1ae1c10a0d34c,USGS-10010100,62614,00003,2013-11-03,4194.12,ft,Approved,,2025-03-11 21:31:41.809573+00:00
-112.49690297112,41.2552106532508,af759e4f-0b0d-4499-8735-eb1be1e767a5,2e4657553ff7486d84e1ae1c10a0d34c,USGS-10010100,62614,00003,2013-11-02,4193.98,ft,Approved,,2025-03-11 21:31:41.809573+00:00
-112.49690297112,41.2552106532508,c0f48a5a-615d-4566-a9d7-0926f83e084a,2e4657553ff7486d84e1ae1c10a0d34c,USGS-10010100,62614,00003,2013-11-01,4194.03,ft,Approved,,2025-03-11 21:31:41.809573+00:00
-112.49690297112,41.2552106532508,65b8cdfc-5995-42a1-833e-bd5be0a01fb8,2e4657553ff7486d84e1ae1c10a0d34c,USGS-10010100,62614,00003,2013-10-31,4194.06,ft,Approved,,2025-03-11 21:31:41.809573+00:00
-112.49690297112,41.2552106532508,f6d4b759-577a-4012-8d59-f5eaeaebe8ff,2e4657553ff7486d84e1ae1c10a0d34c,USGS-10010100,62614,00003,2013-10-30,4194.04,ft,Approved,,2025-03-11 21:31:41.809573+00:00
-112.49690297112,41.2552106532508,d7b2d200-c388-4e88-b48a-3ab94dc3d880,2e4657553ff7486d84e1ae1c10a0d34c,USGS-10010100,62614,00003,2013-10-29,4194.02,ft,Approved,,2025-03-11 21:31:41.809573+00:00
-112.49690297112,41.2552106532508,006a9197-912a-4b47-83b0-c432a95a93b0,2e4657553ff7486d84e1ae1c10a0d34c,USGS-10010100,62614,00003,2013-10-28,4193.94,ft,Approved,,2025-03-11 21:31:41.809573+00:00
-112.49690297112,41.2552106532508,86a61010-447a-42b2-b16b-f637a93bc093,2e4657553ff7486d84e1ae1c10a0d34c,USGS-10010100,62614,00003,2013-10-27,4193.99,ft,Approved,,2025-03-11 21:31:41.809573+00:00
-112.49690297112,41.2552106532508,bd1ab4ae-23f1-49b0-ba67-bc8d26034187,2e4657553ff7486d84e1ae1c10a0d34c,USGS-10010100,62614,00003,2013-10-26,4194.01,ft,Approved,,2025-03-11 21:31:41.809573+00:00
-112.49690297112,41.2552106532508,d6d4170a-32da-4bcc-9db1-41ae355f0e1c,2e4657553ff7486d84e1ae1c10a0d34c,USGS-10010100,62614,00003,2013-10-25,4194.01,ft,Approved,,2025-03-11 21:31:41.809573+00:00
-112.49690297112,41.2552106532508,9b63504d-e651-4918-968f-5b40562033dc,2e4657553ff7486d84e1ae1c10a0d34c,USGS-10010100,62614,00003,2013-10-24,4194.01,ft,Approved,,2025-03-11 21:31:41.809573+00:00
-112.49690297112,41.2552106532508,58202458-cbbb-4337-b61e-28d6d253b908,2e4657553ff7486d84e1ae1c10a0d34c,USGS-10010100,62614,00003,2013-10-23,4194.01,ft,Approved,,2025-03-11 21:31:41.809573+00:00
-112.49690297112,41.2552106532508,6f9b2354-688d-479a-9f33-4ff12cc90882,2e4657553ff7486d84e1ae1c10a0d34c,USGS-10010100,62614,00003,2013-10-22,4194.01,ft,Approved,,2025-03-11 21:31:41.809573+00:00
-112.49690297112,41.2552106532508,6451f064-6c9b-4e01-b616-d575450d5e07,2e4657553ff7486d84e1ae1c10a0d34c,USGS-10010100,62614,00003,2013-10-21,4194.03,ft,Approved,,2025-03-11 21:31:41.809573+00:00
-112.49690297112,41.2552106532508,42c51580-265d-4f6a-be46-1ddab024fa44,2e4657553ff7486d84e1ae1c10a0d34c,USGS-10010100,62614,00003,2013-10-20,4194.03,ft,Approved,,2025-03-11 21:31:41.809573+00:00
-112.49690297112,41.2552106532508,6c2a8a0c-fb36-4033-a2c0-55098f052d98,2e4657553ff7486d84e1ae1c10a0d34c,USGS-10010100,62614,00003,2013-10-19,4194.00,ft,Approved,,2025-03-11 21:31:41.809573+00:00
-112.49690297112,41.2552106532508,9159cdcb-bf20-46e3-98cc-cc65a5e2a019,2e4657553ff7486d84e1ae1c10a0d34c,USGS-10010100,62614,00003,2013-10-18,4194.06,ft,Approved,,2025-03-11 21:31:41.809573+00:00
-112.49690297112,41.2552106532508,d8574caf-62de-4ca4-a38f-1fb3b88b686f,2e4657553ff7486d84e1ae1c10a0d34c,USGS-10010100,62614,00003,2013-10-17,4194.05,ft,Approved,,2025-03-11 21:31:41.809573+00:00
-112.49690297112,41.2552106532508,dd6190cc-f2c9-458e-bf45-3e08ca014277,2e4657553ff7486d84e1ae1c10a0d34c,USGS-10010100,62614,00003,2013-10-16,4194.04,ft,Approved,,2025-03-11 21:31:41.809573+00:00
-112.49690297112,41.2552106532508,31c7eb6b-6302-4038-aaba-32d749e3f7ca,2e4657553ff7486d84e1ae1c10a0d34c,USGS-10010100,62614,00003,2013-10-15,4194.10,ft,Approved,,2025-03-11 21:31:41.809573+00:00
-112.49690297112,41.2552106532508,45c3c37a-3126-4e4d-93b2-36a5f4b5d18f,2e4657553ff7486d84e1ae1c10a0d34c,USGS-10010100,62614,00003,2013-10-14,4194.14,ft,Approved,,2025-03-11 21:31:41.809573+00:00
-112.49690297112,41.2552106532508,5b030f22-bc13-4d26-b277-fabeb4bdf3a0,2e4657553ff7486d84e1ae1c10a0d34c,USGS-10010100,62614,00003,2013-10-13,4194.17,ft,Approved,,2025-03-11 21:31:41.809573+00:00
-112.49690297112,41.2552106532508,13122e92-f596-4775-b0c6-5448b29e8610,2e4657553ff7486d84e1ae1c10a0d34c,USGS-10010100,62614,00003,2013-10-12,4194.04,ft,Approved,,2025-03-11 21:31:41.809573+00:00
-112.49690297112,41.2552106532508,bb03b1ce-aab1-4d9c-839b-3ec96ca7bb2b,2e4657553ff7486d84e1ae1c10a0d34c,USGS-10010100,62614,00003,2013-10-11,4194.06,ft,Approved,,2025-03-11 21:31:41.809573+00:00
-112.49690297112,41.2552106532508,67ca8c85-f787-4105-973c-53b2e9e0cfcf,2e4657553ff7486d84e1ae1c10a0d34c,USGS-10010100,62614,00003,2013-10-10,4194.11,ft,Approved,,2025-03-11 21:31:41.809573+00:00
-112.49690297112,41.2552106532508,3ad667ba-5e75-4866-9ea1-76c3a6faff55,2e4657553ff7486d84e1ae1c10a0d34c,USGS-10010100,62614,00003,2013-10-09,4194.12,ft,Approved,,2025-03-11 21:31:41.809573+00:00
-112.49690297112,41.2552106532508,74d8a165-4ae8-4078-8219-a1b4b76fca59,2e4657553ff7486d84e1ae1c10a0d34c,USGS-10010100,62614,00003,2013-10-08,4194.14,ft,Approved,,2025-03-11 21:31:41.809573+00:00
-112.49690297112,41.2552106532508,c85ffa42-5a61-4c46-b815-c9573b93ea5c,2e4657553ff7486d84e1ae1c10a0d34c,USGS-10010100,62614,00003,2013-10-07,4194.10,ft,Approved,,2025-03-11 21:31:41.809573+00:00
-112.49690297112,41.2552106532508,90eb1aff-caf2-4250-9713-178db3092032,2e4657553ff7486d84e1ae1c10a0d34c,USGS-10010100,62614,00003,2013-10-06,4194.10,ft,Approved,,2025-03-11 21:31:41.809573+00:00
-112.49690297112,41.2552106532508,ef52ffdb-5239-4982-98e7-e8b35890f7e3,2e4657553ff7486d84e1ae1c10a0d34c,USGS-10010100,62614,00003,2013-10-05,4194.10,ft,Approved,,2025-03-11 21:31:41.809573+00:00
-112.49690297112,41.2552106532508,d8704004-0462-4312-a7f0-2c083ab43794,2e4657553ff7486d84e1ae1c10a0d34c,USGS-10010100,62614,00003,2013-10-04,4194.23,ft,Approved,,2025-03-11 21:31:41.809573+00:00
-112.49690297112,41.2552106532508,16ce95c6-6f99-4552-a1a5-cda71328a797,2e4657553ff7486d84e1ae1c10a0d34c,USGS-10010100,62614,00003,2013-10-03,4194.36,ft,Approved,,2025-03-11 21:31:41.809573+00:00
-112.49690297112,41.2552106532508,4d5ff013-d8fb-4109-8ce3-2d262a77656e,2e4657553ff7486d84e1ae1c10a0d34c,USGS-10010100,62614,00003,2013-10-02,4194.23,ft,Approved,,2025-03-11 21:31:41.809573+00:00
-112.49690297112,41.2552106532508,1edb977e-ce20-43c2-a53c-8b4bdd9617b8,2e4657553ff7486d84e1ae1c10a0d34c,USGS-10010100,62614,00003,2013-10-01,4194.19,ft,Approved,,2025-03-11 21:31:41.809573+00:00
-112.49690297112,41.2552106532508,933ef7dd-7b1a-4476-895a-d5bf24c39e8b,2e4657553ff7486d84e1ae1c10a0d34c,USGS-10010100,62614,00003,2013-09-30,4194.21,ft,Approved,,2025-03-11 21:31:41.809573+00:00
-112.49690297112,41.2552106532508,8530937f-33db-41e5-a752-3be7d723f103,2e4657553ff7486d84e1ae1c10a0d34c,USGS-10010100,62614,00003,2013-09-29,4194.15,ft,Approved,,2025-03-11 21:31:41.809573+00:00
-112.49690297112,41.2552106532508,64c678d7-67c9-4170-9caa-8baa4fbe8dd1,2e4657553ff7486d84e1ae1c10a0d34c,USGS-10010100,62614,00003,2013-09-28,4194.14,ft,Approved,,2025-03-11 21:31:41.809573+00:00
-112.49690297112,41.2552106532508,cdd8a551-cee7-4ab9-afea-f287b7cbb1c4,2e4657553ff7486d84e1ae1c10a0d34c,USGS-10010100,62614,00003,2013-09-27,4194.25,ft,Approved,,2025-03-11 21:31:41.809573+00:00
-112.49690297112,41.2552106532508,ade2bfaa-f4ad-4a3a-abc9-271a550efbe6,2e4657553ff7486d84e1ae1c10a0d34c,USGS-10010100,62614,00003,2013-09-26,4194.23,ft,Approved,,2025-03-11 21:31:41.809573+00:00
-112.49690297112,41.2552106532508,8001e159-98cd-4872-a57d-02ac30da9a26,2e4657553ff7486d84e1ae1c10a0d34c,USGS-10010100,62614,00003,2013-09-25,4194.38,ft,Approved,,2025-03-11 21:31:41.809573+00:00
-112.49690297112,41.2552106532508,915da143-e84b-436d-822a-843bc53a23df,2e4657553ff7486d84e1ae1c10a0d34c,USGS-10010100,62614,00003,2013-09-24,4194.29,ft,Approved,,2025-03-11 21:31:41.809573+00:00
-112.49690297112,41.2552106532508,3859e480-d996-4d84-9a40-b1a18247e0cc,2e4657553ff7486d84e1ae1c10a0d34c,USGS-10010100,62614,00003,2013-09-23,4194.29,ft,Approved,,2025-03-11 21:31:41.809573+00:00
-112.49690297112,41.2552106532508,ac16ba1f-4a83-42f9-afc6-a6c2599a9cf1,2e4657553ff7486d84e1ae1c10a0d34c,USGS-10010100,62614,00003,2013-09-22,4194.48,ft,Approved,,2025-03-11 21:31:41.809573+00:00
-112.49690297112,41.2552106532508,08ea698c-dd09-434a-b194-30a1bf0da6a7,2e4657553ff7486d84e1ae1c10a0d34c,USGS-10010100,62614,00003,2013-09-21,4194.30,ft,Approved,,2025-03-11 21:31:41.809573+00:00
-112.49690297112,41.2552106532508,a6d2ee0c-e2af-4b8a-aa5b-b84a11a4b003,2e4657553ff7486d84e1ae1c10a0d34c,USGS-10010100,62614,00003,2013-09-20,4194.38,ft,Approved,,2025-03-11 21:31:41.809573+00:00
-112.49690297112,41.2552106532508,9e36dbe3-cc5d-45e6-ba16-5773ae32b0f1,2e4657553ff7486d84e1ae1c10a0d34c,USGS-10010100,62614,00003,2013-09-19,4194.40,ft,Approved,,2025-03-11 21:31:41.809573+00:00
-112.49690297112,41.2552106532508,a87b595b-5082-4f25-912c-9d6384002115,2e4657553ff7486d84e1ae1c10a0d34c,USGS-10010100,62614,00003,2013-09-18,4194.50,ft,Approved,,2025-03-11 21:31:41.809573+00:00
-112.49690297112,41.2552106532508,3b9b6856-d9a5-4996-8651-28b34c5e1562,2e4657553ff7486d84e1ae1c10a0d34c,USGS-10010100,62614,00003,2013-09-17,4194.41,ft,Approved,,2025-03-11 21:31:41.809573+00:00
-112.49690297112,41.2552106532508,166c5930-cc0f-494b-a290-b002a5d4cc4a,2e4657553ff7486d84e1ae1c10a0d34c,USGS-10010100,62614,00003,2013-09-16,4194.38,ft,Approved,,2025-03-11 21:31:41.809573+00:00
-112.49690297112,41.2552106532508,0277217d-48b0-4924-b552-1be92ed78f55,2e4657553ff7486d84e1ae1c10a0d34c,USGS-10010100,62614,00003,2013-09-15,4194.41,ft,Approved,,2025-03-11 21:31:41.809573+00:00
-112.49690297112,41.2552106532508,c2246ac1-a171-4782-958b-2c02a19f096c,2e4657553ff7486d84e1ae1c10a0d34c,USGS-10010100,62614,00003,2013-09-14,4194.41,ft,Approved,,2025-03-11 21:31:41.809573+00:00
-112.49690297112,41.2552106532508,6dcbdeb0-41e5-4f3a-b549-5551c7f7abae,2e4657553ff7486d84e1ae1c10a0d34c,USGS-10010100,62614,00003,2013-09-13,4194.40,ft,Approved,,2025-03-11 21:31:41.809573+00:00
-112.49690297112,41.2552106532508,968ceed8-7371-407d-bc97-0d45232e01f6,2e4657553ff7486d84e1ae1c10a0d34c,USGS-10010100,62614,00003,2013-09-12,4194.36,ft,Approved,,2025-03-11 21:31:41.809573+00:00
-112.49690297112,41.2552106532508,18dc60a8-93a3-45a4-ae82-c9fb458e1e4c,2e4657553ff7486d84e1ae1c10a0d34c,USGS-10010100,62614,00003,2013-09-11,4194.36,ft,Approved,,2025-03-11 21:31:41.809573+00:00
-112.49690297112,41.2552106532508,e4fe95fd-37d1-4c1d-b874-993f9be22f12,2e4657553ff7486d84e1ae1c10a0d34c,USGS-10010100,62614,00003,2013-09-10,4194.46,ft,Approved,,2025-03-11 21:31:41.809573+00:00
-112.49690297112,41.2552106532508,a9bb93b7-fcae-4f42-9468-ee995830fa37,2e4657553ff7486d84e1ae1c10a0d34c,USGS-10010100,62614,00003,2013-09-09,4194.50,ft,Approved,,2025-03-11 21:31:41.809573+00:00
-112.49690297112,41.2552106532508,9ebf2bd8-573c-4834-a7dd-16727a2845a3,2e4657553ff7486d84e1ae1c10a0d34c,USGS-10010100,62614,00003,2013-09-08,4194.40,ft,Approved,,2025-03-11 21:31:41.809573+00:00
-112.49690297112,41.2552106532508,3a961d88-f725-418b-ab76-7fba7870925c,2e4657553ff7486d84e1ae1c10a0d34c,USGS-10010100,62614,00003,2013-09-07,4194.46,ft,Approved,,2025-03-11 21:31:41.809573+00:00
-112.49690297112,41.2552106532508,41c3f8f7-e930-49e1-8bc9-49b5eaf76c31,2e4657553ff7486d84e1ae1c10a0d34c,USGS-10010100,62614,00003,2013-09-06,4194.53,ft,Approved,,2025-03-11 21:31:41.809573+00:00
-112.49690297112,41.2552106532508,841ca7e0-460e-4832-92c9-a9bcad7676f8,2e4657553ff7486d84e1ae1c10a0d34c,USGS-10010100,62614,00003,2013-09-05,4194.52,ft,Approved,,2025-03-11 21:31:41.809573+00:00
-112.49690297112,41.2552106532508,e8870144-b5ad-4911-a473-b8f90051569e,2e4657553ff7486d84e1ae1c10a0d34c,USGS-10010100,62614,00003,2013-09-04,4194.53,ft,Approved,,2025-03-11 21:31:41.809573+00:00
-112.49690297112,41.2552106532508,57af2302-4278-4712-948b-0a03279b9b9c,2e4657553ff7486d84e1ae1c10a0d34c,USGS-10010100,62614,00003,2013-09-03,4194.56,ft,Approved,,2025-03-11 21:31:41.809573+00:00
-112.49690297112,41.2552106532508,e12cabf2-0fdd-4221-b414-1989367f1172,2e4657553ff7486d84e1ae1c10a0d34c,USGS-10010100,62614,00003,2013-09-02,4194.52,ft,Approved,,2025-03-11 21:31:41.809573+00:00
-112.49690297112,41.2552106532508,71deff1d-2821-4d81-9471-dc8d3c0b7e57,2e4657553ff7486d84e1ae1c10a0d34c,USGS-10010100,62614,00003,2013-09-01,4194.50,ft,Approved,,2025-03-11 21:31:41.809573+00:00
-112.49690297112,41.2552106532508,1733e0ad-0f54-4f93-bac6-27abeb0e90c1,2e4657553ff7486d84e1ae1c10a0d34c,USGS-10010100,62614,00003,2013-08-31,4194.52,ft,Approved,,2025-03-11 21:31:41.809573+00:00
-112.49690297112,41.2552106532508,640625ab-838a-4e85-b862-3697af882f8a,2e4657553ff7486d84e1ae1c10a0d34c,USGS-10010100,62614,00003,2013-08-30,4194.53,ft,Approved,,2025-03-11 21:31:41.809573+00:00
-112.49690297112,41.2552106532508,fb72fb71-eb2e-4030-bf86-7f0508b0d7d6,2e4657553ff7486d84e1ae1c10a0d34c,USGS-10010100,62614,00003,2013-08-29,4194.52,ft,Approved,,2025-03-11 21:31:41.809573+00:00
-112.49690297112,41.2552106532508,22fd4e7c-72b2-4cd8-b334-6b3fb8195033,2e4657553ff7486d84e1ae1c10a0d34c,USGS-10010100,62614,00003,2013-08-28,4194.51,ft,Approved,,2025-03-11 21:31:41.809573+00:00
-112.49690297112,41.2552106532508,05b2b885-df99-45f2-a31b-d5dfe1ebfdea,2e4657553ff7486d84e1ae1c10a0d34c,USGS-10010100,62614,00003,2013-08-27,4194.50,ft,Approved,,2025-03-11 21:31:41.809573+00:00
-112.49690297112,41.2552106532508,ba48472c-369b-42a3-8e8b-18dc31c396b5,2e4657553ff7486d84e1ae1c10a0d34c,USGS-10010100,62614,00003,2013-08-26,4194.51,ft,Approved,,2025-03-11 21:31:41.809573+00:00
-112.49690297112,41.2552106532508,447a000e-42db-48c6-b534-b21a182db57d,2e4657553ff7486d84e1ae1c10a0d34c,USGS-10010100,62614,00003,2013-08-25,4194.58,ft,Approved,,2025-03-11 21:31:41.809573+00:00
-112.49690297112,41.2552106532508,7ad6dbb2-b9fd-4ac5-8fa6-e4d7556bdb80,2e4657553ff7486d84e1ae1c10a0d34c,USGS-10010100,62614,00003,2013-08-24,4194.54,ft,Approved,,2025-03-11 21:31:41.809573+00:00
-112.49690297112,41.2552106532508,b2ee7bf1-7b85-46fc-a23e-7d1d8da0146e,2e4657553ff7486d84e1ae1c10a0d34c,USGS-10010100,62614,00003,2013-08-23,4194.52,ft,Approved,,2025-03-11 21:31:41.809573+00:00
-112.49690297112,41.2552106532508,183f6f55-910f-4b4f-a26a-60964852759b,2e4657553ff7486d84e1ae1c10a0d34c,USGS-10010100,62614,00003,2013-08-22,4194.63,ft,Approved,,2025-03-11 21:31:41.809573+00:00
-112.49690297112,41.2552106532508,60c55aca-4c98-42c6-97b6-66ca72d5c7cb,2e4657553ff7486d84e1ae1c10a0d34c,USGS-10010100,62614,00003,2013-08-21,4194.67,ft,Approved,,2025-03-11 21:31:41.809573+00:00
-112.49690297112,41.2552106532508,ee0cd12e-fb23-41f9-8753-ffa9a2af9178,2e4657553ff7486d84e1ae1c10a0d34c,USGS-10010100,62614,00003,2013-08-20,4194.66,ft,Approved,,2025-03-11 21:31:41.809573+00:00
-112.49690297112,41.2552106532508,cfc635bc-12e1-4789-9cf4-1dabb675e230,2e4657553ff7486d84e1ae1c10a0d34c,USGS-10010100,62614,00003,2013-08-19,4194.69,ft,Approved,,2025-03-11 21:31:41.809573+00:00
-112.49690297112,41.2552106532508,e7ac0130-4f2d-4575-9589-8631f3b97259,2e4657553ff7486d84e1ae1c10a0d34c,USGS-10010100,62614,00003,2013-08-18,4194.67,ft,Approved,,2025-03-11 21:31:41.809573+00:00
-112.49690297112,41.2552106532508,c726c58f-4c04-4efb-a631-321d1887734f,2e4657553ff7486d84e1ae1c10a0d34c,USGS-10010100,62614,00003,2013-08-17,4194.66,ft,Approved,,2025-03-11 21:31:41.809573+00:00
-112.49690297112,41.2552106532508,06b8715d-ba8c-4508-b308-43a0b64393a4,2e4657553ff7486d84e1ae1c10a0d34c,USGS-10010100,62614,00003,2013-08-16,4194.70,ft,Approved,,2025-03-11 21:31:41.809573+00:00
-112.49690297112,41.2552106532508,a99afa70-391b-484d-8818-a372c1187cba,2e4657553ff7486d84e1ae1c10a0d34c,USGS-10010100,62614,00003,2013-08-15,4194.72,ft,Approved,,2025-03-11 21:31:41.809573+00:00
-112.49690297112,41.2552106532508,01a585a1-7c50-44f4-abdd-b55503d8e0c1,2e4657553ff7486d84e1ae1c10a0d34c,USGS-10010100,62614,00003,2013-08-14,4194.74,ft,Approved,,2025-03-11 21:31:41.809573+00:00
-112.49690297112,41.2552106532508,3c7ae7bf-8718-4a3e-9c0a-e13605efd19d,2e4657553ff7486d84e1ae1c10a0d34c,USGS-10010100,62614,00003,2013-08-13,4194.72,ft,Approved,,2025-03-11 21:31:41.809573+00:00
-112.49690297112,41.2552106532508,cb687b1f-4be3-43d7-8641-85c9e8bd07fc,2e4657553ff7486d84e1ae1c10a0d34c,USGS-10010100,62614,00003,2013-08-12,4194.71,ft,Approved,,2025-03-11 21:31:41.809573+00:00
-112.49690297112,41.2552106532508,99131781-dc4f-4dad-9154-6b569ca9d3cb,2e4657553ff7486d84e1ae1c10a0d34c,USGS-10010100,62614,00003,2013-08-11,4194.77,ft,Approved,,2025-03-11 21:31:41.809573+00:00
-112.49690297112,41.2552106532508,bdbe42b0-461e-4659-b776-a2168718a56b,2e4657553ff7486d84e1ae1c10a0d34c,USGS-10010100,62614,00003,2013-08-10,4194.75,ft,Approved,,2025-03-11 21:31:41.809573+00:00
-112.49690297112,41.2552106532508,830da61d-a2fb-488d-af02-a18da3ed4032,2e4657553ff7486d84e1ae1c10a0d34c,USGS-10010100,62614,00003,2013-08-09,4194.76,ft,Approved,,2025-03-11 21:31:41.809573+00:00
-112.49690297112,41.2552106532508,c5e70b34-4e52-4f36-a9df-82102361e1b3,2e4657553ff7486d84e1ae1c10a0d34c,USGS-10010100,62614,00003,2013-08-08,4194.81,ft,Approved,,2025-03-11 21:31:41.809573+00:00
-112.49690297112,41.2552106532508,72ff8e33-1a28-4df1-8b62-9ff0fc062e9f,2e4657553ff7486d84e1ae1c10a0d34c,USGS-10010100,62614,00003,2013-08-07,4194.90,ft,Approved,,2025-03-11 21:31:41.809573+00:00
-112.49690297112,41.2552106532508,bc2e8436-2717-42bd-8b91-af9ab909d9f5,2e4657553ff7486d84e1ae1c10a0d34c,USGS-10010100,62614,00003,2013-08-06,4194.95,ft,Approved,,2025-03-11 21:31:41.809573+00:00
-112.49690297112,41.2552106532508,fad29bc5-0db8-4d20-9fbf-2c98ac32606f,2e4657553ff7486d84e1ae1c10a0d34c,USGS-10010100,62614,00003,2013-08-05,4194.91,ft,Approved,,2025-03-11 21:31:41.809573+00:00
-112.49690297112,41.2552106532508,0199d619-b929-4811-9b49-eb1dfbacb67a,2e4657553ff7486d84e1ae1c10a0d34c,USGS-10010100,62614,00003,2013-08-04,4194.95,ft,Approved,,2025-03-11 21:31:41.809573+00:00
-112.49690297112,41.2552106532508,bddea60d-fd18-4778-bc7c-38a80c509dca,2e4657553ff7486d84e1ae1c10a0d34c,USGS-10010100,62614,00003,2013-08-03,4195.02,ft,Approved,,2025-03-11 21:31:41.809573+00:00
-112.49690297112,41.2552106532508,388b82ea-5750-479e-a0a1-e3a928d622a5,2e4657553ff7486d84e1ae1c10a0d34c,USGS-10010100,62614,00003,2013-08-02,4195.05,ft,Approved,,2025-03-11 21:31:41.809573+00:00
-112.49690297112,41.2552106532508,c68f03e4-42e5-4561-b68c-42f9b68f907c,2e4657553ff7486d84e1ae1c10a0d34c,USGS-10010100,62614,00003,2013-08-01,4195.04,ft,Approved,,2025-03-11 21:31:41.809573+00:00
-112.49690297112,41.2552106532508,6786be6e-5419-4bde-b6fd-244c64565738,2e4657553ff7486d84e1ae1c10a0d34c,USGS-10010100,62614,00003,2013-07-31,4195.02,ft,Approved,,2025-03-11 21:31:41.809573+00:00
-112.49690297112,41.2552106532508,8ec525b8-f943-4232-9115-82009c7a2595,2e4657553ff7486d84e1ae1c10a0d34c,USGS-10010100,62614,00003,2013-07-30,4195.05,ft,Approved,,2025-03-11 21:31:41.809573+00:00
-112.49690297112,41.2552106532508,a73b4045-8301-4438-8e46-9bbdab459e0f,2e4657553ff7486d84e1ae1c10a0d34c,USGS-10010100,62614,00003,2013-07-29,4195.05,ft,Approved,,2025-03-11 21:31:41.809573+00:00
-112.49690297112,41.2552106532508,eb09b9bd-ba83-4a27-9499-5ab596866803,2e4657553ff7486d84e1ae1c10a0d34c,USGS-10010100,62614,00003,2013-07-28,4195.08,ft,Approved,,2025-03-11 21:31:41.809573+00:00
-112.49690297112,41.2552106532508,483ec65e-151a-488b-9fe9-0b19e22ba97d,2e4657553ff7486d84e1ae1c10a0d34c,USGS-10010100,62614,00003,2013-07-27,4195.17,ft,Approved,,2025-03-11 21:31:41.809573+00:00
-112.49690297112,41.2552106532508,2a5ff1ba-808e-4630-85fb-729ebb9458d7,2e4657553ff7486d84e1ae1c10a0d34c,USGS-10010100,62614,00003,2013-07-26,4195.15,ft,Approved,,2025-03-11 21:31:41.809573+00:00
-112.49690297112,41.2552106532508,41b8fcc3-50fb-47d0-9c1f-400b9f66d8fb,2e4657553ff7486d84e1ae1c10a0d34c,USGS-10010100,62614,00003,2013-07-25,4195.20,ft,Approved,,2025-03-11 21:31:41.809573+00:00
-112.49690297112,41.2552106532508,57fbf379-5b4c-405c-a496-a6d0cbd8ba9e,2e4657553ff7486d84e1ae1c10a0d34c,USGS-10010100,62614,00003,2013-07-24,4195.21,ft,Approved,,2025-03-11 21:31:41.809573+00:00
-112.49690297112,41.2552106532508,7e336cd7-edc2-4cd0-acf7-6b52749f7dc7,2e4657553ff7486d84e1ae1c10a0d34c,USGS-10010100,62614,00003,2013-07-23,4195.22,ft,Approved,,2025-03-11 21:31:41.809573+00:00
-112.49690297112,41.2552106532508,4b20ef7a-79b6-4257-a623-24ddb312719f,2e4657553ff7486d84e1ae1c10a0d34c,USGS-10010100,62614,00003,2013-07-22,4195.23,ft,Approved,,2025-03-11 21:31:41.809573+00:00
-112.49690297112,41.2552106532508,5fa7c920-2292-4cc0-81f8-20f831e0940f,2e4657553ff7486d84e1ae1c10a0d34c,USGS-10010100,62614,00003,2013-07-21,4195.24,ft,Approved,,2025-03-11 21:31:41.809573+00:00
-112.49690297112,41.2552106532508,27e1a8b6-d9c2-432a-aa5f-1066a794fc75,2e4657553ff7486d84e1ae1c10a0d34c,USGS-10010100,62614,00003,2013-07-20,4195.26,ft,Approved,,2025-03-11 21:31:41.809573+00:00
-112.49690297112,41.2552106532508,571f5a43-9aa7-4763-93ab-351a2eef2cf5,2e4657553ff7486d84e1ae1c10a0d34c,USGS-10010100,62614,00003,2013-07-19,4195.28,ft,Approved,,2025-03-11 21:31:41.809573+00:00
-112.49690297112,41.2552106532508,19c83b69-d320-4b7f-8293-802ef816c52f,2e4657553ff7486d84e1ae1c10a0d34c,USGS-10010100,62614,00003,2013-07-18,4195.28,ft,Approved,,2025-03-11 21:31:41.809573+00:00
-112.49690297112,41.2552106532508,191ce3b1-9a9d-41b2-b467-d1c1768cc2e1,2e4657553ff7486d84e1ae1c10a0d34c,USGS-10010100,62614,00003,2013-07-17,4195.24,ft,Approved,,2025-03-11 21:31:41.809573+00:00
-112.49690297112,41.2552106532508,820683bf-decb-4e61-af6d-f6ce9460a6e4,2e4657553ff7486d84e1ae1c10a0d34c,USGS-10010100,62614,00003,2013-07-16,4195.16,ft,Approved,,2025-03-11 21:31:41.809573+00:00
-112.49690297112,41.2552106532508,2e27bcc8-8390-4a2e-80c5-805f1156607c,2e4657553ff7486d84e1ae1c10a0d34c,USGS-10010100,62614,00003,2013-07-15,4195.35,ft,Approved,,2025-03-11 21:31:41.809573+00:00
-112.49690297112,41.2552106532508,5bcf12d2-f963-4c50-8b44-e917231364db,2e4657553ff7486d84e1ae1c10a0d34c,USGS-10010100,62614,00003,2013-07-14,4195.35,ft,Approved,,2025-03-11 21:31:41.809573+00:00
-112.49690297112,41.2552106532508,1c1b7899-9f0f-4a24-8601-b110d63ee1d9,2e4657553ff7486d84e1ae1c10a0d34c,USGS-10010100,62614,00003,2013-07-13,4195.30,ft,Approved,,2025-03-11 21:31:41.809573+00:00
-112.49690297112,41.2552106532508,97bba133-eb60-4cef-a3d5-459dd0c9d794,2e4657553ff7486d84e1ae1c10a0d34c,USGS-10010100,62614,00003,2013-07-12,4195.32,ft,Approved,,2025-03-11 21:31:41.809573+00:00
-112.49690297112,41.2552106532508,c68207f8-d44f-4959-8a53-4f77be352625,2e4657553ff7486d84e1ae1c10a0d34c,USGS-10010100,62614,00003,2013-07-11,4195.48,ft,Approved,,2025-03-11 21:31:41.809573+00:00
-112.49690297112,41.2552106532508,00d15248-0f48-4051-b3b9-d832366eced3,2e4657553ff7486d84e1ae1c10a0d34c,USGS-10010100,62614,00003,2013-07-10,4195.41,ft,Approved,,2025-03-11 21:31:41.809573+00:00
-112.49690297112,41.2552106532508,59fc6e96-f0ff-4ed2-9661-2b59f8ed8584,2e4657553ff7486d84e1ae1c10a0d34c,USGS-10010100,62614,00003,2013-07-09,4195.43,ft,Approved,,2025-03-11 21:31:41.809573+00:00
-112.49690297112,41.2552106532508,22a9e3b6-b598-4afe-97d7-3f197bcbd110,2e4657553ff7486d84e1ae1c10a0d34c,USGS-10010100,62614,00003,2013-07-08,4195.41,ft,Approved,,2025-03-11 21:31:41.809573+00:00
-112.49690297112,41.2552106532508,ed3a5b8b-7cd2-4b71-86b3-4513522f82e6,2e4657553ff7486d84e1ae1c10a0d34c,USGS-10010100,62614,00003,2013-07-07,4195.36,ft,Approved,,2025-03-11 21:31:41.809573+00:00
-112.49690297112,41.2552106532508,5cc0a484-e583-4c9e-8e88-8ca62b3d1a6e,2e4657553ff7486d84e1ae1c10a0d34c,USGS-10010100,62614,00003,2013-07-06,4195.39,ft,Approved,,2025-03-11 21:31:41.809573+00:00
-112.49690297112,41.2552106532508,ce13bb8e-8b88-4312-ac02-b5d627f7fa94,2e4657553ff7486d84e1ae1c10a0d34c,USGS-10010100,62614,00003,2013-07-05,4195.48,ft,Approved,,2025-03-11 21:31:41.809573+00:00
-112.49690297112,41.2552106532508,949f4c3e-2d53-429a-8a74-b126d366a377,2e4657553ff7486d84e1ae1c10a0d34c,USGS-10010100,62614,00003,2013-07-04,4195.44,ft,Approved,,2025-03-11 21:31:41.809573+00:00
-112.49690297112,41.2552106532508,88a44e1f-3d1c-48d9-983e-e09c8bda8b77,2e4657553ff7486d84e1ae1c10a0d34c,USGS-10010100,62614,00003,2013-07-03,4195.52,ft,Approved,,2025-03-11 21:31:41.809573+00:00
-112.49690297112,41.2552106532508,605a6bcb-60c1-4f88-ae12-0562d0510b87,2e4657553ff7486d84e1ae1c10a0d34c,USGS-10010100,62614,00003,2013-07-02,4195.53,ft,Approved,,2025-03-11 21:31:41.809573+00:00
-112.49690297112,41.2552106532508,20251f2b-b065-430c-a02b-9b6c36cd9930,2e4657553ff7486d84e1ae1c10a0d34c,USGS-10010100,62614,00003,2013-07-01,4195.52,ft,Approved,,2025-03-11 21:31:41.809573+00:00
-112.49690297112,41.2552106532508,877d61f2-8cbf-4742-9794-8021f1680089,2e4657553ff7486d84e1ae1c10a0d34c,USGS-10010100,62614,00003,2013-06-30,4195.49,ft,Approved,,2025-03-11 21:31:41.809573+00:00
-112.49690297112,41.2552106532508,00dc2b9f-1812-43ea-aa9f-7ae9c1346522,2e4657553ff7486d84e1ae1c10a0d34c,USGS-10010100,62614,00003,2013-06-29,4195.56,ft,Approved,,2025-03-11 21:31:41.809573+00:00
-112.49690297112,41.2552106532508,64904e22-8b47-4ec7-98de-ea13baf6f208,2e4657553ff7486d84e1ae1c10a0d34c,USGS-10010100,62614,00003,2013-06-28,4195.59,ft,Approved,,2025-03-11 21:31:41.809573+00:00
-112.49690297112,41.2552106532508,5420f169-2baa-4ffc-9266-f2b60c4664b4,2e4657553ff7486d84e1ae1c10a0d34c,USGS-10010100,62614,00003,2013-06-27,4195.58,ft,Approved,,2025-03-11 21:31:41.809573+00:00
-112.49690297112,41.2552106532508,70d5909a-cb5e-40e1-b8d9-acea8b9dbbd7,2e4657553ff7486d84e1ae1c10a0d34c,USGS-10010100,62614,00003,2013-06-26,4195.59,ft,Approved,,2025-03-11 21:31:41.809573+00:00
-112.49690297112,41.2552106532508,a8ec319d-0548-479a-b668-57d3e54a6dc9,2e4657553ff7486d84e1ae1c10a0d34c,USGS-10010100,62614,00003,2013-06-25,4195.56,ft,Approved,,2025-03-11 21:31:41.809573+00:00
-112.49690297112,41.2552106532508,602db37b-e470-49dd-8dd7-8755c743f16d,2e4657553ff7486d84e1ae1c10a0d34c,USGS-10010100,62614,00003,2013-06-24,4195.63,ft,Approved,,2025-03-11 21:31:41.809573+00:00
-112.49690297112,41.2552106532508,1800ddc4-54a6-42a9-b5d2-6c744c5a1887,2e4657553ff7486d84e1ae1c10a0d34c,USGS-10010100,62614,00003,2013-06-23,4195.58,ft,Approved,,2025-03-11 21:31:41.809573+00:00
-112.49690297112,41.2552106532508,fef66bd9-3afa-4310-b45c-5edcfed0a339,2e4657553ff7486d84e1ae1c10a0d34c,USGS-10010100,62614,00003,2013-06-22,4195.67,ft,Approved,,2025-03-11 21:31:41.809573+00:00
-112.49690297112,41.2552106532508,9cf13a3e-8ace-4240-ad56-d0a7aab0d9e7,2e4657553ff7486d84e1ae1c10a0d34c,USGS-10010100,62614,00003,2013-06-21,4195.79,ft,Approved,,2025-03-11 21:31:41.809573+00:00
-112.49690297112,41.2552106532508,42b19ed6-0c20-4e1c-86c8-f40d75c2276e,2e4657553ff7486d84e1ae1c10a0d34c,USGS-10010100,62614,00003,2013-06-20,4195.70,ft,Approved,,2025-03-11 21:31:41.809573+00:00
-112.49690297112,41.2552106532508,a18a1500-7469-4b62-b886-8fa9f3387e28,2e4657553ff7486d84e1ae1c10a0d34c,USGS-10010100,62614,00003,2013-06-19,4195.92,ft,Approved,,2025-03-11 21:31:41.809573+00:00
-112.49690297112,41.2552106532508,756e7873-cf54-4472-bd94-8528579ae547,2e4657553ff7486d84e1ae1c10a0d34c,USGS-10010100,62614,00003,2013-06-18,4195.73,ft,Approved,,2025-03-11 21:31:41.809573+00:00
-112.49690297112,41.2552106532508,21a2ea5a-7b05-45c4-832b-9895157446b6,2e4657553ff7486d84e1ae1c10a0d34c,USGS-10010100,62614,00003,2013-06-17,4195.78,ft,Approved,,2025-03-11 21:31:41.809573+00:00
-112.49690297112,41.2552106532508,1437ffac-36fe-4648-9cc3-1b90bde14a0f,2e4657553ff7486d84e1ae1c10a0d34c,USGS-10010100,62614,00003,2013-06-16,4195.78,ft,Approved,,2025-03-11 21:31:41.809573+00:00
-112.49690297112,41.2552106532508,762643a3-41b9-4d2b-9c70-b0094f405134,2e4657553ff7486d84e1ae1c10a0d34c,USGS-10010100,62614,00003,2013-06-15,4195.81,ft,Approved,,2025-03-11 21:31:41.809573+00:00
-112.49690297112,41.2552106532508,e601b3f0-2fc2-4678-ba39-b1cf3b084a9f,2e4657553ff7486d84e1ae1c10a0d34c,USGS-10010100,62614,00003,2013-06-14,4195.90,ft,Approved,,2025-03-11 21:31:41.809573+00:00
-112.49690297112,41.2552106532508,50024724-7480-4f8c-9313-01c2e5dd1bc1,2e4657553ff7486d84e1ae1c10a0d34c,USGS-10010100,62614,00003,2013-06-13,4195.93,ft,Approved,,2025-03-11 21:31:41.809573+00:00
-112.49690297112,41.2552106532508,a6d3c88c-04df-4546-9f10-b42bf212bf65,2e4657553ff7486d84e1ae1c10a0d34c,USGS-10010100,62614,00003,2013-06-12,4195.88,ft,Approved,,2025-03-11 21:31:41.809573+00:00
-112.49690297112,41.2552106532508,f79f5b7e-b174-4cb9-8567-8e13270410c4,2e4657553ff7486d84e1ae1c10a0d34c,USGS-10010100,62614,00003,2013-06-11,4195.86,ft,Approved,,2025-03-11 21:31:41.809573+00:00
-112.49690297112,41.2552106532508,2a419cb3-38d5-432a-94a0-04ccd87f348e,2e4657553ff7486d84e1ae1c10a0d34c,USGS-10010100,62614,00003,2013-06-10,4195.86,ft,Approved,,2025-03-11 21:31:41.809573+00:00
-112.49690297112,41.2552106532508,525b246e-61b6-4297-8e50-81355c4ab0c6,2e4657553ff7486d84e1ae1c10a0d34c,USGS-10010100,62614,00003,2013-06-09,4195.89,ft,Approved,,2025-03-11 21:31:41.809573+00:00
-112.49690297112,41.2552106532508,9f1706f5-e36e-4839-b257-74cdbe16e24c,2e4657553ff7486d84e1ae1c10a0d34c,USGS-10010100,62614,00003,2013-06-08,4195.94,ft,Approved,,2025-03-11 21:31:41.809573+00:00
-112.49690297112,41.2552106532508,6169ad5c-5d99-4efe-a370-2e4568e3865a,2e4657553ff7486d84e1ae1c10a0d34c,USGS-10010100,62614,00003,2013-06-07,4195.90,ft,Approved,,2025-03-11 21:31:41.809573+00:00
-112.49690297112,41.2552106532508,f7aea359-3617-4432-8379-0714e39f3522,2e4657553ff7486d84e1ae1c10a0d34c,USGS-10010100,62614,00003,2013-06-06,4195.91,ft,Approved,,2025-03-11 21:31:41.809573+00:00
-112.49690297112,41.2552106532508,c5e27993-cebc-484b-883e-88d761647467,2e4657553ff7486d84e1ae1c10a0d34c,USGS-10010100,62614,00003,2013-06-05,4195.94,ft,Approved,,2025-03-11 21:31:41.809573+00:00
-112.49690297112,41.2552106532508,41b51990-e24d-4d88-a8fd-cef7fd603250,2e4657553ff7486d84e1ae1c10a0d34c,USGS-10010100,62614,00003,2013-06-04,4195.96,ft,Approved,,2025-03-11 21:31:41.809573+00:00
-112.49690297112,41.2552106532508,88c75b59-1bef-4dd4-a098-a824b73df963,2e4657553ff7486d84e1ae1c10a0d34c,USGS-10010100,62614,00003,2013-06-03,4195.97,ft,Approved,,2025-03-11 21:31:41.809573+00:00
-112.49690297112,41.2552106532508,c5cc627e-6f86-419a-a60a-69bfcf0e3c81,2e4657553ff7486d84e1ae1c10a0d34c,USGS-10010100,62614,00003,2013-06-02,4196.02,ft,Approved,,2025-03-11 21:31:41.809573+00:00
-112.49690297112,41.2552106532508,5414d76f-29f2-4945-b4e9-31c446e8495b,2e4657553ff7486d84e1ae1c10a0d34c,USGS-10010100,62614,00003,2013-06-01,4195.99,ft,Approved,,2025-03-11 21:31:41.809573+00:00
-112.49690297112,41.2552106532508,41799526-177c-4040-9583-f2da1308f3da,2e4657553ff7486d84e1ae1c10a0d34c,USGS-10010100,62614,00003,2013-05-31,4196.01,ft,Approved,,2025-03-11 21:31:41.809573+00:00
-112.49690297112,41.2552106532508,4ecaf18a-f03c-4744-90c2-2f2adacba293,2e4657553ff7486d84e1ae1c10a0d34c,USGS-10010100,62614,00003,2013-05-30,4196.03,ft,Approved,,2025-03-11 21:31:41.809573+00:00
-112.49690297112,41.2552106532508,21f9a7ac-5469-4044-8ec7-3965634a38ef,2e4657553ff7486d84e1ae1c10a0d34c,USGS-10010100,62614,00003,2013-05-29,4196.05,ft,Approved,,2025-03-11 21:31:41.809573+00:00
-112.49690297112,41.2552106532508,58f2eee8-07cc-4633-9e97-af884f22eeba,2e4657553ff7486d84e1ae1c10a0d34c,USGS-10010100,62614,00003,2013-05-28,4196.04,ft,Approved,,2025-03-11 21:31:41.809573+00:00
-112.49690297112,41.2552106532508,c9d3640a-e8a2-4631-9334-4203248e8c48,2e4657553ff7486d84e1ae1c10a0d34c,USGS-10010100,62614,00003,2013-05-27,4196.12,ft,Approved,,2025-03-11 21:31:41.809573+00:00
-112.49690297112,41.2552106532508,40018dba-9a60-4553-81f4-d4b4a87d8962,2e4657553ff7486d84e1ae1c10a0d34c,USGS-10010100,62614,00003,2013-05-26,4196.06,ft,Approved,,2025-03-11 21:31:41.809573+00:00
-112.49690297112,41.2552106532508,dd3f4897-9d39-4f5c-a3b8-d71d97a75f72,2e4657553ff7486d84e1ae1c10a0d34c,USGS-10010100,62614,00003,2013-05-25,4196.05,ft,Approved,,2025-03-11 21:31:41.809573+00:00
-112.49690297112,41.2552106532508,9a03535f-393c-4811-9777-5f7e9223b10c,2e4657553ff7486d84e1ae1c10a0d34c,USGS-10010100,62614,00003,2013-05-24,4196.05,ft,Approved,,2025-03-11 21:31:41.809573+00:00
-112.49690297112,41.2552106532508,18f6be74-6240-43b0-b27b-2d573eae7dbc,2e4657553ff7486d84e1ae1c10a0d34c,USGS-10010100,62614,00003,2013-05-23,4196.15,ft,Approved,,2025-03-11 21:31:41.809573+00:00
-112.49690297112,41.2552106532508,1234948d-890d-42fa-bf14-ff7fdef72d31,2e4657553ff7486d84e1ae1c10a0d34c,USGS-10010100,62614,00003,2013-05-22,4196.39,ft,Approved,,2025-03-11 21:31:41.809573+00:00
-112.49690297112,41.2552106532508,6036b956-9874-4faa-b15a-9750e3227c6e,2e4657553ff7486d84e1ae1c10a0d34c,USGS-10010100,62614,00003,2013-05-21,4196.01,ft,Approved,,2025-03-11 21:31:41.809573+00:00
-112.49690297112,41.2552106532508,164250e4-c6d5-4bad-bd62-3edbd9b90d9e,2e4657553ff7486d84e1ae1c10a0d34c,USGS-10010100,62614,00003,2013-05-20,4196.16,ft,Approved,,2025-03-11 21:31:41.809573+00:00
-112.49690297112,41.2552106532508,d532441e-d2ed-4063-ac7e-76b5bf256674,2e4657553ff7486d84e1ae1c10a0d34c,USGS-10010100,62614,00003,2013-05-19,4196.16,ft,Approved,,2025-03-11 21:31:41.809573+00:00
-112.49690297112,41.2552106532508,3cd69a29-f0b3-4be7-8f58-24dcbe2e2357,2e4657553ff7486d84e1ae1c10a0d34c,USGS-10010100,62614,00003,2013-05-18,4196.14,ft,Approved,,2025-03-11 21:31:41.809573+00:00
-112.49690297112,41.2552106532508,41257e68-5431-4c17-ad02-6920846ebcff,2e4657553ff7486d84e1ae1c10a0d34c,USGS-10010100,62614,00003,2013-05-17,4196.14,ft,Approved,,2025-03-11 21:31:41.809573+00:00
-112.49690297112,41.2552106532508,88fcb7b2-db51-4876-9568-24bf369b77f0,2e4657553ff7486d84e1ae1c10a0d34c,USGS-10010100,62614,00003,2013-05-16,4196.15,ft,Approved,,2025-03-11 21:31:41.809573+00:00
-112.49690297112,41.2552106532508,3c03442d-2261-43ac-bb74-84068191d978,2e4657553ff7486d84e1ae1c10a0d34c,USGS-10010100,62614,00003,2013-05-15,4196.13,ft,Approved,,2025-03-11 21:31:41.809573+00:00
-112.49690297112,41.2552106532508,bff987fa-2b67-41da-9bf1-942a7b214409,2e4657553ff7486d84e1ae1c10a0d34c,USGS-10010100,62614,00003,2013-05-14,4196.12,ft,Approved,,2025-03-11 21:31:41.809573+00:00
-112.49690297112,41.2552106532508,9131fcf8-ef6e-43ee-9ab1-85f080c68ebb,2e4657553ff7486d84e1ae1c10a0d34c,USGS-10010100,62614,00003,2013-05-13,4196.07,ft,Approved,,2025-03-11 21:31:41.809573+00:00
-112.49690297112,41.2552106532508,a0390d4c-158f-4c29-b029-cc816ce73054,2e4657553ff7486d84e1ae1c10a0d34c,USGS-10010100,62614,00003,2013-05-12,4196.07,ft,Approved,,2025-03-11 21:31:41.809573+00:00
-112.49690297112,41.2552106532508,b11a3ca1-32ee-4529-96a3-06834fd4d8e6,2e4657553ff7486d84e1ae1c10a0d34c,USGS-10010100,62614,00003,2013-05-11,4196.12,ft,Approved,,2025-03-11 21:31:41.809573+00:00
-112.49690297112,41.2552106532508,3d209342-3fc1-407d-bdf4-bf5c0c7a77a9,2e4657553ff7486d84e1ae1c10a0d34c,USGS-10010100,62614,00003,2013-05-10,4196.15,ft,Approved,,2025-03-11 21:31:41.809573+00:00
-112.49690297112,41.2552106532508,0dd4e821-6485-4f98-beb3-5ff850c85b1a,2e4657553ff7486d84e1ae1c10a0d34c,USGS-10010100,62614,00003,2013-05-09,4196.10,ft,Approved,,2025-03-11 21:31:41.809573+00:00
-112.49690297112,41.2552106532508,7f91bcc8-943f-4e98-a0bf-81831688d9b3,2e4657553ff7486d84e1ae1c10a0d34c,USGS-10010100,62614,00003,2013-05-08,4196.08,ft,Approved,,2025-03-11 21:31:41.809573+00:00
-112.49690297112,41.2552106532508,df3b7b1c-ceec-4f25-ba31-5105bdba4f28,2e4657553ff7486d84e1ae1c10a0d34c,USGS-10010100,62614,00003,2013-05-07,4196.02,ft,Approved,,2025-03-11 21:31:41.809573+00:00
-112.49690297112,41.2552106532508,70098d9e-e242-4664-be68-39e384e0ab0f,2e4657553ff7486d84e1ae1c10a0d34c,USGS-10010100,62614,00003,2013-05-06,4196.05,ft,Approved,,2025-03-11 21:31:41.809573+00:00
-112.49690297112,41.2552106532508,99f9cc94-68bd-4524-95d2-6cdd12183900,2e4657553ff7486d84e1ae1c10a0d34c,USGS-10010100,62614,00003,2013-05-05,4196.04,ft,Approved,,2025-03-11 21:31:41.809573+00:00
-112.49690297112,41.2552106532508,29283f67-7045-43df-802f-b26f3fbf0be4,2e4657553ff7486d84e1ae1c10a0d34c,USGS-10010100,62614,00003,2013-05-04,4196.12,ft,Approved,,2025-03-11 21:31:41.809573+00:00
-112.49690297112,41.2552106532508,c0997a15-b0f9-4f8d-bbe0-47e4f414bc5c,2e4657553ff7486d84e1ae1c10a0d34c,USGS-10010100,62614,00003,2013-05-03,4196.10,ft,Approved,,2025-03-11 21:31:41.809573+00:00
-112.49690297112,41.2552106532508,99a14b0b-3f7f-4f15-87fe-fa2cc95ca611,2e4657553ff7486d84e1ae1c10a0d34c,USGS-10010100,62614,00003,2013-05-02,4196.10,ft,Approved,,2025-03-11 21:31:41.809573+00:00
-112.49690297112,41.2552106532508,ab5d6904-a442-4199-b386-beb4250cbdb0,2e4657553ff7486d84e1ae1c10a0d34c,USGS-10010100,62614,00003,2013-05-01,4196.29,ft,Approved,,2025-03-11 21:31:41.809573+00:00
-112.49690297112,41.2552106532508,efa84b99-cf77-44a1-abf7-e48a9979d0ae,2e4657553ff7486d84e1ae1c10a0d34c,USGS-10010100,62614,00003,2013-04-30,4196.29,ft,Approved,,2025-03-11 21:31:41.809573+00:00
-112.49690297112,41.2552106532508,ce3f80bd-1e50-4779-8ce7-0285316b04e3,2e4657553ff7486d84e1ae1c10a0d34c,USGS-10010100,62614,00003,2013-04-29,4196.16,ft,Approved,,2025-03-11 21:31:41.809573+00:00
-112.49690297112,41.2552106532508,825e31e4-041c-4b77-be5b-11c2d3ccfd8b,2e4657553ff7486d84e1ae1c10a0d34c,USGS-10010100,62614,00003,2013-04-28,4196.13,ft,Approved,,2025-03-11 21:31:41.809573+00:00
-112.49690297112,41.2552106532508,a5a41f22-3ec1-4bdd-97f1-384dd7f5dd75,2e4657553ff7486d84e1ae1c10a0d34c,USGS-10010100,62614,00003,2013-04-27,4196.10,ft,Approved,,2025-03-11 21:31:41.809573+00:00
-112.49690297112,41.2552106532508,e33bf4ad-f828-4e20-8c70-0329a77d8769,2e4657553ff7486d84e1ae1c10a0d34c,USGS-10010100,62614,00003,2013-04-26,4196.12,ft,Approved,,2025-03-11 21:31:41.809573+00:00
-112.49690297112,41.2552106532508,da53bc4d-1a28-4b30-a13d-11b56b884aa4,2e4657553ff7486d84e1ae1c10a0d34c,USGS-10010100,62614,00003,2013-04-25,4196.13,ft,Approved,,2025-03-11 21:31:41.809573+00:00
-112.49690297112,41.2552106532508,99f47d7c-2897-4cdd-b571-29e8f123b2c2,2e4657553ff7486d84e1ae1c10a0d34c,USGS-10010100,62614,00003,2013-04-24,4196.15,ft,Approved,,2025-03-11 21:31:41.809573+00:00
-112.49690297112,41.2552106532508,493b32fc-eb7e-43a6-849c-1240c731c424,2e4657553ff7486d84e1ae1c10a0d34c,USGS-10010100,62614,00003,2013-04-23,4196.21,ft,Approved,,2025-03-11 21:31:41.809573+00:00
-112.49690297112,41.2552106532508,8c2503c7-46c9-411f-a75f-b31954baee39,2e4657553ff7486d84e1ae1c10a0d34c,USGS-10010100,62614,00003,2013-04-22,4196.30,ft,Approved,,2025-03-11 21:31:41.809573+00:00
-112.49690297112,41.2552106532508,2f12aa47-42ef-4ed2-a07d-b74ba3fa1179,2e4657553ff7486d84e1ae1c10a0d34c,USGS-10010100,62614,00003,2013-04-21,4196.13,ft,Approved,,2025-03-11 21:31:41.809573+00:00
-112.49690297112,41.2552106532508,a906c935-0d15-460b-b27f-12dcf4ff6f68,2e4657553ff7486d84e1ae1c10a0d34c,USGS-10010100,62614,00003,2013-04-20,4196.17,ft,Approved,,2025-03-11 21:31:41.809573+00:00
-112.49690297112,41.2552106532508,e53e8f07-39a0-46c2-9fc5-e098e2a1501f,2e4657553ff7486d84e1ae1c10a0d34c,USGS-10010100,62614,00003,2013-04-19,4196.11,ft,Approved,,2025-03-11 21:31:41.809573+00:00
-112.49690297112,41.2552106532508,e753a2b6-6b4c-4abb-92aa-87b146ae211b,2e4657553ff7486d84e1ae1c10a0d34c,USGS-10010100,62614,00003,2013-04-18,4196.12,ft,Approved,,2025-03-11 21:31:41.809573+00:00
-112.49690297112,41.2552106532508,17e58933-efe3-483b-a65d-5c3ea2a8c328,2e4657553ff7486d84e1ae1c10a0d34c,USGS-10010100,62614,00003,2013-04-17,4196.35,ft,Approved,,2025-03-11 21:31:41.809573+00:00
-112.49690297112,41.2552106532508,f5c65ba9-a4d1-4d75-ade6-b4706f6eef65,2e4657553ff7486d84e1ae1c10a0d34c,USGS-10010100,62614,00003,2013-04-16,4196.36,ft,Approved,,2025-03-11 21:31:41.809573+00:00
-112.49690297112,41.2552106532508,960d45a2-d736-4b90-8fd4-f22047077a11,2e4657553ff7486d84e1ae1c10a0d34c,USGS-10010100,62614,00003,2013-04-15,4196.23,ft,Approved,,2025-03-11 21:31:41.809573+00:00
-112.49690297112,41.2552106532508,e460a20b-2244-4c3c-b765-f181bcc0c883,2e4657553ff7486d84e1ae1c10a0d34c,USGS-10010100,62614,00003,2013-04-14,4196.21,ft,Approved,,2025-03-11 21:31:41.809573+00:00
-112.49690297112,41.2552106532508,d2d84189-19fd-4c20-a822-2dc38c9213f6,2e4657553ff7486d84e1ae1c10a0d34c,USGS-10010100,62614,00003,2013-04-13,4196.36,ft,Approved,,2025-03-11 21:31:41.809573+00:00
-112.49690297112,41.2552106532508,6dc228a0-0826-4ade-a8a7-8b6721d0b32b,2e4657553ff7486d84e1ae1c10a0d34c,USGS-10010100,62614,00003,2013-04-12,4196.20,ft,Approved,,2025-03-11 21:31:41.809573+00:00
-112.49690297112,41.2552106532508,d16d4888-2f3a-4cc5-9ced-1f3705b9c003,2e4657553ff7486d84e1ae1c10a0d34c,USGS-10010100,62614,00003,2013-04-11,4196.20,ft,Approved,,2025-03-11 21:31:41.809573+00:00
-112.49690297112,41.2552106532508,891ee0fd-9ad2-4c18-ae05-01143e4e2b4c,2e4657553ff7486d84e1ae1c10a0d34c,USGS-10010100,62614,00003,2013-04-10,4196.15,ft,Approved,,2025-03-11 21:31:41.809573+00:00
-112.49690297112,41.2552106532508,496ce9c0-76ec-4b80-9910-b4244a7d13bd,2e4657553ff7486d84e1ae1c10a0d34c,USGS-10010100,62614,00003,2013-04-09,4196.31,ft,Approved,,2025-03-11 21:31:41.809573+00:00
-112.49690297112,41.2552106532508,7128de99-bead-4d4b-91c8-a1390e39ae70,2e4657553ff7486d84e1ae1c10a0d34c,USGS-10010100,62614,00003,2013-04-08,4196.64,ft,Approved,,2025-03-11 21:31:41.809573+00:00
-112.49690297112,41.2552106532508,7a4a63a4-5e34-41e9-820e-75ec8237e486,2e4657553ff7486d84e1ae1c10a0d34c,USGS-10010100,62614,00003,2013-04-07,4196.28,ft,Approved,,2025-03-11 21:31:41.809573+00:00
-112.49690297112,41.2552106532508,d58ebd85-489a-47a5-b559-a98fba688bc9,2e4657553ff7486d84e1ae1c10a0d34c,USGS-10010100,62614,00003,2013-04-06,4196.28,ft,Approved,,2025-03-11 21:31:41.809573+00:00
-112.49690297112,41.2552106532508,43fa213d-a611-4c29-9ab4-4b10f7c3103f,2e4657553ff7486d84e1ae1c10a0d34c,USGS-10010100,62614,00003,2013-04-05,4196.26,ft,Approved,,2025-03-11 21:31:41.809573+00:00
-112.49690297112,41.2552106532508,e749c95a-5c77-4763-b7b7-ee61a725e18d,2e4657553ff7486d84e1ae1c10a0d34c,USGS-10010100,62614,00003,2013-04-04,4196.18,ft,Approved,,2025-03-11 21:31:41.809573+00:00
-112.49690297112,41.2552106532508,bc043b60-b701-4f62-a666-ece92cfe2627,2e4657553ff7486d84e1ae1c10a0d34c,USGS-10010100,62614,00003,2013-04-03,4196.23,ft,Approved,,2025-03-11 21:31:41.809573+00:00
-112.49690297112,41.2552106532508,5860b673-89d1-47d8-9dfd-55bf2f430324,2e4657553ff7486d84e1ae1c10a0d34c,USGS-10010100,62614,00003,2013-04-02,4196.28,ft,Approved,,2025-03-11 21:31:41.809573+00:00
-112.49690297112,41.2552106532508,7ec89313-4535-4713-b74b-7200b9eac21a,2e4657553ff7486d84e1ae1c10a0d34c,USGS-10010100,62614,00003,2013-04-01,4196.26,ft,Approved,,2025-03-11 21:31:41.809573+00:00
-112.49690297112,41.2552106532508,af068fa9-40ea-41b4-83fc-e60c178b3799,2e4657553ff7486d84e1ae1c10a0d34c,USGS-10010100,62614,00003,2013-03-31,4196.20,ft,Approved,,2025-03-11 21:31:41.809573+00:00
-112.49690297112,41.2552106532508,47048aa9-409b-462a-9dff-0b70525820c5,2e4657553ff7486d84e1ae1c10a0d34c,USGS-10010100,62614,00003,2013-03-30,4196.20,ft,Approved,,2025-03-11 21:31:41.809573+00:00
-112.49690297112,41.2552106532508,5ea7c9b9-35c8-4923-96ce-c492d5298d92,2e4657553ff7486d84e1ae1c10a0d34c,USGS-10010100,62614,00003,2013-03-29,4196.23,ft,Approved,,2025-03-11 21:31:41.809573+00:00
-112.49690297112,41.2552106532508,f8a273eb-02b9-45b2-a719-26ecee684af2,2e4657553ff7486d84e1ae1c10a0d34c,USGS-10010100,62614,00003,2013-03-28,4196.21,ft,Approved,,2025-03-11 21:31:41.809573+00:00
-112.49690297112,41.2552106532508,b4182a27-5f67-41f7-9d73-58e9b637f030,2e4657553ff7486d84e1ae1c10a0d34c,USGS-10010100,62614,00003,2013-03-27,4196.19,ft,Approved,,2025-03-11 21:31:41.809573+00:00
-112.49690297112,41.2552106532508,251f5182-f0fd-4e97-b4d2-594a7e780c2e,2e4657553ff7486d84e1ae1c10a0d34c,USGS-10010100,62614,00003,2013-03-26,4196.18,ft,Approved,,2025-03-11 21:31:41.809573+00:00
-112.49690297112,41.2552106532508,86107daa-f6ae-465e-9a7e-b55541e3a4b3,2e4657553ff7486d84e1ae1c10a0d34c,USGS-10010100,62614,00003,2013-03-25,4196.14,ft,Approved,,2025-03-11 21:31:41.809573+00:00
-112.49690297112,41.2552106532508,e1ea57fd-8a01-4feb-9cd4-c28918c91ba7,2e4657553ff7486d84e1ae1c10a0d34c,USGS-10010100,62614,00003,2013-03-24,4196.15,ft,Approved,,2025-03-11 21:31:41.809573+00:00
-112.49690297112,41.2552106532508,776bb655-7d45-4811-b892-ecf23b45ca67,2e4657553ff7486d84e1ae1c10a0d34c,USGS-10010100,62614,00003,2013-03-23,4196.24,ft,Approved,,2025-03-11 21:31:41.809573+00:00
-112.49690297112,41.2552106532508,1283a1e1-0c2f-4704-bf86-a58ad31d5a0c,2e4657553ff7486d84e1ae1c10a0d34c,USGS-10010100,62614,00003,2013-03-22,4196.25,ft,Approved,,2025-03-11 21:31:41.809573+00:00
-112.49690297112,41.2552106532508,4add05ed-4d2c-4997-ba62-c659e60ef7cc,2e4657553ff7486d84e1ae1c10a0d34c,USGS-10010100,62614,00003,2013-03-21,4196.32,ft,Approved,,2025-03-11 21:31:41.809573+00:00
-112.49690297112,41.2552106532508,8615495c-7920-47e7-a3ad-34016c0bddd8,2e4657553ff7486d84e1ae1c10a0d34c,USGS-10010100,62614,00003,2013-03-20,4196.10,ft,Approved,,2025-03-11 21:31:41.809573+00:00
-112.49690297112,41.2552106532508,491fec2b-f306-466a-a5bc-b93a3b9074f4,2e4657553ff7486d84e1ae1c10a0d34c,USGS-10010100,62614,00003,2013-03-19,4196.15,ft,Approved,,2025-03-11 21:31:41.809573+00:00
-112.49690297112,41.2552106532508,f88fd368-b435-4cd0-a7a8-8c2a3e084132,2e4657553ff7486d84e1ae1c10a0d34c,USGS-10010100,62614,00003,2013-03-18,4196.17,ft,Approved,,2025-03-11 21:31:41.809573+00:00
-112.49690297112,41.2552106532508,002653b7-7993-4b47-9fb0-9b267d84819d,2e4657553ff7486d84e1ae1c10a0d34c,USGS-10010100,62614,00003,2013-03-17,4196.37,ft,Approved,,2025-03-11 21:31:41.809573+00:00
-112.49690297112,41.2552106532508,52a10d8f-2c16-4317-93ad-669ce6d16365,2e4657553ff7486d84e1ae1c10a0d34c,USGS-10010100,62614,00003,2013-03-16,4196.16,ft,Approved,,2025-03-11 21:31:41.809573+00:00
-112.49690297112,41.2552106532508,51ce69f8-7c06-4202-9650-b3dcd6fc760b,2e4657553ff7486d84e1ae1c10a0d34c,USGS-10010100,62614,00003,2013-03-15,4196.16,ft,Approved,,2025-03-11 21:31:41.809573+00:00
-112.49690297112,41.2552106532508,93e6cf95-b26e-4fbc-8445-819bf29bf26e,2e4657553ff7486d84e1ae1c10a0d34c,USGS-10010100,62614,00003,2013-03-14,4196.11,ft,Approved,,2025-03-11 21:31:41.809573+00:00
-112.49690297112,41.2552106532508,fa50321f-f868-4fbc-92c7-32bf98f141c6,2e4657553ff7486d84e1ae1c10a0d34c,USGS-10010100,62614,00003,2013-03-13,4196.10,ft,Approved,,2025-03-11 21:31:41.809573+00:00
-112.49690297112,41.2552106532508,27954d7a-9ee3-4bed-83bf-02d5b8c69094,2e4657553ff7486d84e1ae1c10a0d34c,USGS-10010100,62614,00003,2013-03-12,4196.12,ft,Approved,,2025-03-11 21:31:41.809573+00:00
-112.49690297112,41.2552106532508,2c4ac183-bbde-412a-97b3-de2e82afffa9,2e4657553ff7486d84e1ae1c10a0d34c,USGS-10010100,62614,00003,2013-03-11,4196.12,ft,Approved,,2025-03-11 21:31:41.809573+00:00
-112.49690297112,41.2552106532508,61c3ac00-1ef2-4b01-87e1-b0ad408fabbc,2e4657553ff7486d84e1ae1c10a0d34c,USGS-10010100,62614,00003,2013-03-10,4196.13,ft,Approved,,2025-03-11 21:31:41.809573+00:00
-112.49690297112,41.2552106532508,ba876cfb-dc4b-4169-bda6-b06c7eb09785,2e4657553ff7486d84e1ae1c10a0d34c,USGS-10010100,62614,00003,2013-03-09,4196.45,ft,Approved,,2025-03-11 21:31:41.809573+00:00
-112.49690297112,41.2552106532508,6379807c-6025-4550-9a5a-7ff1ea32bc9d,2e4657553ff7486d84e1ae1c10a0d34c,USGS-10010100,62614,00003,2013-03-08,4196.22,ft,Approved,,2025-03-11 21:31:41.809573+00:00
-112.49690297112,41.2552106532508,d8d0116b-1ec6-49f1-abf3-58b7fa2796d5,2e4657553ff7486d84e1ae1c10a0d34c,USGS-10010100,62614,00003,2013-03-07,4196.11,ft,Approved,,2025-03-11 21:31:41.809573+00:00
-112.49690297112,41.2552106532508,0bd4bb1d-871c-44a4-b937-9ff5a283d815,2e4657553ff7486d84e1ae1c10a0d34c,USGS-10010100,62614,00003,2013-03-06,4196.10,ft,Approved,,2025-03-11 21:31:41.809573+00:00
-112.49690297112,41.2552106532508,da1bef10-9725-485e-890f-3f3f9c5e7141,2e4657553ff7486d84e1ae1c10a0d34c,USGS-10010100,62614,00003,2013-03-05,4196.08,ft,Approved,,2025-03-11 21:31:41.809573+00:00
-112.49690297112,41.2552106532508,94780cfc-f8ec-4fe8-b2cf-8f67707e9293,2e4657553ff7486d84e1ae1c10a0d34c,USGS-10010100,62614,00003,2013-03-04,4196.13,ft,Approved,,2025-03-11 21:31:41.809573+00:00
-112.49690297112,41.2552106532508,3be565d6-ced3-4de1-90c3-46a9edb68635,2e4657553ff7486d84e1ae1c10a0d34c,USGS-10010100,62614,00003,2013-03-03,4196.06,ft,Approved,,2025-03-11 21:31:41.809573+00:00
-112.49690297112,41.2552106532508,b0963044-11ea-4faf-a130-23b44c7aca15,2e4657553ff7486d84e1ae1c10a0d34c,USGS-10010100,62614,00003,2013-03-02,4196.05,ft,Approved,,2025-03-11 21:31:41.809573+00:00
-112.49690297112,41.2552106532508,d97a9a9f-c900-4124-8770-1541a359e47e,2e4657553ff7486d84e1ae1c10a0d34c,USGS-10010100,62614,00003,2013-03-01,4196.03,ft,Approved,,2025-03-11 21:31:41.809573+00:00
-112.49690297112,41.2552106532508,653c159f-c691-4654-8f6b-e0dea956f479,2e4657553ff7486d84e1ae1c10a0d34c,USGS-10010100,62614,00003,2013-02-28,4196.01,ft,Approved,,2025-03-11 21:31:41.809573+00:00
-112.49690297112,41.2552106532508,06380cf2-651c-489b-857f-1783cb47348f,2e4657553ff7486d84e1ae1c10a0d34c,USGS-10010100,62614,00003,2013-02-27,4196.03,ft,Approved,,2025-03-11 21:31:41.809573+00:00
-112.49690297112,41.2552106532508,9b770eef-b231-48ac-8fb6-341493d8ddb5,2e4657553ff7486d84e1ae1c10a0d34c,USGS-10010100,62614,00003,2013-02-26,4196.11,ft,Approved,,2025-03-11 21:31:41.809573+00:00
-112.49690297112,41.2552106532508,0198e7aa-0175-43b9-9e5f-61487bff1278,2e4657553ff7486d84e1ae1c10a0d34c,USGS-10010100,62614,00003,2013-02-25,4196.01,ft,Approved,,2025-03-11 21:31:41.809573+00:00
-112.49690297112,41.2552106532508,9ff853ae-dca8-47c3-bf52-f0866aa18b30,2e4657553ff7486d84e1ae1c10a0d34c,USGS-10010100,62614,00003,2013-02-24,4196.17,ft,Approved,,2025-03-11 21:31:41.809573+00:00
-112.49690297112,41.2552106532508,272dce9a-3ce8-4ec1-a8cb-d6804655b449,2e4657553ff7486d84e1ae1c10a0d34c,USGS-10010100,62614,00003,2013-02-23,4196.09,ft,Approved,,2025-03-11 21:31:41.809573+00:00
-112.49690297112,41.2552106532508,4192969c-16b2-4ae9-89cb-c9f3778692ec,2e4657553ff7486d84e1ae1c10a0d34c,USGS-10010100,62614,00003,2013-02-22,4196.07,ft,Approved,,2025-03-11 21:31:41.809573+00:00
-112.49690297112,41.2552106532508,c066eed1-fd30-41d7-b3a9-8b4a951a085e,2e4657553ff7486d84e1ae1c10a0d34c,USGS-10010100,62614,00003,2013-02-21,4196.15,ft,Approved,,2025-03-11 21:31:41.809573+00:00
-112.49690297112,41.2552106532508,64aec42d-42c1-4b69-a24e-b0f97c0ffb1c,2e4657553ff7486d84e1ae1c10a0d34c,USGS-10010100,62614,00003,2013-02-20,4196.26,ft,Approved,,2025-03-11 21:31:41.809573+00:00
-112.49690297112,41.2552106532508,fd31dc5f-440b-417b-a7ca-4a277a0b4f6a,2e4657553ff7486d84e1ae1c10a0d34c,USGS-10010100,62614,00003,2013-02-19,4196.05,ft,Approved,,2025-03-11 21:31:41.809573+00:00
-112.49690297112,41.2552106532508,abe487c8-c6c2-4caa-9ca8-aa8a8a4c95f7,2e4657553ff7486d84e1ae1c10a0d34c,USGS-10010100,62614,00003,2013-02-18,4196.03,ft,Approved,,2025-03-11 21:31:41.809573+00:00
-112.49690297112,41.2552106532508,dd3d261b-594e-4e43-a61f-1a28a4fd3d43,2e4657553ff7486d84e1ae1c10a0d34c,USGS-10010100,62614,00003,2013-02-17,4196.09,ft,Approved,,2025-03-11 21:31:41.809573+00:00
-112.49690297112,41.2552106532508,913d403c-ddae-4abc-8755-a5dee3a03799,2e4657553ff7486d84e1ae1c10a0d34c,USGS-10010100,62614,00003,2013-02-16,4196.02,ft,Approved,,2025-03-11 21:31:41.809573+00:00
-112.49690297112,41.2552106532508,4a650b97-82b4-458c-b3db-2f9716e4ab5c,2e4657553ff7486d84e1ae1c10a0d34c,USGS-10010100,62614,00003,2013-02-15,4196.01,ft,Approved,,2025-03-11 21:31:41.809573+00:00
-112.49690297112,41.2552106532508,0e5c22e2-32ea-40e4-a3a7-79735faa37fd,2e4657553ff7486d84e1ae1c10a0d34c,USGS-10010100,62614,00003,2013-02-14,4196.00,ft,Approved,,2025-03-11 21:31:41.809573+00:00
-112.49690297112,41.2552106532508,23bc349d-262a-40ff-b192-23b6cdb4f551,2e4657553ff7486d84e1ae1c10a0d34c,USGS-10010100,62614,00003,2013-02-13,4196.00,ft,Approved,,2025-03-11 21:31:41.809573+00:00
-112.49690297112,41.2552106532508,3a75549e-3967-4670-aaaa-003be1c77c54,2e4657553ff7486d84e1ae1c10a0d34c,USGS-10010100,62614,00003,2013-02-12,4196.01,ft,Approved,,2025-03-11 21:31:41.809573+00:00
-112.49690297112,41.2552106532508,cd7435c5-70fe-444a-9ba0-08db330af435,2e4657553ff7486d84e1ae1c10a0d34c,USGS-10010100,62614,00003,2013-02-11,4196.05,ft,Approved,,2025-03-11 21:31:41.809573+00:00
-112.49690297112,41.2552106532508,b93ce790-650a-4e40-b290-780c2b38284a,2e4657553ff7486d84e1ae1c10a0d34c,USGS-10010100,62614,00003,2013-02-10,4196.10,ft,Approved,,2025-03-11 21:31:41.809573+00:00
-112.49690297112,41.2552106532508,60bb84b1-66d2-4555-aa3a-e48a1cc6ae38,2e4657553ff7486d84e1ae1c10a0d34c,USGS-10010100,62614,00003,2013-02-09,4196.16,ft,Approved,,2025-03-11 21:31:41.809573+00:00
-112.49690297112,41.2552106532508,b928269f-4355-446f-a8ac-9faf5a60c0a5,2e4657553ff7486d84e1ae1c10a0d34c,USGS-10010100,62614,00003,2013-02-08,4196.02,ft,Approved,,2025-03-11 21:31:41.809573+00:00
-112.49690297112,41.2552106532508,75a48fc1-f526-4a0a-b56f-99ed820db2de,2e4657553ff7486d84e1ae1c10a0d34c,USGS-10010100,62614,00003,2013-02-07,4195.96,ft,Approved,,2025-03-11 21:31:41.809573+00:00
-112.49690297112,41.2552106532508,505bd9f7-7beb-4bc8-8a89-94a077c335c0,2e4657553ff7486d84e1ae1c10a0d34c,USGS-10010100,62614,00003,2013-02-06,4195.99,ft,Approved,,2025-03-11 21:31:41.809573+00:00
-112.49690297112,41.2552106532508,d17c1baf-4985-4b51-ba61-7772e963437e,2e4657553ff7486d84e1ae1c10a0d34c,USGS-10010100,62614,00003,2013-02-05,4195.97,ft,Approved,,2025-03-11 21:31:41.809573+00:00
-112.49690297112,41.2552106532508,5d2b8319-61d5-466b-ab31-5b4bb1de457c,2e4657553ff7486d84e1ae1c10a0d34c,USGS-10010100,62614,00003,2013-02-04,4195.94,ft,Approved,,2025-03-11 21:31:41.809573+00:00
-112.49690297112,41.2552106532508,a9049d25-5907-4cff-8aed-e100f3e4031b,2e4657553ff7486d84e1ae1c10a0d34c,USGS-10010100,62614,00003,2013-02-03,4195.96,ft,Approved,,2025-03-11 21:31:41.809573+00:00
-112.49690297112,41.2552106532508,6a432bdf-f08d-4963-8a16-67e64a2aebbf,2e4657553ff7486d84e1ae1c10a0d34c,USGS-10010100,62614,00003,2013-02-02,4195.92,ft,Approved,,2025-03-11 21:31:41.809573+00:00
-112.49690297112,41.2552106532508,1b39a8aa-c2cd-4c24-b40c-62d6e39c7a6b,2e4657553ff7486d84e1ae1c10a0d34c,USGS-10010100,62614,00003,2013-02-01,4195.91,ft,Approved,,2025-03-11 21:31:41.809573+00:00
-112.49690297112,41.2552106532508,69efbc80-245c-4272-a69b-66130c1d6bed,2e4657553ff7486d84e1ae1c10a0d34c,USGS-10010100,62614,00003,2013-01-31,4195.90,ft,Approved,,2025-03-11 21:31:41.809573+00:00
-112.49690297112,41.2552106532508,13d57c29-e18b-455e-90bd-98e25552df30,2e4657553ff7486d84e1ae1c10a0d34c,USGS-10010100,62614,00003,2013-01-30,4195.87,ft,Approved,,2025-03-11 21:31:41.809573+00:00
-112.49690297112,41.2552106532508,16673961-3a5e-4170-9b66-7a3a6f0bc582,2e4657553ff7486d84e1ae1c10a0d34c,USGS-10010100,62614,00003,2013-01-29,4195.93,ft,Approved,,2025-03-11 21:31:41.809573+00:00
-112.49690297112,41.2552106532508,57d313a0-c821-4a54-b6c6-38dde3fdeb11,2e4657553ff7486d84e1ae1c10a0d34c,USGS-10010100,62614,00003,2013-01-28,4195.94,ft,Approved,,2025-03-11 21:31:41.809573+00:00
-112.49690297112,41.2552106532508,c84acb09-41c6-4bcf-a2c2-06dc6f55e204,2e4657553ff7486d84e1ae1c10a0d34c,USGS-10010100,62614,00003,2013-01-27,4195.95,ft,Approved,,2025-03-11 21:31:41.809573+00:00
-112.49690297112,41.2552106532508,a141fdbe-6400-4f93-8a4d-87b2216743e5,2e4657553ff7486d84e1ae1c10a0d34c,USGS-10010100,62614,00003,2013-01-26,4195.83,ft,Approved,,2025-03-11 21:31:41.809573+00:00
-112.49690297112,41.2552106532508,89649e7e-ef5f-495c-86e7-0c2cffbf4b60,2e4657553ff7486d84e1ae1c10a0d34c,USGS-10010100,62614,00003,2013-01-25,4195.85,ft,Approved,,2025-03-11 21:31:41.809573+00:00
-112.49690297112,41.2552106532508,794007e0-08e3-4cb1-ac11-d06bdf05fcd4,2e4657553ff7486d84e1ae1c10a0d34c,USGS-10010100,62614,00003,2013-01-24,4195.88,ft,Approved,,2025-03-11 21:31:41.809573+00:00
-112.49690297112,41.2552106532508,e3afa171-e11e-48ab-acbc-b0943957bcc1,2e4657553ff7486d84e1ae1c10a0d34c,USGS-10010100,62614,00003,2013-01-23,4195.84,ft,Approved,,2025-03-11 21:31:41.809573+00:00
-112.49690297112,41.2552106532508,23414260-f3df-4e69-bfd5-2995e6523c4a,2e4657553ff7486d84e1ae1c10a0d34c,USGS-10010100,62614,00003,2013-01-22,4195.82,ft,Approved,,2025-03-11 21:31:41.809573+00:00
-112.49690297112,41.2552106532508,2c78f2ab-af24-4858-9199-1188e06722fc,2e4657553ff7486d84e1ae1c10a0d34c,USGS-10010100,62614,00003,2013-01-21,4195.80,ft,Approved,,2025-03-11 21:31:41.809573+00:00
-112.49690297112,41.2552106532508,bcfe06cf-dfee-4d4f-b1e7-21d8439a4ff8,2e4657553ff7486d84e1ae1c10a0d34c,USGS-10010100,62614,00003,2013-01-20,4195.80,ft,Approved,,2025-03-11 21:31:41.809573+00:00
-112.49690297112,41.2552106532508,c507ccb4-6d55-4f31-aa82-bd5b9c730c8e,2e4657553ff7486d84e1ae1c10a0d34c,USGS-10010100,62614,00003,2013-01-19,4195.80,ft,Approved,,2025-03-11 21:31:41.809573+00:00
-112.49690297112,41.2552106532508,0b7d9d0e-2302-48e0-a0fd-27d4b43cca2b,2e4657553ff7486d84e1ae1c10a0d34c,USGS-10010100,62614,00003,2013-01-18,4195.80,ft,Approved,,2025-03-11 21:31:41.809573+00:00
-112.49690297112,41.2552106532508,e268a8fd-4771-4566-9dd3-5bcb13a9ff55,2e4657553ff7486d84e1ae1c10a0d34c,USGS-10010100,62614,00003,2013-01-17,4195.80,ft,Approved,,2025-03-11 21:31:41.809573+00:00
-112.49690297112,41.2552106532508,3864dc6e-9f44-40a8-b680-707b804ddcc5,2e4657553ff7486d84e1ae1c10a0d34c,USGS-10010100,62614,00003,2013-01-16,4195.80,ft,Approved,,2025-03-11 21:31:41.809573+00:00
-112.49690297112,41.2552106532508,9ad21936-dca6-420e-a484-53f41af56077,2e4657553ff7486d84e1ae1c10a0d34c,USGS-10010100,62614,00003,2013-01-15,4195.79,ft,Approved,,2025-03-11 21:31:41.809573+00:00
-112.49690297112,41.2552106532508,20a46c12-506e-4e2b-872a-8c75811a2126,2e4657553ff7486d84e1ae1c10a0d34c,USGS-10010100,62614,00003,2013-01-14,4195.77,ft,Approved,,2025-03-11 21:31:41.809573+00:00
-112.49690297112,41.2552106532508,f607f45c-1fc3-48a6-8f07-9c47099cca7b,2e4657553ff7486d84e1ae1c10a0d34c,USGS-10010100,62614,00003,2013-01-13,4195.79,ft,Approved,,2025-03-11 21:31:41.809573+00:00
-112.49690297112,41.2552106532508,38c3f5ea-ad6a-4d23-a5a4-294748878387,2e4657553ff7486d84e1ae1c10a0d34c,USGS-10010100,62614,00003,2013-01-12,4195.82,ft,Approved,,2025-03-11 21:31:41.809573+00:00
-112.49690297112,41.2552106532508,e331c867-5809-4342-aafc-a1010ef1fa7d,2e4657553ff7486d84e1ae1c10a0d34c,USGS-10010100,62614,00003,2013-01-11,4196.00,ft,Approved,,2025-03-11 21:31:41.809573+00:00
-112.49690297112,41.2552106532508,6277fef1-3895-4b60-a417-bd9db00a5f77,2e4657553ff7486d84e1ae1c10a0d34c,USGS-10010100,62614,00003,2013-01-10,4195.86,ft,Approved,,2025-03-11 21:31:41.809573+00:00
-112.49690297112,41.2552106532508,0bffe236-8c21-424f-9fb1-ba9cfc94a8b5,2e4657553ff7486d84e1ae1c10a0d34c,USGS-10010100,62614,00003,2013-01-09,4195.74,ft,Approved,,2025-03-11 21:31:41.809573+00:00
-112.49690297112,41.2552106532508,d875ec7f-1528-4004-b020-7ed0913bd838,2e4657553ff7486d84e1ae1c10a0d34c,USGS-10010100,62614,00003,2013-01-08,4195.77,ft,Approved,,2025-03-11 21:31:41.809573+00:00
-112.49690297112,41.2552106532508,fac33481-a362-4785-877b-7b07761a1be2,2e4657553ff7486d84e1ae1c10a0d34c,USGS-10010100,62614,00003,2013-01-07,4195.80,ft,Approved,,2025-03-11 21:31:41.809573+00:00
-112.49690297112,41.2552106532508,0bb3fab3-7d20-47c3-b9b4-947be2da0102,2e4657553ff7486d84e1ae1c10a0d34c,USGS-10010100,62614,00003,2013-01-06,4195.80,ft,Approved,,2025-03-11 21:31:41.809573+00:00
-112.49690297112,41.2552106532508,396e59c3-b071-462b-973c-6db112dd7226,2e4657553ff7486d84e1ae1c10a0d34c,USGS-10010100,62614,00003,2013-01-05,4195.78,ft,Approved,,2025-03-11 21:31:41.809573+00:00
-112.49690297112,41.2552106532508,ca62d523-38d8-4ad7-aab4-8bf92849bfd1,2e4657553ff7486d84e1ae1c10a0d34c,USGS-10010100,62614,00003,2013-01-04,4195.77,ft,Approved,,2025-03-11 21:31:41.809573+00:00
-112.49690297112,41.2552106532508,2d7acde5-d17d-425f-a2f7-80b0b05d9419,2e4657553ff7486d84e1ae1c10a0d34c,USGS-10010100,62614,00003,2013-01-03,4195.78,ft,Approved,,2025-03-11 21:31:41.809573+00:00
-112.49690297112,41.2552106532508,f5ee198e-97cb-443d-afe9-d6b25753d634,2e4657553ff7486d84e1ae1c10a0d34c,USGS-10010100,62614,00003,2013-01-02,4195.77,ft,Approved,,2025-03-11 21:31:41.809573+00:00
-112.49690297112,41.2552106532508,7a69254e-8203-4ee0-b0d9-001770acb9a6,2e4657553ff7486d84e1ae1c10a0d34c,USGS-10010100,62614,00003,2013-01-01,4195.78,ft,Approved,,2025-03-11 21:31:41.809573+00:00
-112.49690297112,41.2552106532508,ff320845-2b9b-4529-8e71-5c06d304114d,2e4657553ff7486d84e1ae1c10a0d34c,USGS-10010100,62614,00003,2015-01-01,4192.58,ft,Approved,,2025-03-11 21:31:41.809573+00:00
-112.49690297112,41.2552106532508,4d00b56c-d4d7-4b2f-9ddd-8bd5812cc3e3,2e4657553ff7486d84e1ae1c10a0d34c,USGS-10010100,62614,00003,2014-12-31,4192.62,ft,Approved,,2025-03-11 21:31:41.809573+00:00
-112.49690297112,41.2552106532508,5c900c95-b707-4a61-8df2-2e137d5e5209,2e4657553ff7486d84e1ae1c10a0d34c,USGS-10010100,62614,00003,2014-12-30,4192.52,ft,Approved,,2025-03-11 21:31:41.809573+00:00
-112.49690297112,41.2552106532508,d4e95855-2b4e-4d8d-b9d7-e3aee7805c3e,2e4657553ff7486d84e1ae1c10a0d34c,USGS-10010100,62614,00003,2014-12-29,4192.46,ft,Approved,,2025-03-11 21:31:41.809573+00:00
-112.49690297112,41.2552106532508,5aafe72c-76cb-46c5-816e-7ae506b383b3,2e4657553ff7486d84e1ae1c10a0d34c,USGS-10010100,62614,00003,2014-12-28,4192.46,ft,Approved,,2025-03-11 21:31:41.809573+00:00
-112.49690297112,41.2552106532508,fa5e1dd0-7d71-4167-983e-106f01f305ea,2e4657553ff7486d84e1ae1c10a0d34c,USGS-10010100,62614,00003,2014-12-27,4192.49,ft,Approved,,2025-03-11 21:31:41.809573+00:00
-112.49690297112,41.2552106532508,bede7323-48ca-4b9e-b404-75d13c2f5eb5,2e4657553ff7486d84e1ae1c10a0d34c,USGS-10010100,62614,00003,2014-12-26,4192.63,ft,Approved,,2025-03-11 21:31:41.809573+00:00
-112.49690297112,41.2552106532508,14a33637-9955-4bb0-b8f0-b2480a359f08,2e4657553ff7486d84e1ae1c10a0d34c,USGS-10010100,62614,00003,2014-12-25,4192.62,ft,Approved,,2025-03-11 21:31:41.809573+00:00
-112.49690297112,41.2552106532508,f45c09ec-aecb-490f-adcd-6ddc2b098251,2e4657553ff7486d84e1ae1c10a0d34c,USGS-10010100,62614,00003,2014-12-24,4192.51,ft,Approved,,2025-03-11 21:31:41.809573+00:00
-112.49690297112,41.2552106532508,5cf41873-a000-40f6-8fa5-a98bf5dd834f,2e4657553ff7486d84e1ae1c10a0d34c,USGS-10010100,62614,00003,2014-12-23,4192.54,ft,Approved,,2025-03-11 21:31:41.809573+00:00
-112.49690297112,41.2552106532508,50b6445f-2451-4f91-8cfd-85a10e8295cf,2e4657553ff7486d84e1ae1c10a0d34c,USGS-10010100,62614,00003,2014-12-22,4192.65,ft,Approved,,2025-03-11 21:31:41.809573+00:00
-112.49690297112,41.2552106532508,6207cd3f-bea2-4e00-b06b-2be7923f70d9,2e4657553ff7486d84e1ae1c10a0d34c,USGS-10010100,62614,00003,2014-12-21,4192.54,ft,Approved,,2025-03-11 21:31:41.809573+00:00
-112.49690297112,41.2552106532508,02b8c905-c449-48b4-a50a-6dc1b60c4763,2e4657553ff7486d84e1ae1c10a0d34c,USGS-10010100,62614,00003,2014-12-20,4192.47,ft,Approved,,2025-03-11 21:31:41.809573+00:00
-112.49690297112,41.2552106532508,d70a88a8-73b2-4662-bfae-e59caf6e66d6,2e4657553ff7486d84e1ae1c10a0d34c,USGS-10010100,62614,00003,2014-12-19,4192.49,ft,Approved,,2025-03-11 21:31:41.809573+00:00
-112.49690297112,41.2552106532508,129ec49e-0ff9-47d2-af21-67e6405f374f,2e4657553ff7486d84e1ae1c10a0d34c,USGS-10010100,62614,00003,2014-12-18,4192.50,ft,Approved,,2025-03-11 21:31:41.809573+00:00
-112.49690297112,41.2552106532508,e57b3a99-293b-4006-91c5-cfca573a57e7,2e4657553ff7486d84e1ae1c10a0d34c,USGS-10010100,62614,00003,2014-12-17,4192.51,ft,Approved,,2025-03-11 21:31:41.809573+00:00
-112.49690297112,41.2552106532508,6e11135b-a578-42ad-84a6-50da23cdf48d,2e4657553ff7486d84e1ae1c10a0d34c,USGS-10010100,62614,00003,2014-12-16,4192.52,ft,Approved,,2025-03-11 21:31:41.809573+00:00
-112.49690297112,41.2552106532508,fff4db7a-c2db-4628-97d8-1858bb0327bb,2e4657553ff7486d84e1ae1c10a0d34c,USGS-10010100,62614,00003,2014-12-15,4192.49,ft,Approved,,2025-03-11 21:31:41.809573+00:00
-112.49690297112,41.2552106532508,09a72491-8411-4113-8d25-611afdc8c5d1,2e4657553ff7486d84e1ae1c10a0d34c,USGS-10010100,62614,00003,2014-12-14,4192.52,ft,Approved,,2025-03-11 21:31:41.809573+00:00
-112.49690297112,41.2552106532508,9dad7120-88ac-40cc-9502-656725a08274,2e4657553ff7486d84e1ae1c10a0d34c,USGS-10010100,62614,00003,2014-12-13,4192.52,ft,Approved,,2025-03-11 21:31:41.809573+00:00
-112.49690297112,41.2552106532508,fb854f47-4077-4798-a8e3-7380c5c1584a,2e4657553ff7486d84e1ae1c10a0d34c,USGS-10010100,62614,00003,2014-12-12,4192.42,ft,Approved,,2025-03-11 21:31:41.809573+00:00
-112.49690297112,41.2552106532508,0339ee03-859b-4ed3-a5bb-abe3b8a6fb7d,2e4657553ff7486d84e1ae1c10a0d34c,USGS-10010100,62614,00003,2014-12-11,4192.48,ft,Approved,,2025-03-11 21:31:41.809573+00:00
-112.49690297112,41.2552106532508,ec3c5023-98fb-4534-91fe-21d0f2c36322,2e4657553ff7486d84e1ae1c10a0d34c,USGS-10010100,62614,00003,2014-12-10,4192.50,ft,Approved,,2025-03-11 21:31:41.809573+00:00
-112.49690297112,41.2552106532508,2b1fc46d-6636-46ac-9d0b-512d9673e96a,2e4657553ff7486d84e1ae1c10a0d34c,USGS-10010100,62614,00003,2014-12-09,4192.50,ft,Approved,,2025-03-11 21:31:41.809573+00:00
-112.49690297112,41.2552106532508,4a01ed3e-087f-4f54-90c1-c3c9f2406d23,2e4657553ff7486d84e1ae1c10a0d34c,USGS-10010100,62614,00003,2014-12-08,4192.50,ft,Approved,,2025-03-11 21:31:41.809573+00:00
-112.49690297112,41.2552106532508,3352e7b8-c949-4f45-83ca-636685bec171,2e4657553ff7486d84e1ae1c10a0d34c,USGS-10010100,62614,00003,2014-12-07,4192.50,ft,Approved,,2025-03-11 21:31:41.809573+00:00
-112.49690297112,41.2552106532508,f39dfe80-4605-4dad-9f39-c343f76ae005,2e4657553ff7486d84e1ae1c10a0d34c,USGS-10010100,62614,00003,2014-12-06,4192.49,ft,Approved,,2025-03-11 21:31:41.809573+00:00
-112.49690297112,41.2552106532508,0b663815-40e9-406c-b8e2-fa1ec11e8716,2e4657553ff7486d84e1ae1c10a0d34c,USGS-10010100,62614,00003,2014-12-05,4192.50,ft,Approved,,2025-03-11 21:31:41.809573+00:00
-112.49690297112,41.2552106532508,5fa9102f-0b7c-4209-a082-48c0e5087d7b,2e4657553ff7486d84e1ae1c10a0d34c,USGS-10010100,62614,00003,2014-12-04,4192.50,ft,Approved,,2025-03-11 21:31:41.809573+00:00
-112.49690297112,41.2552106532508,373468f1-3bd5-46b3-b57b-5910369b7eb1,2e4657553ff7486d84e1ae1c10a0d34c,USGS-10010100,62614,00003,2014-12-03,4192.49,ft,Approved,,2025-03-11 21:31:41.809573+00:00
-112.49690297112,41.2552106532508,97bb10bd-b751-4a19-bf91-932b14be0c8a,2e4657553ff7486d84e1ae1c10a0d34c,USGS-10010100,62614,00003,2014-12-02,4192.50,ft,Approved,,2025-03-11 21:31:41.809573+00:00
-112.49690297112,41.2552106532508,07eae7c9-c27b-465c-b9fb-375e194d8ad5,2e4657553ff7486d84e1ae1c10a0d34c,USGS-10010100,62614,00003,2014-12-01,4192.49,ft,Approved,,2025-03-11 21:31:41.809573+00:00
-112.49690297112,41.2552106532508,5d89abb6-246a-478f-a432-c877461ca629,2e4657553ff7486d84e1ae1c10a0d34c,USGS-10010100,62614,00003,2014-11-30,4192.58,ft,Approved,,2025-03-11 21:31:41.809573+00:00
-112.49690297112,41.2552106532508,462e1b4e-89c1-4817-87bb-cea275b93b1e,2e4657553ff7486d84e1ae1c10a0d34c,USGS-10010100,62614,00003,2014-11-29,4192.50,ft,Approved,,2025-03-11 21:31:41.809573+00:00
-112.49690297112,41.2552106532508,fd3c5c34-89a5-4daa-9856-642edf784165,2e4657553ff7486d84e1ae1c10a0d34c,USGS-10010100,62614,00003,2014-11-28,4192.51,ft,Approved,,2025-03-11 21:31:41.809573+00:00
-112.49690297112,41.2552106532508,144f99bc-67f4-4fc4-96fe-ef1a9fe65358,2e4657553ff7486d84e1ae1c10a0d34c,USGS-10010100,62614,00003,2014-11-27,4192.50,ft,Approved,,2025-03-11 21:31:41.809573+00:00
-112.49690297112,41.2552106532508,c2a09a78-90c0-4b87-9f45-c2db40655af9,2e4657553ff7486d84e1ae1c10a0d34c,USGS-10010100,62614,00003,2014-11-26,4192.49,ft,Approved,,2025-03-11 21:31:41.809573+00:00
-112.49690297112,41.2552106532508,638c471d-7b62-44a4-b292-6f2188483ed4,2e4657553ff7486d84e1ae1c10a0d34c,USGS-10010100,62614,00003,2014-11-25,4192.48,ft,Approved,,2026-01-16 00:24:01.973802+00:00
-112.49690297112,41.2552106532508,1e3c35fd-0ffc-40cb-932c-e8f3cdd3b957,2e4657553ff7486d84e1ae1c10a0d34c,USGS-10010100,62614,00003,2014-11-24,4192.50,ft,Approved,['ESTIMATED'],2025-03-11 21:31:41.809573+00:00
-112.49690297112,41.2552106532508,19114ac3-1a66-4dc8-a829-200599cf822c,2e4657553ff7486d84e1ae1c10a0d34c,USGS-10010100,62614,00003,2014-11-23,4192.63,ft,Approved,,2025-03-11 21:31:41.809573+00:00
-112.49690297112,41.2552106532508,8d09cffe-d97e-4082-b7a0-c37660fc6f5d,2e4657553ff7486d84e1ae1c10a0d34c,USGS-10010100,62614,00003,2014-11-22,4192.51,ft,Approved,,2025-03-11 21:31:41.809573+00:00
-112.49690297112,41.2552106532508,3e727f43-58e3-40ce-b898-b76886bf982d,2e4657553ff7486d84e1ae1c10a0d34c,USGS-10010100,62614,00003,2014-11-21,4192.50,ft,Approved,,2025-03-11 21:31:41.809573+00:00
-112.49690297112,41.2552106532508,958f042f-3b31-42e2-989e-300ad0ee6b78,2e4657553ff7486d84e1ae1c10a0d34c,USGS-10010100,62614,00003,2014-11-20,4192.50,ft,Approved,,2025-03-11 21:31:41.809573+00:00
-112.49690297112,41.2552106532508,d6ecf29c-7f2f-4704-b20c-fe8836ba22b9,2e4657553ff7486d84e1ae1c10a0d34c,USGS-10010100,62614,00003,2014-11-19,4192.50,ft,Approved,,2025-03-11 21:31:41.809573+00:00
-112.49690297112,41.2552106532508,a9e1fe2f-c24c-42fa-80c3-f41b1c42a562,2e4657553ff7486d84e1ae1c10a0d34c,USGS-10010100,62614,00003,2014-11-18,4192.50,ft,Approved,,2025-03-11 21:31:41.809573+00:00
-112.49690297112,41.2552106532508,2d08d8eb-a371-4f07-912b-ed0c3d649d84,2e4657553ff7486d84e1ae1c10a0d34c,USGS-10010100,62614,00003,2014-11-17,4192.50,ft,Approved,,2025-03-11 21:31:41.809573+00:00
-112.49690297112,41.2552106532508,49129d4b-a345-41f7-a3b1-476a1e6fbe13,2e4657553ff7486d84e1ae1c10a0d34c,USGS-10010100,62614,00003,2014-11-16,4192.60,ft,Approved,,2025-03-11 21:31:41.809573+00:00
-112.49690297112,41.2552106532508,23282f5a-27c1-4ae7-96bf-adea0c09bfb1,2e4657553ff7486d84e1ae1c10a0d34c,USGS-10010100,62614,00003,2014-11-15,4192.72,ft,Approved,,2025-03-11 21:31:41.809573+00:00
-112.49690297112,41.2552106532508,a0079f90-b795-457c-9b7f-d16778e71662,2e4657553ff7486d84e1ae1c10a0d34c,USGS-10010100,62614,00003,2014-11-14,4192.54,ft,Approved,,2025-03-11 21:31:41.809573+00:00
-112.49690297112,41.2552106532508,daf979a4-4c14-4be5-b3d4-64acb8cf57c2,2e4657553ff7486d84e1ae1c10a0d34c,USGS-10010100,62614,00003,2014-11-13,4192.54,ft,Approved,,2025-03-11 21:31:41.809573+00:00
-112.49690297112,41.2552106532508,6f3ddf61-fab6-4cd5-89dd-7671b51d0bfb,2e4657553ff7486d84e1ae1c10a0d34c,USGS-10010100,62614,00003,2014-11-12,4192.71,ft,Approved,,2025-03-11 21:31:41.809573+00:00
-112.49690297112,41.2552106532508,4bb8ec30-27f4-47dc-b8f8-3ff49e294e60,2e4657553ff7486d84e1ae1c10a0d34c,USGS-10010100,62614,00003,2014-11-11,4192.69,ft,Approved,,2025-03-11 21:31:41.809573+00:00
-112.49690297112,41.2552106532508,b9095395-8e52-4eb9-b897-ce12c825e44c,2e4657553ff7486d84e1ae1c10a0d34c,USGS-10010100,62614,00003,2014-11-10,4192.69,ft,Approved,,2025-03-11 21:31:41.809573+00:00
-112.49690297112,41.2552106532508,173b9af0-199c-47fe-980a-aa363f2aa95e,2e4657553ff7486d84e1ae1c10a0d34c,USGS-10010100,62614,00003,2014-11-09,4192.60,ft,Approved,,2025-03-11 21:31:41.809573+00:00
-112.49690297112,41.2552106532508,ccdecd18-debd-4b10-8ec1-e0f9dd33600b,2e4657553ff7486d84e1ae1c10a0d34c,USGS-10010100,62614,00003,2014-11-08,4192.61,ft,Approved,,2025-03-11 21:31:41.809573+00:00
-112.49690297112,41.2552106532508,7c6b81d9-4241-4a47-ab2e-a761d604d9ee,2e4657553ff7486d84e1ae1c10a0d34c,USGS-10010100,62614,00003,2014-11-07,4192.63,ft,Approved,,2025-03-11 21:31:41.809573+00:00
-112.49690297112,41.2552106532508,dd5e43cb-1662-47b1-9740-16481dbc9d0a,2e4657553ff7486d84e1ae1c10a0d34c,USGS-10010100,62614,00003,2014-11-06,4192.60,ft,Approved,,2025-03-11 21:31:41.809573+00:00
-112.49690297112,41.2552106532508,8eedae03-6590-42f0-9c42-4f294a841452,2e4657553ff7486d84e1ae1c10a0d34c,USGS-10010100,62614,00003,2014-11-05,4192.61,ft,Approved,,2025-03-11 21:31:41.809573+00:00
-112.49690297112,41.2552106532508,13d38f3a-a098-447e-92b1-caea98b895df,2e4657553ff7486d84e1ae1c10a0d34c,USGS-10010100,62614,00003,2014-11-04,4192.59,ft,Approved,,2025-03-11 21:31:41.809573+00:00
-112.49690297112,41.2552106532508,0e6af6d4-0baf-4bf6-8e2f-3da213002b6a,2e4657553ff7486d84e1ae1c10a0d34c,USGS-10010100,62614,00003,2014-11-03,4192.63,ft,Approved,,2025-03-11 21:31:41.809573+00:00
-112.49690297112,41.2552106532508,cb7a23a4-2b46-46ee-a02a-04b50fdec38d,2e4657553ff7486d84e1ae1c10a0d34c,USGS-10010100,62614,00003,2014-11-02,4192.69,ft,Approved,,2025-03-11 21:31:41.809573+00:00
-112.49690297112,41.2552106532508,89334575-1cbc-40c9-9fbb-cb04469867ce,2e4657553ff7486d84e1ae1c10a0d34c,USGS-10010100,62614,00003,2014-11-01,4192.55,ft,Approved,,2025-03-11 21:31:41.809573+00:00
-112.49690297112,41.2552106532508,950832b7-ed0a-4742-8a43-353e1ae27be0,2e4657553ff7486d84e1ae1c10a0d34c,USGS-10010100,62614,00003,2014-10-31,4192.65,ft,Approved,,2025-03-11 21:31:41.809573+00:00
-112.49690297112,41.2552106532508,3f5e4f9e-bb7c-4164-9b37-e6c1e5e126a2,2e4657553ff7486d84e1ae1c10a0d34c,USGS-10010100,62614,00003,2014-10-30,4192.66,ft,Approved,,2025-03-11 21:31:41.809573+00:00
-112.49690297112,41.2552106532508,62054647-3210-46b7-9e9c-45384d12151d,2e4657553ff7486d84e1ae1c10a0d34c,USGS-10010100,62614,00003,2014-10-29,4192.66,ft,Approved,,2025-03-11 21:31:41.809573+00:00
-112.49690297112,41.2552106532508,66d9411f-56e0-4f7f-8b31-3aaf427f064e,2e4657553ff7486d84e1ae1c10a0d34c,USGS-10010100,62614,00003,2014-10-28,4192.66,ft,Approved,,2025-03-11 21:31:41.809573+00:00
-112.49690297112,41.2552106532508,e0ac1ee6-9fe9-418d-b078-37f38c0a2310,2e4657553ff7486d84e1ae1c10a0d34c,USGS-10010100,62614,00003,2014-10-27,4192.71,ft,Approved,,2025-03-11 21:31:41.809573+00:00
-112.49690297112,41.2552106532508,df6942ef-3511-48e7-8500-5fb93bb11481,2e4657553ff7486d84e1ae1c10a0d34c,USGS-10010100,62614,00003,2014-10-26,4192.75,ft,Approved,,2025-03-11 21:31:41.809573+00:00
-112.49690297112,41.2552106532508,0f0655f7-1805-4e2f-8474-8c17d099255a,2e4657553ff7486d84e1ae1c10a0d34c,USGS-10010100,62614,00003,2014-10-25,4192.64,ft,Approved,,2025-03-11 21:31:41.809573+00:00
-112.49690297112,41.2552106532508,dbe9ca70-f2c2-4fee-a0e9-59e77ba9cb8c,2e4657553ff7486d84e1ae1c10a0d34c,USGS-10010100,62614,00003,2014-10-24,4192.72,ft,Approved,,2025-03-11 21:31:41.809573+00:00
-112.49690297112,41.2552106532508,07f73a46-3c44-42a8-a52d-1cc39560ae34,2e4657553ff7486d84e1ae1c10a0d34c,USGS-10010100,62614,00003,2014-10-23,4192.71,ft,Approved,,2025-03-11 21:31:41.809573+00:00
-112.49690297112,41.2552106532508,386448b2-538a-4737-8aa6-386691a0747d,2e4657553ff7486d84e1ae1c10a0d34c,USGS-10010100,62614,00003,2014-10-22,4192.73,ft,Approved,,2025-03-11 21:31:41.809573+00:00
-112.49690297112,41.2552106532508,f6510223-bd0f-49be-81d3-ee52cc34b4d8,2e4657553ff7486d84e1ae1c10a0d34c,USGS-10010100,62614,00003,2014-10-21,4192.74,ft,Approved,,2025-03-11 21:31:41.809573+00:00
-112.49690297112,41.2552106532508,68011ab3-4e4d-4337-82d1-7c0fda3b8d97,2e4657553ff7486d84e1ae1c10a0d34c,USGS-10010100,62614,00003,2014-10-20,4192.75,ft,Approved,,2025-03-11 21:31:41.809573+00:00
-112.49690297112,41.2552106532508,8b604476-0d65-48dd-86ae-efe6214afff0,2e4657553ff7486d84e1ae1c10a0d34c,USGS-10010100,62614,00003,2014-10-19,4192.76,ft,Approved,,2025-03-11 21:31:41.809573+00:00
-112.49690297112,41.2552106532508,a0d846c8-3b58-4e6d-b308-5b73326e0111,2e4657553ff7486d84e1ae1c10a0d34c,USGS-10010100,62614,00003,2014-10-18,4192.78,ft,Approved,,2025-03-11 21:31:41.809573+00:00
-112.49690297112,41.2552106532508,a485e82b-d9da-4173-9190-b65fc2d6231e,2e4657553ff7486d84e1ae1c10a0d34c,USGS-10010100,62614,00003,2014-10-17,4192.78,ft,Approved,,2025-03-11 21:31:41.809573+00:00
-112.49690297112,41.2552106532508,08df3cad-202d-4df9-aa10-8ffb0af5d624,2e4657553ff7486d84e1ae1c10a0d34c,USGS-10010100,62614,00003,2014-10-16,4192.79,ft,Approved,,2025-03-11 21:31:41.809573+00:00
-112.49690297112,41.2552106532508,2da57e22-cbfc-4f01-a69d-f042853e2300,2e4657553ff7486d84e1ae1c10a0d34c,USGS-10010100,62614,00003,2014-10-15,4192.79,ft,Approved,,2025-03-11 21:31:41.809573+00:00
-112.49690297112,41.2552106532508,5f43d80b-7bcf-48c8-9f7c-a7131582bf7e,2e4657553ff7486d84e1ae1c10a0d34c,USGS-10010100,62614,00003,2014-10-14,4192.76,ft,Approved,,2025-03-11 21:31:41.809573+00:00
-112.49690297112,41.2552106532508,81046ab0-f763-47da-8b4c-9c2ad6bacbdc,2e4657553ff7486d84e1ae1c10a0d34c,USGS-10010100,62614,00003,2014-10-13,4192.78,ft,Approved,,2025-03-11 21:31:41.809573+00:00
-112.49690297112,41.2552106532508,81f634d5-9d66-4730-8eb8-f33d1c35c9ab,2e4657553ff7486d84e1ae1c10a0d34c,USGS-10010100,62614,00003,2014-10-12,4192.94,ft,Approved,,2025-03-11 21:31:41.809573+00:00
-112.49690297112,41.2552106532508,181ce2f8-475f-43ad-a7ec-319391008513,2e4657553ff7486d84e1ae1c10a0d34c,USGS-10010100,62614,00003,2014-10-11,4192.83,ft,Approved,,2025-03-11 21:31:41.809573+00:00
-112.49690297112,41.2552106532508,948a7603-0556-46a6-9b2d-6c7f16edf2e5,2e4657553ff7486d84e1ae1c10a0d34c,USGS-10010100,62614,00003,2014-10-10,4192.87,ft,Approved,,2025-03-11 21:31:41.809573+00:00
-112.49690297112,41.2552106532508,111de7f5-5d6c-41e6-83a2-401f1209a730,2e4657553ff7486d84e1ae1c10a0d34c,USGS-10010100,62614,00003,2014-10-09,4192.84,ft,Approved,,2025-03-11 21:31:41.809573+00:00
-112.49690297112,41.2552106532508,d4e47b1d-8ffe-4826-ac7e-0f29cff842b3,2e4657553ff7486d84e1ae1c10a0d34c,USGS-10010100,62614,00003,2014-10-08,4192.80,ft,Approved,,2025-03-11 21:31:41.809573+00:00
-112.49690297112,41.2552106532508,f02762b6-5ce2-4d6b-a098-441177f11035,2e4657553ff7486d84e1ae1c10a0d34c,USGS-10010100,62614,00003,2014-10-07,4192.81,ft,Approved,,2025-03-11 21:31:41.809573+00:00
-112.49690297112,41.2552106532508,892aed3c-6fad-48d6-a631-4ca4d5652cd0,2e4657553ff7486d84e1ae1c10a0d34c,USGS-10010100,62614,00003,2014-10-06,4192.81,ft,Approved,,2025-03-11 21:31:41.809573+00:00
-112.49690297112,41.2552106532508,6f17893c-e9d6-4850-a062-917baa2e0e04,2e4657553ff7486d84e1ae1c10a0d34c,USGS-10010100,62614,00003,2014-10-05,4192.82,ft,Approved,,2025-03-11 21:31:41.809573+00:00
-112.49690297112,41.2552106532508,2ce01ec6-2501-4120-8f66-b03e01ab4af8,2e4657553ff7486d84e1ae1c10a0d34c,USGS-10010100,62614,00003,2014-10-04,4192.90,ft,Approved,,2025-03-11 21:31:41.809573+00:00
-112.49690297112,41.2552106532508,c47eb7f6-74c9-4430-a0a5-f30916486a80,2e4657553ff7486d84e1ae1c10a0d34c,USGS-10010100,62614,00003,2014-10-03,4192.93,ft,Approved,,2025-03-11 21:31:41.809573+00:00
-112.49690297112,41.2552106532508,99ce566e-ddb0-4f48-b925-80e3f714bbd3,2e4657553ff7486d84e1ae1c10a0d34c,USGS-10010100,62614,00003,2014-10-02,4192.93,ft,Approved,,2025-03-11 21:31:41.809573+00:00
-112.49690297112,41.2552106532508,e1c5cbc0-7b66-4bb8-a2d7-515ee7ef96dc,2e4657553ff7486d84e1ae1c10a0d34c,USGS-10010100,62614,00003,2014-10-01,4192.99,ft,Approved,,2025-03-11 21:31:41.809573+00:00
-112.49690297112,41.2552106532508,402f011c-ba6b-4c35-adbf-a2200a52bed2,2e4657553ff7486d84e1ae1c10a0d34c,USGS-10010100,62614,00003,2014-09-30,4192.98,ft,Approved,,2025-03-11 21:31:41.809573+00:00
-112.49690297112,41.2552106532508,b60f8b0f-531f-42d9-8f75-3299a806dc43,2e4657553ff7486d84e1ae1c10a0d34c,USGS-10010100,62614,00003,2014-09-29,4192.95,ft,Approved,,2025-03-11 21:31:41.809573+00:00
-112.49690297112,41.2552106532508,7dc07205-baf5-4664-933a-64f0fa0821e1,2e4657553ff7486d84e1ae1c10a0d34c,USGS-10010100,62614,00003,2014-09-28,4192.90,ft,Approved,,2025-03-11 21:31:41.809573+00:00
-112.49690297112,41.2552106532508,4e4f9dd0-b5f7-4727-a4a2-10ccf6377564,2e4657553ff7486d84e1ae1c10a0d34c,USGS-10010100,62614,00003,2014-09-27,4192.67,ft,Approved,,2025-03-11 21:31:41.809573+00:00
-112.49690297112,41.2552106532508,42a12ad1-396d-4bf0-a063-501f318e7b23,2e4657553ff7486d84e1ae1c10a0d34c,USGS-10010100,62614,00003,2014-09-26,4192.77,ft,Approved,,2025-03-11 21:31:41.809573+00:00
-112.49690297112,41.2552106532508,395e144f-ae84-4a37-89d5-85cab7720d2c,2e4657553ff7486d84e1ae1c10a0d34c,USGS-10010100,62614,00003,2014-09-25,4192.73,ft,Approved,,2025-03-11 21:31:41.809573+00:00
-112.49690297112,41.2552106532508,a9d6e5f1-9b9d-4cac-b4fd-694dc7317d4b,2e4657553ff7486d84e1ae1c10a0d34c,USGS-10010100,62614,00003,2014-09-24,4192.79,ft,Approved,,2025-03-11 21:31:41.809573+00:00
-112.49690297112,41.2552106532508,3b05d4a6-f7e3-4389-b627-c4386bffc7ac,2e4657553ff7486d84e1ae1c10a0d34c,USGS-10010100,62614,00003,2014-09-23,4192.81,ft,Approved,,2025-03-11 21:31:41.809573+00:00
-112.49690297112,41.2552106532508,dc42fa16-b191-4199-8c8a-b2e2bdb13667,2e4657553ff7486d84e1ae1c10a0d34c,USGS-10010100,62614,00003,2014-09-22,4192.83,ft,Approved,,2025-03-11 21:31:41.809573+00:00
-112.49690297112,41.2552106532508,4270adde-0326-43db-8f59-86ae77f7ad82,2e4657553ff7486d84e1ae1c10a0d34c,USGS-10010100,62614,00003,2014-09-21,4192.84,ft,Approved,,2025-03-11 21:31:41.809573+00:00
-112.49690297112,41.2552106532508,5c477c7d-ba29-498e-a08b-09773de4efaf,2e4657553ff7486d84e1ae1c10a0d34c,USGS-10010100,62614,00003,2014-09-20,4192.89,ft,Approved,,2025-03-11 21:31:41.809573+00:00
-112.49690297112,41.2552106532508,b5da9b75-7300-4e6f-a1ec-b09edd80c24b,2e4657553ff7486d84e1ae1c10a0d34c,USGS-10010100,62614,00003,2014-09-19,4192.88,ft,Approved,,2025-03-11 21:31:41.809573+00:00
-112.49690297112,41.2552106532508,e47719c4-14f9-4631-80d3-1414e7e8c07b,2e4657553ff7486d84e1ae1c10a0d34c,USGS-10010100,62614,00003,2014-09-18,4192.86,ft,Approved,,2025-03-11 21:31:41.809573+00:00
-112.49690297112,41.2552106532508,79f7004a-957a-4604-98ea-9243ad2f6b7e,2e4657553ff7486d84e1ae1c10a0d34c,USGS-10010100,62614,00003,2014-09-17,4192.83,ft,Approved,,2025-03-11 21:31:41.809573+00:00
-112.49690297112,41.2552106532508,571d5b09-b73f-4839-a503-07918711a4d4,2e4657553ff7486d84e1ae1c10a0d34c,USGS-10010100,62614,00003,2014-09-16,4192.85,ft,Approved,,2025-03-11 21:31:41.809573+00:00
-112.49690297112,41.2552106532508,b1607ddb-f68f-403d-9cf4-2a7ab0c5a225,2e4657553ff7486d84e1ae1c10a0d34c,USGS-10010100,62614,00003,2014-09-15,4192.87,ft,Approved,,2025-03-11 21:31:41.809573+00:00
-112.49690297112,41.2552106532508,5b52092b-3342-4e20-a13b-95c39be47013,2e4657553ff7486d84e1ae1c10a0d34c,USGS-10010100,62614,00003,2014-09-14,4192.88,ft,Approved,,2025-03-11 21:31:41.809573+00:00
-112.49690297112,41.2552106532508,a44d79b5-4638-4c7c-97aa-3e2ea33750db,2e4657553ff7486d84e1ae1c10a0d34c,USGS-10010100,62614,00003,2014-09-13,4192.87,ft,Approved,,2025-03-11 21:31:41.809573+00:00
-112.49690297112,41.2552106532508,4292ce0a-de67-49eb-b2e7-878d303355fc,2e4657553ff7486d84e1ae1c10a0d34c,USGS-10010100,62614,00003,2014-09-12,4192.91,ft,Approved,,2025-03-11 21:31:41.809573+00:00
-112.49690297112,41.2552106532508,56be7311-3d6a-49f1-8904-8baf39265819,2e4657553ff7486d84e1ae1c10a0d34c,USGS-10010100,62614,00003,2014-09-11,4192.96,ft,Approved,,2025-03-11 21:31:41.809573+00:00
-112.49690297112,41.2552106532508,8a2d71fc-797d-458a-a5c9-1c525c739ab4,2e4657553ff7486d84e1ae1c10a0d34c,USGS-10010100,62614,00003,2014-09-10,4192.89,ft,Approved,,2025-03-11 21:31:41.809573+00:00
-112.49690297112,41.2552106532508,e8cffaf5-7148-4815-9729-d3fd98618168,2e4657553ff7486d84e1ae1c10a0d34c,USGS-10010100,62614,00003,2014-09-09,4192.82,ft,Approved,,2025-03-11 21:31:41.809573+00:00
-112.49690297112,41.2552106532508,15713e7d-d097-49e8-b17c-1e2019e666a2,2e4657553ff7486d84e1ae1c10a0d34c,USGS-10010100,62614,00003,2014-09-08,4192.80,ft,Approved,,2025-03-11 21:31:41.809573+00:00
-112.49690297112,41.2552106532508,80dbe8b6-215d-4ccd-85ec-6582f565382a,2e4657553ff7486d84e1ae1c10a0d34c,USGS-10010100,62614,00003,2014-09-07,4192.86,ft,Approved,,2025-03-11 21:31:41.809573+00:00
-112.49690297112,41.2552106532508,f0ee3364-5c0c-47c8-b603-4538f77aa5f7,2e4657553ff7486d84e1ae1c10a0d34c,USGS-10010100,62614,00003,2014-09-06,4192.90,ft,Approved,,2025-03-11 21:31:41.809573+00:00
-112.49690297112,41.2552106532508,89b0656d-596a-4d75-a7e7-07fdc9170d0a,2e4657553ff7486d84e1ae1c10a0d34c,USGS-10010100,62614,00003,2014-09-05,4192.94,ft,Approved,,2025-03-11 21:31:41.809573+00:00
-112.49690297112,41.2552106532508,00061989-603f-439c-85cf-72a7257a4b5e,2e4657553ff7486d84e1ae1c10a0d34c,USGS-10010100,62614,00003,2014-09-04,4193.06,ft,Approved,,2025-03-11 21:31:41.809573+00:00
-112.49690297112,41.2552106532508,f2a4c40d-a77b-493b-a1a9-5120b2a8cd47,2e4657553ff7486d84e1ae1c10a0d34c,USGS-10010100,62614,00003,2014-09-03,4193.05,ft,Approved,,2025-03-11 21:31:41.809573+00:00
-112.49690297112,41.2552106532508,ebf958f2-5da9-48e7-87e0-72517e227fb1,2e4657553ff7486d84e1ae1c10a0d34c,USGS-10010100,62614,00003,2014-09-02,4192.99,ft,Approved,,2025-03-11 21:31:41.809573+00:00
-112.49690297112,41.2552106532508,247d4529-aa1f-49e1-8177-2ac2a0b6d51c,2e4657553ff7486d84e1ae1c10a0d34c,USGS-10010100,62614,00003,2014-09-01,4193.01,ft,Approved,,2025-03-11 21:31:41.809573+00:00
-112.49690297112,41.2552106532508,930c8aa8-adb7-472f-b527-08385bbafb52,2e4657553ff7486d84e1ae1c10a0d34c,USGS-10010100,62614,00003,2014-08-31,4193.06,ft,Approved,,2025-03-11 21:31:41.809573+00:00
-112.49690297112,41.2552106532508,1f614e06-55eb-4450-9acd-5604da170e45,2e4657553ff7486d84e1ae1c10a0d34c,USGS-10010100,62614,00003,2014-08-30,4193.04,ft,Approved,,2025-03-11 21:31:41.809573+00:00
-112.49690297112,41.2552106532508,1d717396-2b47-4ec8-9ad5-3b6791337f52,2e4657553ff7486d84e1ae1c10a0d34c,USGS-10010100,62614,00003,2014-08-29,4193.00,ft,Approved,,2025-03-11 21:31:41.809573+00:00
-112.49690297112,41.2552106532508,b90c8ecb-ff40-4eec-b45e-372bcd7ee642,2e4657553ff7486d84e1ae1c10a0d34c,USGS-10010100,62614,00003,2014-08-28,4193.00,ft,Approved,,2025-03-11 21:31:41.809573+00:00
-112.49690297112,41.2552106532508,515adeed-49c1-4a67-8db6-ae10d1d7021c,2e4657553ff7486d84e1ae1c10a0d34c,USGS-10010100,62614,00003,2014-08-27,4193.05,ft,Approved,,2025-03-11 21:31:41.809573+00:00
-112.49690297112,41.2552106532508,5a22e4e9-3bd5-473f-afff-fb28a3abc007,2e4657553ff7486d84e1ae1c10a0d34c,USGS-10010100,62614,00003,2014-08-26,4193.06,ft,Approved,,2025-03-11 21:31:41.809573+00:00
-112.49690297112,41.2552106532508,50478c85-312d-435b-a2e7-603ab975e529,2e4657553ff7486d84e1ae1c10a0d34c,USGS-10010100,62614,00003,2014-08-25,4193.14,ft,Approved,,2025-03-11 21:31:41.809573+00:00
-112.49690297112,41.2552106532508,6de5d1a7-da27-4065-a8d8-2e5a4537b83a,2e4657553ff7486d84e1ae1c10a0d34c,USGS-10010100,62614,00003,2014-08-24,4193.11,ft,Approved,,2025-03-11 21:31:41.809573+00:00
-112.49690297112,41.2552106532508,7bbc8b15-28d6-4113-9596-4d3267c49136,2e4657553ff7486d84e1ae1c10a0d34c,USGS-10010100,62614,00003,2014-08-23,4193.15,ft,Approved,,2025-03-11 21:31:41.809573+00:00
-112.49690297112,41.2552106532508,79563f14-d546-402c-be5d-a411375d5b1a,2e4657553ff7486d84e1ae1c10a0d34c,USGS-10010100,62614,00003,2014-08-22,4193.12,ft,Approved,,2025-03-11 21:31:41.809573+00:00
-112.49690297112,41.2552106532508,dbd912e6-009a-403c-aecd-fd3d9e997f2d,2e4657553ff7486d84e1ae1c10a0d34c,USGS-10010100,62614,00003,2014-08-21,4193.11,ft,Approved,,2025-03-11 21:31:41.809573+00:00
-112.49690297112,41.2552106532508,ff2e67f6-a39d-4bcc-8c13-0a71c90d6677,2e4657553ff7486d84e1ae1c10a0d34c,USGS-10010100,62614,00003,2014-08-20,4193.08,ft,Approved,,2025-03-11 21:31:41.809573+00:00
-112.49690297112,41.2552106532508,a17fc55f-1538-4312-8767-8055d4f22a69,2e4657553ff7486d84e1ae1c10a0d34c,USGS-10010100,62614,00003,2014-08-19,4193.02,ft,Approved,,2025-03-11 21:31:41.809573+00:00
-112.49690297112,41.2552106532508,dd84e774-bc07-4284-9ad1-2ac442faa0d3,2e4657553ff7486d84e1ae1c10a0d34c,USGS-10010100,62614,00003,2014-08-18,4193.16,ft,Approved,,2025-03-11 21:31:41.809573+00:00
-112.49690297112,41.2552106532508,395a4ff8-d654-4be1-8589-b18c2d37e519,2e4657553ff7486d84e1ae1c10a0d34c,USGS-10010100,62614,00003,2014-08-17,4193.22,ft,Approved,,2025-03-11 21:31:41.809573+00:00
-112.49690297112,41.2552106532508,58d37087-95ed-4ffa-9391-4be8b4134da5,2e4657553ff7486d84e1ae1c10a0d34c,USGS-10010100,62614,00003,2014-08-16,4193.21,ft,Approved,,2025-03-11 21:31:41.809573+00:00
-112.49690297112,41.2552106532508,1a4a2d76-030f-421d-bac3-c33dd1c0aaf0,2e4657553ff7486d84e1ae1c10a0d34c,USGS-10010100,62614,00003,2014-08-15,4193.29,ft,Approved,,2025-03-11 21:31:41.809573+00:00
-112.49690297112,41.2552106532508,182ed79d-2b94-46d4-8e59-c2fdf44edab0,2e4657553ff7486d84e1ae1c10a0d34c,USGS-10010100,62614,00003,2014-08-14,4193.31,ft,Approved,,2025-03-11 21:31:41.809573+00:00
-112.49690297112,41.2552106532508,80d4abe7-d158-4792-8d40-9ff8ac4ff028,2e4657553ff7486d84e1ae1c10a0d34c,USGS-10010100,62614,00003,2014-08-13,4193.29,ft,Approved,,2025-03-11 21:31:41.809573+00:00
-112.49690297112,41.2552106532508,1b292a01-e307-4192-af9c-8be47ab51148,2e4657553ff7486d84e1ae1c10a0d34c,USGS-10010100,62614,00003,2014-08-12,4193.31,ft,Approved,,2025-03-11 21:31:41.809573+00:00
-112.49690297112,41.2552106532508,f56b188d-48ef-4ce3-94d5-c848ebe43b41,2e4657553ff7486d84e1ae1c10a0d34c,USGS-10010100,62614,00003,2014-08-11,4193.37,ft,Approved,,2025-03-11 21:31:41.809573+00:00
-112.49690297112,41.2552106532508,5bee6fee-b267-4b33-bff1-c62324997dfd,2e4657553ff7486d84e1ae1c10a0d34c,USGS-10010100,62614,00003,2014-08-10,4193.41,ft,Approved,,2025-03-11 21:31:41.809573+00:00
-112.49690297112,41.2552106532508,f4dcd68d-372a-4f5e-8a09-84b23c94d92c,2e4657553ff7486d84e1ae1c10a0d34c,USGS-10010100,62614,00003,2014-08-09,4193.39,ft,Approved,,2025-03-11 21:31:41.809573+00:00
-112.49690297112,41.2552106532508,386d1326-2286-400c-8d2b-799a1776397e,2e4657553ff7486d84e1ae1c10a0d34c,USGS-10010100,62614,00003,2014-08-08,4193.41,ft,Approved,,2025-03-11 21:31:41.809573+00:00
-112.49690297112,41.2552106532508,3d57d973-ff9d-40e4-a1d4-2ff29ee7668e,2e4657553ff7486d84e1ae1c10a0d34c,USGS-10010100,62614,00003,2014-08-07,4193.40,ft,Approved,,2025-03-11 21:31:41.809573+00:00
-112.49690297112,41.2552106532508,f5413739-3c72-4137-be94-eb05eb417dc8,2e4657553ff7486d84e1ae1c10a0d34c,USGS-10010100,62614,00003,2014-08-06,4193.47,ft,Approved,,2025-03-11 21:31:41.809573+00:00
-112.49690297112,41.2552106532508,ebd454f0-e76a-4a09-aabe-0fc77c2470e5,2e4657553ff7486d84e1ae1c10a0d34c,USGS-10010100,62614,00003,2014-08-05,4193.40,ft,Approved,,2025-03-11 21:31:41.809573+00:00
-112.49690297112,41.2552106532508,29e86041-f25a-4a4d-bc89-1ec851245bb8,2e4657553ff7486d84e1ae1c10a0d34c,USGS-10010100,62614,00003,2014-08-04,4193.42,ft,Approved,,2025-03-11 21:31:41.809573+00:00
-112.49690297112,41.2552106532508,4bb173cc-109c-4ef1-81f7-d09e08140275,2e4657553ff7486d84e1ae1c10a0d34c,USGS-10010100,62614,00003,2014-08-03,4193.36,ft,Approved,,2025-03-11 21:31:41.809573+00:00
-112.49690297112,41.2552106532508,70859005-18ef-4f91-9845-42c0bbbc9244,2e4657553ff7486d84e1ae1c10a0d34c,USGS-10010100,62614,00003,2014-08-02,4193.46,ft,Approved,,2025-03-11 21:31:41.809573+00:00
-112.49690297112,41.2552106532508,57eb754b-80f8-4ac8-a5cb-ff273dad1b88,2e4657553ff7486d84e1ae1c10a0d34c,USGS-10010100,62614,00003,2014-08-01,4193.49,ft,Approved,,2025-03-11 21:31:41.809573+00:00
-112.49690297112,41.2552106532508,aa2cb9d1-f0a8-4c53-8740-114d389591e5,2e4657553ff7486d84e1ae1c10a0d34c,USGS-10010100,62614,00003,2014-07-31,4193.49,ft,Approved,,2025-03-11 21:31:41.809573+00:00
-112.49690297112,41.2552106532508,613e938c-4647-49ff-9c72-bcdcb06aaa03,2e4657553ff7486d84e1ae1c10a0d34c,USGS-10010100,62614,00003,2014-07-30,4193.47,ft,Approved,,2025-03-11 21:31:41.809573+00:00
-112.49690297112,41.2552106532508,632d5fee-dea5-41bd-88d0-22da70b7b553,2e4657553ff7486d84e1ae1c10a0d34c,USGS-10010100,62614,00003,2014-07-29,4193.50,ft,Approved,,2025-03-11 21:31:41.809573+00:00
-112.49690297112,41.2552106532508,ea65af53-8ae3-4ca6-a3f6-bad13307cabf,2e4657553ff7486d84e1ae1c10a0d34c,USGS-10010100,62614,00003,2014-07-28,4193.43,ft,Approved,,2025-03-11 21:31:41.809573+00:00
-112.49690297112,41.2552106532508,fba653b8-1b3f-4356-8aed-2716acf310b7,2e4657553ff7486d84e1ae1c10a0d34c,USGS-10010100,62614,00003,2014-07-27,4193.52,ft,Approved,,2025-03-11 21:31:41.809573+00:00
-112.49690297112,41.2552106532508,8a28bd93-391f-4ce2-9424-806575d270d3,2e4657553ff7486d84e1ae1c10a0d34c,USGS-10010100,62614,00003,2014-07-26,4193.56,ft,Approved,,2025-03-11 21:31:41.809573+00:00
-112.49690297112,41.2552106532508,bff05ac4-84c8-4b58-ab15-6ab99efc031d,2e4657553ff7486d84e1ae1c10a0d34c,USGS-10010100,62614,00003,2014-07-25,4193.63,ft,Approved,,2025-03-11 21:31:41.809573+00:00
-112.49690297112,41.2552106532508,34537b8a-614d-47d9-8274-6ac75af24e77,2e4657553ff7486d84e1ae1c10a0d34c,USGS-10010100,62614,00003,2014-07-24,4193.67,ft,Approved,,2025-03-11 21:31:41.809573+00:00
-112.49690297112,41.2552106532508,59742c2e-2d99-4b59-8e4e-5ceb58089427,2e4657553ff7486d84e1ae1c10a0d34c,USGS-10010100,62614,00003,2014-07-23,4193.57,ft,Approved,,2025-03-11 21:31:41.809573+00:00
-112.49690297112,41.2552106532508,4ab66974-84f6-4ad1-a9e3-985a35253e61,2e4657553ff7486d84e1ae1c10a0d34c,USGS-10010100,62614,00003,2014-07-22,4193.63,ft,Approved,,2025-03-11 21:31:41.809573+00:00
-112.49690297112,41.2552106532508,8e0e5c84-e302-4c6d-82aa-2fa78b3aab5c,2e4657553ff7486d84e1ae1c10a0d34c,USGS-10010100,62614,00003,2014-07-21,4193.62,ft,Approved,,2025-03-11 21:31:41.809573+00:00
-112.49690297112,41.2552106532508,94b304d9-3145-4656-a444-42c15f380f57,2e4657553ff7486d84e1ae1c10a0d34c,USGS-10010100,62614,00003,2014-07-20,4193.62,ft,Approved,,2025-03-11 21:31:41.809573+00:00
-112.49690297112,41.2552106532508,d77c4f69-3446-41ae-b9f6-1b054dd5db6c,2e4657553ff7486d84e1ae1c10a0d34c,USGS-10010100,62614,00003,2014-07-19,4193.66,ft,Approved,,2025-03-11 21:31:41.809573+00:00
-112.49690297112,41.2552106532508,17485d26-5901-43bd-9a49-491a9e6ac007,2e4657553ff7486d84e1ae1c10a0d34c,USGS-10010100,62614,00003,2014-07-18,4193.65,ft,Approved,,2025-03-11 21:31:41.809573+00:00
-112.49690297112,41.2552106532508,1349f626-7007-4a38-8a7d-6beabc1663be,2e4657553ff7486d84e1ae1c10a0d34c,USGS-10010100,62614,00003,2014-07-17,4193.68,ft,Approved,,2025-03-11 21:31:41.809573+00:00
-112.49690297112,41.2552106532508,26963f2a-b8f7-4692-8fe5-7a884e2f4e87,2e4657553ff7486d84e1ae1c10a0d34c,USGS-10010100,62614,00003,2014-07-16,4193.76,ft,Approved,,2025-03-11 21:31:41.809573+00:00
-112.49690297112,41.2552106532508,96e69ad4-2d81-4d50-b5bf-b67320ebc3fa,2e4657553ff7486d84e1ae1c10a0d34c,USGS-10010100,62614,00003,2014-07-15,4193.75,ft,Approved,,2025-03-11 21:31:41.809573+00:00
-112.49690297112,41.2552106532508,7ad7c0bf-e891-4d16-9e7b-eb014447642b,2e4657553ff7486d84e1ae1c10a0d34c,USGS-10010100,62614,00003,2014-07-14,4193.70,ft,Approved,,2025-03-11 21:31:41.809573+00:00
-112.49690297112,41.2552106532508,e9fd2100-9c6b-4833-a41a-c5ba97f06fad,2e4657553ff7486d84e1ae1c10a0d34c,USGS-10010100,62614,00003,2014-07-13,4193.67,ft,Approved,,2025-03-11 21:31:41.809573+00:00
-112.49690297112,41.2552106532508,1e4d6b35-7dd7-47db-9da1-2dcee699970a,2e4657553ff7486d84e1ae1c10a0d34c,USGS-10010100,62614,00003,2014-07-12,4193.69,ft,Approved,,2025-03-11 21:31:41.809573+00:00
-112.49690297112,41.2552106532508,d7d9f9a2-10dd-4ea2-bf10-77d5c3c5494b,2e4657553ff7486d84e1ae1c10a0d34c,USGS-10010100,62614,00003,2014-07-11,4193.64,ft,Approved,,2025-03-11 21:31:41.809573+00:00
-112.49690297112,41.2552106532508,1020745d-c2fe-40e1-b34a-ada649d12d92,2e4657553ff7486d84e1ae1c10a0d34c,USGS-10010100,62614,00003,2014-07-10,4193.69,ft,Approved,,2025-03-11 21:31:41.809573+00:00
-112.49690297112,41.2552106532508,4b25a710-23cb-4076-b623-3bec5c8c28a5,2e4657553ff7486d84e1ae1c10a0d34c,USGS-10010100,62614,00003,2014-07-09,4193.64,ft,Approved,,2025-03-11 21:31:41.809573+00:00
-112.49690297112,41.2552106532508,7adac84c-c97b-4b62-805d-b9f0e7bd6ece,2e4657553ff7486d84e1ae1c10a0d34c,USGS-10010100,62614,00003,2014-07-08,4193.75,ft,Approved,,2025-03-11 21:31:41.809573+00:00
-112.49690297112,41.2552106532508,20a6efbb-e95d-44e8-ac31-e391531809fd,2e4657553ff7486d84e1ae1c10a0d34c,USGS-10010100,62614,00003,2014-07-07,4193.76,ft,Approved,,2025-03-11 21:31:41.809573+00:00
-112.49690297112,41.2552106532508,bca3aa50-03f1-449e-96b9-be4dabf6bd5c,2e4657553ff7486d84e1ae1c10a0d34c,USGS-10010100,62614,00003,2014-07-06,4193.76,ft,Approved,,2025-03-11 21:31:41.809573+00:00
-112.49690297112,41.2552106532508,8821337a-cc4e-4df4-aea7-72d47d3f7cf6,2e4657553ff7486d84e1ae1c10a0d34c,USGS-10010100,62614,00003,2014-07-05,4193.74,ft,Approved,,2025-03-11 21:31:41.809573+00:00
-112.49690297112,41.2552106532508,cb1b11cc-4e28-4651-aab9-b0ca3e05b6da,2e4657553ff7486d84e1ae1c10a0d34c,USGS-10010100,62614,00003,2014-07-04,4193.75,ft,Approved,,2025-03-11 21:31:41.809573+00:00
-112.49690297112,41.2552106532508,e7671300-dd8b-4145-bf61-ec3e448e0c2f,2e4657553ff7486d84e1ae1c10a0d34c,USGS-10010100,62614,00003,2014-07-03,4193.76,ft,Approved,,2025-03-11 21:31:41.809573+00:00
-112.49690297112,41.2552106532508,4044302e-062c-4ce0-8c88-83e61c3a54b9,2e4657553ff7486d84e1ae1c10a0d34c,USGS-10010100,62614,00003,2014-07-02,4193.80,ft,Approved,,2025-03-11 21:31:41.809573+00:00
-112.49690297112,41.2552106532508,33750fc4-9ebf-4c2a-9c8a-ac8053745903,2e4657553ff7486d84e1ae1c10a0d34c,USGS-10010100,62614,00003,2014-07-01,4193.80,ft,Approved,,2025-03-11 21:31:41.809573+00:00
-112.49690297112,41.2552106532508,0656e16a-baf4-4e90-ba78-7fa3e0b3c066,2e4657553ff7486d84e1ae1c10a0d34c,USGS-10010100,62614,00003,2014-06-30,4193.85,ft,Approved,,2025-03-11 21:31:41.809573+00:00
-112.49690297112,41.2552106532508,5f7ee545-2003-4413-aeda-64d986c80225,2e4657553ff7486d84e1ae1c10a0d34c,USGS-10010100,62614,00003,2014-06-29,4193.86,ft,Approved,,2025-03-11 21:31:41.809573+00:00
-112.49690297112,41.2552106532508,ac0affc4-8ec9-4aff-a23d-36276b180340,2e4657553ff7486d84e1ae1c10a0d34c,USGS-10010100,62614,00003,2014-06-28,4193.86,ft,Approved,,2025-03-11 21:31:41.809573+00:00
-112.49690297112,41.2552106532508,49c7c1a2-4c24-443b-9238-b65a90c4fb86,2e4657553ff7486d84e1ae1c10a0d34c,USGS-10010100,62614,00003,2014-06-27,4193.88,ft,Approved,,2025-03-11 21:31:41.809573+00:00
-112.49690297112,41.2552106532508,591b3932-10c2-440b-aa6c-2945d3a9033e,2e4657553ff7486d84e1ae1c10a0d34c,USGS-10010100,62614,00003,2014-06-26,4193.92,ft,Approved,,2025-03-11 21:31:41.809573+00:00
-112.49690297112,41.2552106532508,fec03e38-2905-4a31-b9ad-f917b7f3636f,2e4657553ff7486d84e1ae1c10a0d34c,USGS-10010100,62614,00003,2014-06-25,4193.91,ft,Approved,,2025-03-11 21:31:41.809573+00:00
-112.49690297112,41.2552106532508,3ba36e95-e761-471c-aa92-2bbf1cd0b5f4,2e4657553ff7486d84e1ae1c10a0d34c,USGS-10010100,62614,00003,2014-06-24,4193.91,ft,Approved,,2025-03-11 21:31:41.809573+00:00
-112.49690297112,41.2552106532508,c68c66c0-0fb4-45f1-a0cc-030162e2855d,2e4657553ff7486d84e1ae1c10a0d34c,USGS-10010100,62614,00003,2014-06-23,4193.93,ft,Approved,,2025-03-11 21:31:41.809573+00:00
-112.49690297112,41.2552106532508,2b584bd6-3f37-41ce-84c5-26712bd20305,2e4657553ff7486d84e1ae1c10a0d34c,USGS-10010100,62614,00003,2014-06-22,4193.93,ft,Approved,,2025-03-11 21:31:41.809573+00:00
-112.49690297112,41.2552106532508,393d237d-2ac0-4529-bcee-c8f176c5bd4c,2e4657553ff7486d84e1ae1c10a0d34c,USGS-10010100,62614,00003,2014-06-21,4193.94,ft,Approved,,2025-03-11 21:31:41.809573+00:00
-112.49690297112,41.2552106532508,0eb425fa-4bf5-4498-9eb9-42dac8d421ac,2e4657553ff7486d84e1ae1c10a0d34c,USGS-10010100,62614,00003,2014-06-20,4193.92,ft,Approved,,2025-03-11 21:31:41.809573+00:00
-112.49690297112,41.2552106532508,ee49ca93-41ea-4333-8d08-0676ee2af5e4,2e4657553ff7486d84e1ae1c10a0d34c,USGS-10010100,62614,00003,2014-06-19,4193.89,ft,Approved,,2025-03-11 21:31:41.809573+00:00
-112.49690297112,41.2552106532508,d9bb7cea-5878-40da-ba58-3278a6090d23,2e4657553ff7486d84e1ae1c10a0d34c,USGS-10010100,62614,00003,2014-06-18,4193.92,ft,Approved,,2025-03-11 21:31:41.809573+00:00
-112.49690297112,41.2552106532508,1c3bb1ec-5684-456d-83ff-139c5649ddeb,2e4657553ff7486d84e1ae1c10a0d34c,USGS-10010100,62614,00003,2014-06-17,4193.98,ft,Approved,,2025-03-11 21:31:41.809573+00:00
-112.49690297112,41.2552106532508,e7cdd5a9-7599-47c3-a2b7-c40bff499540,2e4657553ff7486d84e1ae1c10a0d34c,USGS-10010100,62614,00003,2014-06-16,4193.96,ft,Approved,,2025-03-11 21:31:41.809573+00:00
-112.49690297112,41.2552106532508,74e529d0-593d-43ec-8b6b-1696c211df1b,2e4657553ff7486d84e1ae1c10a0d34c,USGS-10010100,62614,00003,2014-06-15,4193.97,ft,Approved,,2025-03-11 21:31:41.809573+00:00
-112.49690297112,41.2552106532508,6d670587-3e71-4bfa-98d8-d22e7166b48a,2e4657553ff7486d84e1ae1c10a0d34c,USGS-10010100,62614,00003,2014-06-14,4194.03,ft,Approved,,2025-03-11 21:31:41.809573+00:00
-112.49690297112,41.2552106532508,82fb057d-4a54-42a3-94c3-8d6d4feb5312,2e4657553ff7486d84e1ae1c10a0d34c,USGS-10010100,62614,00003,2014-06-13,4194.10,ft,Approved,,2025-03-11 21:31:41.809573+00:00
-112.49690297112,41.2552106532508,309b2fcb-6df6-4f8a-bb6b-2b8df53bb975,2e4657553ff7486d84e1ae1c10a0d34c,USGS-10010100,62614,00003,2014-06-12,4194.01,ft,Approved,,2025-03-11 21:31:41.809573+00:00
-112.49690297112,41.2552106532508,649fb5b6-9096-471b-b5be-44d98194fe20,2e4657553ff7486d84e1ae1c10a0d34c,USGS-10010100,62614,00003,2014-06-11,4194.08,ft,Approved,,2025-03-11 21:31:41.809573+00:00
-112.49690297112,41.2552106532508,4839f969-0b4c-486d-980b-2294cc48d220,2e4657553ff7486d84e1ae1c10a0d34c,USGS-10010100,62614,00003,2014-06-10,4194.11,ft,Approved,,2025-03-11 21:31:41.809573+00:00
-112.49690297112,41.2552106532508,9a42e8d6-b908-4529-9486-3c3c36fb1066,2e4657553ff7486d84e1ae1c10a0d34c,USGS-10010100,62614,00003,2014-06-09,4194.03,ft,Approved,,2025-03-11 21:31:41.809573+00:00
-112.49690297112,41.2552106532508,b0021278-f54d-4e77-8692-38d1eb98eabf,2e4657553ff7486d84e1ae1c10a0d34c,USGS-10010100,62614,00003,2014-06-08,4194.16,ft,Approved,,2025-03-11 21:31:41.809573+00:00
-112.49690297112,41.2552106532508,e2419890-0a1a-4736-9834-790ad1bbaf93,2e4657553ff7486d84e1ae1c10a0d34c,USGS-10010100,62614,00003,2014-06-07,4194.16,ft,Approved,,2025-03-11 21:31:41.809573+00:00
-112.49690297112,41.2552106532508,75d29184-f9e5-4d15-ae83-c962bb924da6,2e4657553ff7486d84e1ae1c10a0d34c,USGS-10010100,62614,00003,2014-06-06,4194.18,ft,Approved,,2025-03-11 21:31:41.809573+00:00
-112.49690297112,41.2552106532508,74b350f4-3014-4c8d-a21d-68c04dcbb6e7,2e4657553ff7486d84e1ae1c10a0d34c,USGS-10010100,62614,00003,2014-06-05,4194.18,ft,Approved,,2025-03-11 21:31:41.809573+00:00
-112.49690297112,41.2552106532508,c9a82308-aad2-445d-b3c2-f6120042e4f2,2e4657553ff7486d84e1ae1c10a0d34c,USGS-10010100,62614,00003,2014-06-04,4194.21,ft,Approved,,2025-03-11 21:31:41.809573+00:00
-112.49690297112,41.2552106532508,dcc5f962-eee3-49d6-98f1-67d0a3cfc8dc,2e4657553ff7486d84e1ae1c10a0d34c,USGS-10010100,62614,00003,2014-06-03,4194.18,ft,Approved,,2025-03-11 21:31:41.809573+00:00
-112.49690297112,41.2552106532508,b713e48f-af66-4332-bb37-effe07f3d95f,2e4657553ff7486d84e1ae1c10a0d34c,USGS-10010100,62614,00003,2014-06-02,4194.20,ft,Approved,,2025-03-11 21:31:41.809573+00:00
-112.49690297112,41.2552106532508,7165cf78-7ad8-4684-855a-807b36358344,2e4657553ff7486d84e1ae1c10a0d34c,USGS-10010100,62614,00003,2014-06-01,4194.24,ft,Approved,,2025-03-11 21:31:41.809573+00:00
-112.49690297112,41.2552106532508,1cf1f487-31bc-4883-8446-cd669ac591f4,2e4657553ff7486d84e1ae1c10a0d34c,USGS-10010100,62614,00003,2014-05-31,4194.22,ft,Approved,,2025-03-11 21:31:41.809573+00:00
-112.49690297112,41.2552106532508,6c39c6c8-1cde-4251-967c-abfca01bae2d,2e4657553ff7486d84e1ae1c10a0d34c,USGS-10010100,62614,00003,2014-05-30,4194.27,ft,Approved,,2025-03-11 21:31:41.809573+00:00
-112.49690297112,41.2552106532508,3b444e6e-a6de-4b84-ab74-7ac21632b142,2e4657553ff7486d84e1ae1c10a0d34c,USGS-10010100,62614,00003,2014-05-29,4194.48,ft,Approved,,2025-03-11 21:31:41.809573+00:00
-112.49690297112,41.2552106532508,82df56b5-ab6c-4b6f-8db1-eba55800e691,2e4657553ff7486d84e1ae1c10a0d34c,USGS-10010100,62614,00003,2014-05-28,4194.31,ft,Approved,,2025-03-11 21:31:41.809573+00:00
-112.49690297112,41.2552106532508,e5ccb021-e702-4e01-8eb5-f612ee0dd1d7,2e4657553ff7486d84e1ae1c10a0d34c,USGS-10010100,62614,00003,2014-05-27,4194.28,ft,Approved,,2025-03-11 21:31:41.809573+00:00
-112.49690297112,41.2552106532508,a8ac3a97-e6bd-4c84-ac30-445fbef9ba7f,2e4657553ff7486d84e1ae1c10a0d34c,USGS-10010100,62614,00003,2014-05-26,4194.24,ft,Approved,,2025-03-11 21:31:41.809573+00:00
-112.49690297112,41.2552106532508,f23edb94-8ce5-4cd3-9c84-5cf966dcc10d,2e4657553ff7486d84e1ae1c10a0d34c,USGS-10010100,62614,00003,2014-05-25,4194.30,ft,Approved,,2025-03-11 21:31:41.809573+00:00
-112.49690297112,41.2552106532508,c6431d31-37dd-4884-88bd-950a54fdcb01,2e4657553ff7486d84e1ae1c10a0d34c,USGS-10010100,62614,00003,2014-05-24,4194.21,ft,Approved,,2025-03-11 21:31:41.809573+00:00
-112.49690297112,41.2552106532508,8710fb6b-2e6f-4472-8e06-f81ec875f4ac,2e4657553ff7486d84e1ae1c10a0d34c,USGS-10010100,62614,00003,2014-05-23,4194.26,ft,Approved,,2025-03-11 21:31:41.809573+00:00
-112.49690297112,41.2552106532508,629110f2-91e2-4453-b17a-7a245dd1cd8f,2e4657553ff7486d84e1ae1c10a0d34c,USGS-10010100,62614,00003,2014-05-22,4194.36,ft,Approved,,2025-03-11 21:31:41.809573+00:00
-112.49690297112,41.2552106532508,4e3dd7b7-1b56-4958-b31e-7358b2ef4603,2e4657553ff7486d84e1ae1c10a0d34c,USGS-10010100,62614,00003,2014-05-21,4194.34,ft,Approved,,2025-03-11 21:31:41.809573+00:00
-112.49690297112,41.2552106532508,96a5abe4-ee4b-49d8-84e2-992e98c9d57d,2e4657553ff7486d84e1ae1c10a0d34c,USGS-10010100,62614,00003,2014-05-20,4194.38,ft,Approved,,2025-03-11 21:31:41.809573+00:00
-112.49690297112,41.2552106532508,a95b2655-4fab-4699-a14f-9ddd7708d3c9,2e4657553ff7486d84e1ae1c10a0d34c,USGS-10010100,62614,00003,2014-05-19,4194.39,ft,Approved,,2025-03-11 21:31:41.809573+00:00
-112.49690297112,41.2552106532508,cb0aefb4-aaeb-4490-ad81-3633e2d270b4,2e4657553ff7486d84e1ae1c10a0d34c,USGS-10010100,62614,00003,2014-05-18,4194.40,ft,Approved,,2025-03-11 21:31:41.809573+00:00
-112.49690297112,41.2552106532508,efa2488f-28d7-42de-b726-7fc0289f7cee,2e4657553ff7486d84e1ae1c10a0d34c,USGS-10010100,62614,00003,2014-05-17,4194.35,ft,Approved,,2025-03-11 21:31:41.809573+00:00
-112.49690297112,41.2552106532508,8b8e15fb-d137-4109-a6d2-871144c6ead8,2e4657553ff7486d84e1ae1c10a0d34c,USGS-10010100,62614,00003,2014-05-16,4194.34,ft,Approved,,2025-03-11 21:31:41.809573+00:00
-112.49690297112,41.2552106532508,18295e9c-e3f5-45a0-910c-1ebec59fe50f,2e4657553ff7486d84e1ae1c10a0d34c,USGS-10010100,62614,00003,2014-05-15,4194.34,ft,Approved,,2025-03-11 21:31:41.809573+00:00
-112.49690297112,41.2552106532508,324f9eab-4252-4707-bcf6-562697ed8c72,2e4657553ff7486d84e1ae1c10a0d34c,USGS-10010100,62614,00003,2014-05-14,4194.31,ft,Approved,,2025-03-11 21:31:41.809573+00:00
-112.49690297112,41.2552106532508,41914641-24b8-4a91-875d-5853ee448b80,2e4657553ff7486d84e1ae1c10a0d34c,USGS-10010100,62614,00003,2014-05-13,4194.34,ft,Approved,,2025-03-11 21:31:41.809573+00:00
-112.49690297112,41.2552106532508,0000d3a6-4f17-4196-9d69-76ca72d21147,2e4657553ff7486d84e1ae1c10a0d34c,USGS-10010100,62614,00003,2014-05-12,4194.33,ft,Approved,,2025-03-11 21:31:41.809573+00:00
-112.49690297112,41.2552106532508,2045b074-8d78-47b6-8db7-9d5ab8713b2a,2e4657553ff7486d84e1ae1c10a0d34c,USGS-10010100,62614,00003,2014-05-11,4194.73,ft,Approved,,2025-03-11 21:31:41.809573+00:00
-112.49690297112,41.2552106532508,4245863d-9598-4946-b1b8-c97f14bf399c,2e4657553ff7486d84e1ae1c10a0d34c,USGS-10010100,62614,00003,2014-05-10,4194.48,ft,Approved,,2025-03-11 21:31:41.809573+00:00
-112.49690297112,41.2552106532508,c7fffece-dba8-4e27-91c7-2a81c1334a7f,2e4657553ff7486d84e1ae1c10a0d34c,USGS-10010100,62614,00003,2014-05-09,4194.45,ft,Approved,,2025-03-11 21:31:41.809573+00:00
-112.49690297112,41.2552106532508,f031c271-0d6c-442f-bd88-4b169e3bb29d,2e4657553ff7486d84e1ae1c10a0d34c,USGS-10010100,62614,00003,2014-05-08,4194.40,ft,Approved,,2025-03-11 21:31:41.809573+00:00
-112.49690297112,41.2552106532508,4a9e69b8-2460-46a1-a306-c5c142d16d63,2e4657553ff7486d84e1ae1c10a0d34c,USGS-10010100,62614,00003,2014-05-07,4194.45,ft,Approved,,2025-03-11 21:31:41.809573+00:00
-112.49690297112,41.2552106532508,f361b1bd-a0c5-48b5-8aa7-0f9013705bc7,2e4657553ff7486d84e1ae1c10a0d34c,USGS-10010100,62614,00003,2014-05-06,4194.55,ft,Approved,,2025-03-11 21:31:41.809573+00:00
-112.49690297112,41.2552106532508,ee3d61c4-7292-4d73-92a9-80af29766c6e,2e4657553ff7486d84e1ae1c10a0d34c,USGS-10010100,62614,00003,2014-05-05,4194.41,ft,Approved,,2025-03-11 21:31:41.809573+00:00
-112.49690297112,41.2552106532508,3eaf5ccc-86d3-4b50-9fe1-3692efd60271,2e4657553ff7486d84e1ae1c10a0d34c,USGS-10010100,62614,00003,2014-05-04,4194.39,ft,Approved,,2025-03-11 21:31:41.809573+00:00
-112.49690297112,41.2552106532508,a049460b-ccf7-409e-8b0a-110461ee8bd6,2e4657553ff7486d84e1ae1c10a0d34c,USGS-10010100,62614,00003,2014-05-03,4194.37,ft,Approved,,2026-01-16 00:24:01.973802+00:00
-112.49690297112,41.2552106532508,a36456a5-986f-4976-a19c-d861ddb7543f,2e4657553ff7486d84e1ae1c10a0d34c,USGS-10010100,62614,00003,2014-05-02,4194.45,ft,Approved,['ESTIMATED'],2026-01-16 00:24:01.973802+00:00
-112.49690297112,41.2552106532508,03cc3901-2e9e-42f8-9310-cc838b07595f,2e4657553ff7486d84e1ae1c10a0d34c,USGS-10010100,62614,00003,2014-05-01,4194.50,ft,Approved,['ESTIMATED'],2025-03-11 21:31:41.809573+00:00
-112.49690297112,41.2552106532508,7494fcd9-df1b-43d4-8188-c8c84d6ce3c8,2e4657553ff7486d84e1ae1c10a0d34c,USGS-10010100,62614,00003,2014-04-30,4194.58,ft,Approved,['ESTIMATED'],2025-03-11 21:31:41.809573+00:00
-112.49690297112,41.2552106532508,c6541772-fcd8-4127-b765-c6c890796000,2e4657553ff7486d84e1ae1c10a0d34c,USGS-10010100,62614,00003,2014-04-29,4194.58,ft,Approved,['ESTIMATED'],2025-03-11 21:31:41.809573+00:00
-112.49690297112,41.2552106532508,9828cdb3-5b4e-4614-802a-5ff02c04d1bc,2e4657553ff7486d84e1ae1c10a0d34c,USGS-10010100,62614,00003,2014-04-28,4194.61,ft,Approved,['ESTIMATED'],2025-03-11 21:31:41.809573+00:00
-112.49690297112,41.2552106532508,3ff00579-7d3e-4d5f-b89c-d34f515552e6,2e4657553ff7486d84e1ae1c10a0d34c,USGS-10010100,62614,00003,2014-04-27,4194.64,ft,Approved,['ESTIMATED'],2025-03-11 21:31:41.809573+00:00
-112.49690297112,41.2552106532508,c1027df3-ffa8-4f61-8af6-29e30cfbab89,2e4657553ff7486d84e1ae1c10a0d34c,USGS-10010100,62614,00003,2014-04-26,4194.60,ft,Approved,['ESTIMATED'],2025-03-11 21:31:41.809573+00:00
-112.49690297112,41.2552106532508,e6a6cb4d-b5de-4182-9c7a-a12aa43ec338,2e4657553ff7486d84e1ae1c10a0d34c,USGS-10010100,62614,00003,2014-04-25,4194.50,ft,Approved,['ESTIMATED'],2025-03-11 21:31:41.809573+00:00
-112.49690297112,41.2552106532508,851fac9a-5873-4ed2-a206-60b1ec235867,2e4657553ff7486d84e1ae1c10a0d34c,USGS-10010100,62614,00003,2014-04-24,4194.40,ft,Approved,['ESTIMATED'],2025-03-11 21:31:41.809573+00:00
-112.49690297112,41.2552106532508,10f3db20-0fb1-4f27-9a19-478afe876d89,2e4657553ff7486d84e1ae1c10a0d34c,USGS-10010100,62614,00003,2014-04-23,4194.60,ft,Approved,['ESTIMATED'],2025-03-11 21:31:41.809573+00:00
-112.49690297112,41.2552106532508,645facc8-f24b-41fb-a4d2-e908680e5dd0,2e4657553ff7486d84e1ae1c10a0d34c,USGS-10010100,62614,00003,2014-04-22,4194.60,ft,Approved,['ESTIMATED'],2026-01-16 00:24:01.973802+00:00
-112.49690297112,41.2552106532508,fee76b4e-4e4b-40cb-b4f0-b6f2d9b9f02d,2e4657553ff7486d84e1ae1c10a0d34c,USGS-10010100,62614,00003,2014-04-21,4194.60,ft,Approved,,2025-03-11 21:31:41.809573+00:00
-112.49690297112,41.2552106532508,089a6bd6-ff98-43b9-83ae-c746e74ebe96,2e4657553ff7486d84e1ae1c10a0d34c,USGS-10010100,62614,00003,2014-04-20,4194.62,ft,Approved,,2025-03-11 21:31:41.809573+00:00
-112.49690297112,41.2552106532508,39c22ae9-8540-4e9b-abd6-ef26ae5e2174,2e4657553ff7486d84e1ae1c10a0d34c,USGS-10010100,62614,00003,2014-04-19,4194.59,ft,Approved,,2025-03-11 21:31:41.809573+00:00
-112.49690297112,41.2552106532508,8e860423-a30f-4e7a-a114-3640f80a8b86,2e4657553ff7486d84e1ae1c10a0d34c,USGS-10010100,62614,00003,2014-04-18,4194.62,ft,Approved,,2025-03-11 21:31:41.809573+00:00
-112.49690297112,41.2552106532508,7b959229-abda-4543-aa4a-e1c92f13e019,2e4657553ff7486d84e1ae1c10a0d34c,USGS-10010100,62614,00003,2014-04-17,4194.57,ft,Approved,,2025-03-11 21:31:41.809573+00:00
-112.49690297112,41.2552106532508,215d50ad-a8e0-4217-a042-12e49f42a952,2e4657553ff7486d84e1ae1c10a0d34c,USGS-10010100,62614,00003,2014-04-16,4194.63,ft,Approved,,2025-03-11 21:31:41.809573+00:00
-112.49690297112,41.2552106532508,68976935-7137-402c-bed1-4d593a53f192,2e4657553ff7486d84e1ae1c10a0d34c,USGS-10010100,62614,00003,2014-04-15,4194.63,ft,Approved,,2025-03-11 21:31:41.809573+00:00
-112.49690297112,41.2552106532508,b9b38807-779f-4d3e-8ab4-b09cc1a68269,2e4657553ff7486d84e1ae1c10a0d34c,USGS-10010100,62614,00003,2014-04-14,4194.63,ft,Approved,,2025-03-11 21:31:41.809573+00:00
-112.49690297112,41.2552106532508,693f481f-ed8f-499f-8668-f83140917671,2e4657553ff7486d84e1ae1c10a0d34c,USGS-10010100,62614,00003,2014-04-13,4194.85,ft,Approved,,2025-03-11 21:31:41.809573+00:00
-112.49690297112,41.2552106532508,636ea6a2-37de-49a6-bcb0-c249501bd003,2e4657553ff7486d84e1ae1c10a0d34c,USGS-10010100,62614,00003,2014-04-12,4194.56,ft,Approved,,2025-03-11 21:31:41.809573+00:00
-112.49690297112,41.2552106532508,92c8afcc-27e8-4942-95e9-514c5d8073e2,2e4657553ff7486d84e1ae1c10a0d34c,USGS-10010100,62614,00003,2014-04-11,4194.52,ft,Approved,,2025-03-11 21:31:41.809573+00:00
-112.49690297112,41.2552106532508,4f38fed0-bf28-49b5-a4f7-8fbecffff335,2e4657553ff7486d84e1ae1c10a0d34c,USGS-10010100,62614,00003,2014-04-10,4194.52,ft,Approved,,2025-03-11 21:31:41.809573+00:00
-112.49690297112,41.2552106532508,5e11ed9f-511a-4ef5-a511-0039f9a25a72,2e4657553ff7486d84e1ae1c10a0d34c,USGS-10010100,62614,00003,2014-04-09,4194.52,ft,Approved,,2025-03-11 21:31:41.809573+00:00
-112.49690297112,41.2552106532508,32421f47-a96c-44d0-af1a-3c48dae75f25,2e4657553ff7486d84e1ae1c10a0d34c,USGS-10010100,62614,00003,2014-04-08,4194.50,ft,Approved,,2025-03-11 21:31:41.809573+00:00
-112.49690297112,41.2552106532508,ef41bb59-7206-4b92-ab1b-185a952a4eba,2e4657553ff7486d84e1ae1c10a0d34c,USGS-10010100,62614,00003,2014-04-07,4194.53,ft,Approved,,2025-03-11 21:31:41.809573+00:00
-112.49690297112,41.2552106532508,6f37a6b2-9e72-4b74-9e9e-c29273d7597d,2e4657553ff7486d84e1ae1c10a0d34c,USGS-10010100,62614,00003,2014-04-06,4194.57,ft,Approved,,2025-03-11 21:31:41.809573+00:00
-112.49690297112,41.2552106532508,bce288e2-3603-47db-8715-05104af0e5d8,2e4657553ff7486d84e1ae1c10a0d34c,USGS-10010100,62614,00003,2014-04-05,4194.54,ft,Approved,,2025-03-11 21:31:41.809573+00:00
-112.49690297112,41.2552106532508,d7ec766c-56a5-4467-a548-e66c213ec675,2e4657553ff7486d84e1ae1c10a0d34c,USGS-10010100,62614,00003,2014-04-04,4194.46,ft,Approved,,2025-03-11 21:31:41.809573+00:00
-112.49690297112,41.2552106532508,8bb960ae-5509-4ffd-8ec1-017d1497ff1d,2e4657553ff7486d84e1ae1c10a0d34c,USGS-10010100,62614,00003,2014-04-03,4194.50,ft,Approved,,2025-03-11 21:31:41.809573+00:00
-112.49690297112,41.2552106532508,35e6aad6-e965-4f58-9c1a-2499c3ce3677,2e4657553ff7486d84e1ae1c10a0d34c,USGS-10010100,62614,00003,2014-04-02,4194.52,ft,Approved,,2025-03-11 21:31:41.809573+00:00
-112.49690297112,41.2552106532508,9d33bcb9-f817-4acd-9bf2-bb28fbe641fc,2e4657553ff7486d84e1ae1c10a0d34c,USGS-10010100,62614,00003,2014-04-01,4194.47,ft,Approved,,2025-03-11 21:31:41.809573+00:00
-112.49690297112,41.2552106532508,5c3a6237-26f9-4a11-b0d2-172585f78c0d,2e4657553ff7486d84e1ae1c10a0d34c,USGS-10010100,62614,00003,2014-03-31,4194.48,ft,Approved,,2025-03-11 21:31:41.809573+00:00
-112.49690297112,41.2552106532508,469f98a0-e7ac-45b1-afb7-c69b0fa88076,2e4657553ff7486d84e1ae1c10a0d34c,USGS-10010100,62614,00003,2014-03-30,4194.66,ft,Approved,,2025-03-11 21:31:41.809573+00:00
-112.49690297112,41.2552106532508,7a0f288f-c66a-477b-a5d0-51b41b774975,2e4657553ff7486d84e1ae1c10a0d34c,USGS-10010100,62614,00003,2014-03-29,4194.42,ft,Approved,,2025-03-11 21:31:41.809573+00:00
-112.49690297112,41.2552106532508,0117a429-97c4-4f04-8147-0fe1201ab213,2e4657553ff7486d84e1ae1c10a0d34c,USGS-10010100,62614,00003,2014-03-28,4194.43,ft,Approved,,2025-03-11 21:31:41.809573+00:00
-112.49690297112,41.2552106532508,19d31b52-edc8-407f-b534-e4f18141ece9,2e4657553ff7486d84e1ae1c10a0d34c,USGS-10010100,62614,00003,2014-03-27,4194.55,ft,Approved,,2025-03-11 21:31:41.809573+00:00
-112.49690297112,41.2552106532508,33ef38cb-3cef-40a6-8b05-a6c445386bce,2e4657553ff7486d84e1ae1c10a0d34c,USGS-10010100,62614,00003,2014-03-26,4194.46,ft,Approved,,2025-03-11 21:31:41.809573+00:00
-112.49690297112,41.2552106532508,a90d1f29-e782-4ab9-b8ae-5b1e0f30729b,2e4657553ff7486d84e1ae1c10a0d34c,USGS-10010100,62614,00003,2014-03-25,4194.40,ft,Approved,,2025-03-11 21:31:41.809573+00:00
-112.49690297112,41.2552106532508,cd742950-a23d-4cec-aacc-b2fda399033d,2e4657553ff7486d84e1ae1c10a0d34c,USGS-10010100,62614,00003,2014-03-24,4194.42,ft,Approved,,2025-03-11 21:31:41.809573+00:00
-112.49690297112,41.2552106532508,2462e08a-454a-4112-b7de-f8efedabca68,2e4657553ff7486d84e1ae1c10a0d34c,USGS-10010100,62614,00003,2014-03-23,4194.41,ft,Approved,,2025-03-11 21:31:41.809573+00:00
-112.49690297112,41.2552106532508,faf4d4fd-5184-4fed-8b2d-85b1eea91b7c,2e4657553ff7486d84e1ae1c10a0d34c,USGS-10010100,62614,00003,2014-03-22,4194.56,ft,Approved,,2025-03-11 21:31:41.809573+00:00
-112.49690297112,41.2552106532508,015327b0-8d66-4082-b89b-7129f83c0973,2e4657553ff7486d84e1ae1c10a0d34c,USGS-10010100,62614,00003,2014-03-21,4194.48,ft,Approved,,2025-03-11 21:31:41.809573+00:00
-112.49690297112,41.2552106532508,d7a2ab15-412e-4b1b-956a-741eff84a309,2e4657553ff7486d84e1ae1c10a0d34c,USGS-10010100,62614,00003,2014-03-20,4194.43,ft,Approved,,2025-03-11 21:31:41.809573+00:00
-112.49690297112,41.2552106532508,ca8529f9-65c4-45b0-9b95-5748151222d0,2e4657553ff7486d84e1ae1c10a0d34c,USGS-10010100,62614,00003,2014-03-19,4194.42,ft,Approved,,2025-03-11 21:31:41.809573+00:00
-112.49690297112,41.2552106532508,676bb7f9-5d16-4c6a-8670-9b6f14b05802,2e4657553ff7486d84e1ae1c10a0d34c,USGS-10010100,62614,00003,2014-03-18,4194.49,ft,Approved,,2025-03-11 21:31:41.809573+00:00
-112.49690297112,41.2552106532508,19bb9482-5977-4a1b-9a59-27fc117cd23e,2e4657553ff7486d84e1ae1c10a0d34c,USGS-10010100,62614,00003,2014-03-17,4194.97,ft,Approved,,2025-03-11 21:31:41.809573+00:00
-112.49690297112,41.2552106532508,d884f253-99d7-4e53-8a5e-fdeb9162c9ac,2e4657553ff7486d84e1ae1c10a0d34c,USGS-10010100,62614,00003,2014-03-16,4194.39,ft,Approved,,2025-03-11 21:31:41.809573+00:00
-112.49690297112,41.2552106532508,d33c53ce-3bb6-451a-8bcb-feb498a8e9e6,2e4657553ff7486d84e1ae1c10a0d34c,USGS-10010100,62614,00003,2014-03-15,4194.51,ft,Approved,,2025-03-11 21:31:41.809573+00:00
-112.49690297112,41.2552106532508,38ea8500-39f4-44e4-882d-96f11ba25359,2e4657553ff7486d84e1ae1c10a0d34c,USGS-10010100,62614,00003,2014-03-14,4194.44,ft,Approved,,2025-03-11 21:31:41.809573+00:00
-112.49690297112,41.2552106532508,c91844e9-b805-4a22-95af-4791a161f474,2e4657553ff7486d84e1ae1c10a0d34c,USGS-10010100,62614,00003,2014-03-13,4194.40,ft,Approved,,2025-03-11 21:31:41.809573+00:00
-112.49690297112,41.2552106532508,ae0f60b2-e5ef-4b3c-ada6-b96363cf6376,2e4657553ff7486d84e1ae1c10a0d34c,USGS-10010100,62614,00003,2014-03-12,4194.42,ft,Approved,,2025-03-11 21:31:41.809573+00:00
-112.49690297112,41.2552106532508,ecd8b51b-95e0-47a0-a7bd-70ce90cc4eee,2e4657553ff7486d84e1ae1c10a0d34c,USGS-10010100,62614,00003,2014-03-11,4194.54,ft,Approved,,2025-03-11 21:31:41.809573+00:00
-112.49690297112,41.2552106532508,261d9b51-ac0c-4c44-8f38-638e466fb5e9,2e4657553ff7486d84e1ae1c10a0d34c,USGS-10010100,62614,00003,2014-03-10,4194.52,ft,Approved,,2025-03-11 21:31:41.809573+00:00
-112.49690297112,41.2552106532508,16f57396-fe6c-4b57-b272-d559e4efea9c,2e4657553ff7486d84e1ae1c10a0d34c,USGS-10010100,62614,00003,2014-03-09,4194.42,ft,Approved,,2025-03-11 21:31:41.809573+00:00
-112.49690297112,41.2552106532508,33ca9b16-44b6-48ca-8ff9-d3233a6a920a,2e4657553ff7486d84e1ae1c10a0d34c,USGS-10010100,62614,00003,2014-03-08,4194.44,ft,Approved,,2025-03-11 21:31:41.809573+00:00
-112.49690297112,41.2552106532508,adf219fc-6017-4398-8792-ebb0c5952496,2e4657553ff7486d84e1ae1c10a0d34c,USGS-10010100,62614,00003,2014-03-07,4194.43,ft,Approved,,2025-03-11 21:31:41.809573+00:00
-112.49690297112,41.2552106532508,b4289342-2cda-4189-9875-30ae91831b14,2e4657553ff7486d84e1ae1c10a0d34c,USGS-10010100,62614,00003,2014-03-06,4194.37,ft,Approved,,2025-03-11 21:31:41.809573+00:00
-112.49690297112,41.2552106532508,faa3227d-c8ea-4e1d-9974-d643c4732026,2e4657553ff7486d84e1ae1c10a0d34c,USGS-10010100,62614,00003,2014-03-05,4194.34,ft,Approved,,2025-03-11 21:31:41.809573+00:00
-112.49690297112,41.2552106532508,e11cb2e8-5cf1-486f-9416-73fa93085773,2e4657553ff7486d84e1ae1c10a0d34c,USGS-10010100,62614,00003,2014-03-04,4194.33,ft,Approved,,2025-03-11 21:31:41.809573+00:00
-112.49690297112,41.2552106532508,20c44f46-643b-45d1-876d-0ffaa667cde6,2e4657553ff7486d84e1ae1c10a0d34c,USGS-10010100,62614,00003,2014-03-03,4194.31,ft,Approved,,2025-03-11 21:31:41.809573+00:00
-112.49690297112,41.2552106532508,7d844031-5e0c-47e7-bdca-4e8da2263322,2e4657553ff7486d84e1ae1c10a0d34c,USGS-10010100,62614,00003,2014-03-02,4194.29,ft,Approved,,2025-03-11 21:31:41.809573+00:00
-112.49690297112,41.2552106532508,14dfdd49-e19e-4d14-bae0-b17828df4193,2e4657553ff7486d84e1ae1c10a0d34c,USGS-10010100,62614,00003,2014-03-01,4194.31,ft,Approved,,2025-03-11 21:31:41.809573+00:00
-112.49690297112,41.2552106532508,0351844b-a3f7-46bd-8ce8-252f28bd71ab,2e4657553ff7486d84e1ae1c10a0d34c,USGS-10010100,62614,00003,2014-02-28,4194.22,ft,Approved,,2025-03-11 21:31:41.809573+00:00
-112.49690297112,41.2552106532508,3162b3d7-1073-4708-84fc-69146b396ff0,2e4657553ff7486d84e1ae1c10a0d34c,USGS-10010100,62614,00003,2014-02-27,4194.23,ft,Approved,,2025-03-11 21:31:41.809573+00:00
-112.49690297112,41.2552106532508,b0909377-43ce-44bc-ad45-5d3f8192a1f7,2e4657553ff7486d84e1ae1c10a0d34c,USGS-10010100,62614,00003,2014-02-26,4194.21,ft,Approved,,2025-03-11 21:31:41.809573+00:00
-112.49690297112,41.2552106532508,90eeb852-1358-415f-aa08-d944a23904f0,2e4657553ff7486d84e1ae1c10a0d34c,USGS-10010100,62614,00003,2014-02-25,4194.20,ft,Approved,,2025-03-11 21:31:41.809573+00:00
-112.49690297112,41.2552106532508,413c5db3-c006-45d8-bf76-d0382004e41a,2e4657553ff7486d84e1ae1c10a0d34c,USGS-10010100,62614,00003,2014-02-24,4194.20,ft,Approved,,2025-03-11 21:31:41.809573+00:00
-112.49690297112,41.2552106532508,7211249d-b989-4b15-a458-739d400c1dfc,2e4657553ff7486d84e1ae1c10a0d34c,USGS-10010100,62614,00003,2014-02-23,4194.20,ft,Approved,,2025-03-11 21:31:41.809573+00:00
-112.49690297112,41.2552106532508,dee3e180-7031-40bd-a48f-27ad68ecb8c8,2e4657553ff7486d84e1ae1c10a0d34c,USGS-10010100,62614,00003,2014-02-22,4194.20,ft,Approved,,2025-03-11 21:31:41.809573+00:00
-112.49690297112,41.2552106532508,2947925c-8bbe-4f3d-9238-21021d366e2f,2e4657553ff7486d84e1ae1c10a0d34c,USGS-10010100,62614,00003,2014-02-21,4194.20,ft,Approved,,2025-03-11 21:31:41.809573+00:00
-112.49690297112,41.2552106532508,b0ae14d0-8e3b-4dcb-a9be-d541d977dc91,2e4657553ff7486d84e1ae1c10a0d34c,USGS-10010100,62614,00003,2014-02-20,4194.24,ft,Approved,,2025-03-11 21:31:41.809573+00:00
-112.49690297112,41.2552106532508,ad639fc3-3d14-4d8e-909b-709660d084a4,2e4657553ff7486d84e1ae1c10a0d34c,USGS-10010100,62614,00003,2014-02-19,4194.40,ft,Approved,,2025-03-11 21:31:41.809573+00:00
-112.49690297112,41.2552106532508,73b0f583-612b-41ef-adb8-2d84f711cf1a,2e4657553ff7486d84e1ae1c10a0d34c,USGS-10010100,62614,00003,2014-02-18,4194.18,ft,Approved,,2025-03-11 21:31:41.809573+00:00
-112.49690297112,41.2552106532508,bc79b0ab-b355-4165-bb34-9d52c152b055,2e4657553ff7486d84e1ae1c10a0d34c,USGS-10010100,62614,00003,2014-02-17,4194.16,ft,Approved,,2025-03-11 21:31:41.809573+00:00
-112.49690297112,41.2552106532508,5aea8a32-93c7-4d4f-8252-289d1b3f2821,2e4657553ff7486d84e1ae1c10a0d34c,USGS-10010100,62614,00003,2014-02-16,4194.27,ft,Approved,,2025-03-11 21:31:41.809573+00:00
-112.49690297112,41.2552106532508,df8b17cd-96b1-46f0-8119-5287d87f113d,2e4657553ff7486d84e1ae1c10a0d34c,USGS-10010100,62614,00003,2014-02-15,4194.19,ft,Approved,,2025-03-11 21:31:41.809573+00:00
-112.49690297112,41.2552106532508,9f897f79-a6d0-4e21-85a3-0c8e06f0d8d3,2e4657553ff7486d84e1ae1c10a0d34c,USGS-10010100,62614,00003,2014-02-14,4194.13,ft,Approved,,2025-03-11 21:31:41.809573+00:00
-112.49690297112,41.2552106532508,7558cfe5-5810-4771-9291-7cc4e2e72d7b,2e4657553ff7486d84e1ae1c10a0d34c,USGS-10010100,62614,00003,2014-02-13,4194.14,ft,Approved,,2025-03-11 21:31:41.809573+00:00
-112.49690297112,41.2552106532508,98ace19d-bbe2-4b95-a9f9-c9c0e9d958a8,2e4657553ff7486d84e1ae1c10a0d34c,USGS-10010100,62614,00003,2014-02-12,4194.09,ft,Approved,,2025-03-11 21:31:41.809573+00:00
-112.49690297112,41.2552106532508,998ec05d-1446-4148-8b5d-1f6afdeb46a5,2e4657553ff7486d84e1ae1c10a0d34c,USGS-10010100,62614,00003,2014-02-11,4194.10,ft,Approved,,2025-03-11 21:31:41.809573+00:00
-112.49690297112,41.2552106532508,56c7ee93-5a14-4d8d-a5a6-6ca2090b4612,2e4657553ff7486d84e1ae1c10a0d34c,USGS-10010100,62614,00003,2014-02-10,4194.12,ft,Approved,,2025-03-11 21:31:41.809573+00:00
-112.49690297112,41.2552106532508,25b0cc2d-46f2-4a32-b9ca-37991e688049,2e4657553ff7486d84e1ae1c10a0d34c,USGS-10010100,62614,00003,2014-02-09,4194.11,ft,Approved,,2025-03-11 21:31:41.809573+00:00
-112.49690297112,41.2552106532508,4797540c-13e5-404d-9919-6a829dc05a0f,2e4657553ff7486d84e1ae1c10a0d34c,USGS-10010100,62614,00003,2014-02-08,4194.11,ft,Approved,,2025-03-11 21:31:41.809573+00:00
-112.49690297112,41.2552106532508,fe40c662-61b4-4794-80fb-b8a95cf4a22c,2e4657553ff7486d84e1ae1c10a0d34c,USGS-10010100,62614,00003,2014-02-07,4194.08,ft,Approved,,2025-03-11 21:31:41.809573+00:00
-112.49690297112,41.2552106532508,df339d32-8822-4404-a02a-f64c0b88dc60,2e4657553ff7486d84e1ae1c10a0d34c,USGS-10010100,62614,00003,2014-02-06,4194.10,ft,Approved,,2025-03-11 21:31:41.809573+00:00
-112.49690297112,41.2552106532508,26d2070b-8ad7-4023-b505-e9f73356f8a3,2e4657553ff7486d84e1ae1c10a0d34c,USGS-10010100,62614,00003,2014-02-05,4194.08,ft,Approved,,2025-03-11 21:31:41.809573+00:00
-112.49690297112,41.2552106532508,91933dfc-753a-471e-9290-8975068a4094,2e4657553ff7486d84e1ae1c10a0d34c,USGS-10010100,62614,00003,2014-02-04,4194.08,ft,Approved,,2025-03-11 21:31:41.809573+00:00
-112.49690297112,41.2552106532508,4f81e551-261e-40b7-bbfc-472e3269a092,2e4657553ff7486d84e1ae1c10a0d34c,USGS-10010100,62614,00003,2014-02-03,4194.04,ft,Approved,,2025-03-11 21:31:41.809573+00:00
-112.49690297112,41.2552106532508,4536ed49-032e-4c06-9341-4e0221cf3a66,2e4657553ff7486d84e1ae1c10a0d34c,USGS-10010100,62614,00003,2014-02-02,4194.03,ft,Approved,,2025-03-11 21:31:41.809573+00:00
-112.49690297112,41.2552106532508,f0b3ef49-d64b-45c1-853e-417d56de4af9,2e4657553ff7486d84e1ae1c10a0d34c,USGS-10010100,62614,00003,2014-02-01,4194.08,ft,Approved,,2025-03-11 21:31:41.809573+00:00
-112.49690297112,41.2552106532508,96a22875-bf5c-4391-bf6f-0f2a319a72e3,2e4657553ff7486d84e1ae1c10a0d34c,USGS-10010100,62614,00003,2014-01-31,4194.08,ft,Approved,,2025-03-11 21:31:41.809573+00:00
-112.49690297112,41.2552106532508,fea0ddbc-27fd-4cfb-ab78-af8e7c9bd0f6,2e4657553ff7486d84e1ae1c10a0d34c,USGS-10010100,62614,00003,2014-01-30,4194.01,ft,Approved,,2025-03-11 21:31:41.809573+00:00
-112.49690297112,41.2552106532508,10eae23a-c1cf-4bcf-be4c-4b471be3e165,2e4657553ff7486d84e1ae1c10a0d34c,USGS-10010100,62614,00003,2014-01-29,4194.01,ft,Approved,,2025-03-11 21:31:41.809573+00:00
-112.49690297112,41.2552106532508,5e96db69-d48e-48bf-b807-631ddf9f1ce7,2e4657553ff7486d84e1ae1c10a0d34c,USGS-10010100,62614,00003,2014-01-28,4194.02,ft,Approved,,2025-03-11 21:31:41.809573+00:00
-112.49690297112,41.2552106532508,5058210b-f198-471d-89e4-0f72d885cb24,2e4657553ff7486d84e1ae1c10a0d34c,USGS-10010100,62614,00003,2014-01-27,4194.02,ft,Approved,,2025-03-11 21:31:41.809573+00:00
-112.49690297112,41.2552106532508,e59e6e83-bb17-4e90-ad9c-59327228adc8,2e4657553ff7486d84e1ae1c10a0d34c,USGS-10010100,62614,00003,2014-01-26,4194.00,ft,Approved,,2025-03-11 21:31:41.809573+00:00
-112.49690297112,41.2552106532508,f967dfb6-1eae-4124-b424-df9bb2368331,2e4657553ff7486d84e1ae1c10a0d34c,USGS-10010100,62614,00003,2014-01-25,4194.00,ft,Approved,,2025-03-11 21:31:41.809573+00:00
-112.49690297112,41.2552106532508,d8a45a75-8bb4-406e-be5c-3e83b847cad0,2e4657553ff7486d84e1ae1c10a0d34c,USGS-10010100,62614,00003,2014-01-24,4194.00,ft,Approved,,2025-03-11 21:31:41.809573+00:00
-112.49690297112,41.2552106532508,4d030bac-9f66-40f8-9212-52f76f7f6953,2e4657553ff7486d84e1ae1c10a0d34c,USGS-10010100,62614,00003,2014-01-23,4194.04,ft,Approved,,2025-03-11 21:31:41.809573+00:00
-112.49690297112,41.2552106532508,cfda4b4c-bd8d-40bb-a122-19b2e1d07fe8,2e4657553ff7486d84e1ae1c10a0d34c,USGS-10010100,62614,00003,2014-01-22,4194.01,ft,Approved,,2025-03-11 21:31:41.809573+00:00
-112.49690297112,41.2552106532508,696d365d-490f-48a7-abb9-b34e56019cc9,2e4657553ff7486d84e1ae1c10a0d34c,USGS-10010100,62614,00003,2014-01-21,4194.00,ft,Approved,,2025-03-11 21:31:41.809573+00:00
-112.49690297112,41.2552106532508,9ffbdcc0-9dfa-460e-b658-dd1fd7a6eb69,2e4657553ff7486d84e1ae1c10a0d34c,USGS-10010100,62614,00003,2014-01-20,4194.00,ft,Approved,,2025-03-11 21:31:41.809573+00:00
-112.49690297112,41.2552106532508,3ba9d374-e13f-480c-a3fb-2436a7119fe6,2e4657553ff7486d84e1ae1c10a0d34c,USGS-10010100,62614,00003,2014-01-19,4194.00,ft,Approved,,2025-03-11 21:31:41.809573+00:00
-112.49690297112,41.2552106532508,0793037d-ba7d-4aa3-bb00-d133fb6b64f2,2e4657553ff7486d84e1ae1c10a0d34c,USGS-10010100,62614,00003,2014-01-18,4193.99,ft,Approved,,2025-03-11 21:31:41.809573+00:00
-112.49690297112,41.2552106532508,bb955bca-611d-47df-b5b6-5ce3d744a61e,2e4657553ff7486d84e1ae1c10a0d34c,USGS-10010100,62614,00003,2014-01-17,4194.00,ft,Approved,,2025-03-11 21:31:41.809573+00:00
-112.49690297112,41.2552106532508,c2d85a68-bbaf-4a4d-ac3f-d31644801afc,2e4657553ff7486d84e1ae1c10a0d34c,USGS-10010100,62614,00003,2014-01-16,4193.99,ft,Approved,,2025-03-11 21:31:41.809573+00:00
-112.49690297112,41.2552106532508,397644da-a960-4b12-91b9-2b1970abed36,2e4657553ff7486d84e1ae1c10a0d34c,USGS-10010100,62614,00003,2014-01-15,4194.00,ft,Approved,,2025-03-11 21:31:41.809573+00:00
-112.49690297112,41.2552106532508,fdbc1d49-ff85-43e6-ad52-7405eb989cd4,2e4657553ff7486d84e1ae1c10a0d34c,USGS-10010100,62614,00003,2014-01-14,4193.99,ft,Approved,,2025-03-11 21:31:41.809573+00:00
-112.49690297112,41.2552106532508,5d747e34-a47e-42b0-a7fa-9f9f48d4314a,2e4657553ff7486d84e1ae1c10a0d34c,USGS-10010100,62614,00003,2014-01-13,4193.97,ft,Approved,,2025-03-11 21:31:41.809573+00:00
-112.49690297112,41.2552106532508,dc1d3ba3-1a23-4687-b862-e2cc1b0abd5a,2e4657553ff7486d84e1ae1c10a0d34c,USGS-10010100,62614,00003,2014-01-12,4194.08,ft,Approved,,2025-03-11 21:31:41.809573+00:00
-112.49690297112,41.2552106532508,33aa680a-5e7e-40ca-a4cc-ade739c33b12,2e4657553ff7486d84e1ae1c10a0d34c,USGS-10010100,62614,00003,2014-01-11,4193.95,ft,Approved,,2025-03-11 21:31:41.809573+00:00
-112.49690297112,41.2552106532508,1f8ac1e5-8113-46d1-b5fd-611898f7b709,2e4657553ff7486d84e1ae1c10a0d34c,USGS-10010100,62614,00003,2014-01-10,4193.95,ft,Approved,,2025-03-11 21:31:41.809573+00:00
-112.49690297112,41.2552106532508,8569352e-1f97-4836-8b2e-ff713a9a6094,2e4657553ff7486d84e1ae1c10a0d34c,USGS-10010100,62614,00003,2014-01-09,4193.96,ft,Approved,,2025-03-11 21:31:41.809573+00:00
-112.49690297112,41.2552106532508,fa0e6268-1537-4816-a224-6e195ac543d8,2e4657553ff7486d84e1ae1c10a0d34c,USGS-10010100,62614,00003,2014-01-08,4193.93,ft,Approved,,2025-03-11 21:31:41.809573+00:00
-112.49690297112,41.2552106532508,d7062443-cdb9-4b6a-8387-800ae7e32537,2e4657553ff7486d84e1ae1c10a0d34c,USGS-10010100,62614,00003,2014-01-07,4193.92,ft,Approved,,2025-03-11 21:31:41.809573+00:00
-112.49690297112,41.2552106532508,8539fb5f-2bdc-48ae-8bf9-9ea29b3a688a,2e4657553ff7486d84e1ae1c10a0d34c,USGS-10010100,62614,00003,2014-01-06,4193.92,ft,Approved,,2025-03-11 21:31:41.809573+00:00
-112.49690297112,41.2552106532508,3a43f99f-e4ff-43d5-aea4-6382111a3d41,2e4657553ff7486d84e1ae1c10a0d34c,USGS-10010100,62614,00003,2014-01-05,4193.96,ft,Approved,,2025-03-11 21:31:41.809573+00:00
-112.49690297112,41.2552106532508,f76ddb81-1958-4afb-adb3-78b103f29e5d,2e4657553ff7486d84e1ae1c10a0d34c,USGS-10010100,62614,00003,2014-01-04,4194.00,ft,Approved,,2025-03-11 21:31:41.809573+00:00
-112.49690297112,41.2552106532508,8a7f6bcd-5ca5-4bcb-bc45-8dbe0a0b9a38,2e4657553ff7486d84e1ae1c10a0d34c,USGS-10010100,62614,00003,2014-01-03,4193.92,ft,Approved,,2025-03-11 21:31:41.809573+00:00
-112.49690297112,41.2552106532508,4378b30a-c385-416d-bf97-da1095269540,2e4657553ff7486d84e1ae1c10a0d34c,USGS-10010100,62614,00003,2014-01-02,4193.90,ft,Approved,,2025-03-11 21:31:41.809573+00:00
-112.49690297112,41.2552106532508,ada2f91e-12fc-41cd-ae68-d1b88472ff0d,2e4657553ff7486d84e1ae1c10a0d34c,USGS-10010100,62614,00003,2014-01-01,4193.90,ft,Approved,,2025-03-11 21:31:41.809573+00:00
-112.49690297112,41.2552106532508,283ae825-807e-4e02-a347-5034f45fcb4d,2e4657553ff7486d84e1ae1c10a0d34c,USGS-10010100,62614,00003,2016-01-01,4190.69,ft,Approved,,2025-03-11 21:31:41.809573+00:00
-112.49690297112,41.2552106532508,35cacaa0-40af-4f33-8f19-453d9251ef3d,2e4657553ff7486d84e1ae1c10a0d34c,USGS-10010100,62614,00003,2015-12-31,4190.70,ft,Approved,,2025-03-11 21:31:41.809573+00:00
-112.49690297112,41.2552106532508,03333f77-b63e-4416-b194-ed0914631ee5,2e4657553ff7486d84e1ae1c10a0d34c,USGS-10010100,62614,00003,2015-12-30,4190.64,ft,Approved,,2025-03-11 21:31:41.809573+00:00
-112.49690297112,41.2552106532508,f1bf8298-6380-4ddc-870c-830c2abe35b0,2e4657553ff7486d84e1ae1c10a0d34c,USGS-10010100,62614,00003,2015-12-29,4190.66,ft,Approved,,2025-03-11 21:31:41.809573+00:00
-112.49690297112,41.2552106532508,8e682683-6cbf-4e67-bad3-e963b609116c,2e4657553ff7486d84e1ae1c10a0d34c,USGS-10010100,62614,00003,2015-12-28,4190.67,ft,Approved,,2025-03-11 21:31:41.809573+00:00
-112.49690297112,41.2552106532508,ddb0492f-7ef5-42fd-a64e-4078b84dbbf8,2e4657553ff7486d84e1ae1c10a0d34c,USGS-10010100,62614,00003,2015-12-27,4190.67,ft,Approved,,2025-03-11 21:31:41.809573+00:00
-112.49690297112,41.2552106532508,2ae9d728-42be-40c8-a6c6-117187eee691,2e4657553ff7486d84e1ae1c10a0d34c,USGS-10010100,62614,00003,2015-12-26,4190.86,ft,Approved,,2025-03-11 21:31:41.809573+00:00
-112.49690297112,41.2552106532508,6e80cac6-a2f0-4990-988e-458e40c51d15,2e4657553ff7486d84e1ae1c10a0d34c,USGS-10010100,62614,00003,2015-12-25,4190.84,ft,Approved,,2025-03-11 21:31:41.809573+00:00
-112.49690297112,41.2552106532508,16c812fa-f8e0-4127-8c1c-a82b0fd0cc6b,2e4657553ff7486d84e1ae1c10a0d34c,USGS-10010100,62614,00003,2015-12-24,4190.67,ft,Approved,,2025-03-11 21:31:41.809573+00:00
-112.49690297112,41.2552106532508,34e70582-63cf-4ae5-99b8-958a77962294,2e4657553ff7486d84e1ae1c10a0d34c,USGS-10010100,62614,00003,2015-12-23,4190.85,ft,Approved,,2025-03-11 21:31:41.809573+00:00
-112.49690297112,41.2552106532508,6904d02d-6f0f-4afb-b26a-e3d9c2b90423,2e4657553ff7486d84e1ae1c10a0d34c,USGS-10010100,62614,00003,2015-12-22,4190.69,ft,Approved,,2025-03-11 21:31:41.809573+00:00
-112.49690297112,41.2552106532508,84c930b1-d067-4e98-9120-5b806ce2aa43,2e4657553ff7486d84e1ae1c10a0d34c,USGS-10010100,62614,00003,2015-12-21,4190.56,ft,Approved,,2025-03-11 21:31:41.809573+00:00
-112.49690297112,41.2552106532508,5a72cf92-5c3a-4842-a0b9-667249c7cf94,2e4657553ff7486d84e1ae1c10a0d34c,USGS-10010100,62614,00003,2015-12-20,4190.65,ft,Approved,,2025-03-11 21:31:41.809573+00:00
-112.49690297112,41.2552106532508,74cfe236-14bd-4d6c-ab89-1c8bf0d26473,2e4657553ff7486d84e1ae1c10a0d34c,USGS-10010100,62614,00003,2015-12-19,4190.64,ft,Approved,,2025-03-11 21:31:41.809573+00:00
-112.49690297112,41.2552106532508,74e82e87-c7a4-4622-9476-5537042287cb,2e4657553ff7486d84e1ae1c10a0d34c,USGS-10010100,62614,00003,2015-12-18,4190.63,ft,Approved,,2025-03-11 21:31:41.809573+00:00
-112.49690297112,41.2552106532508,8cf70269-fb85-41c2-95d4-6faba9a20d30,2e4657553ff7486d84e1ae1c10a0d34c,USGS-10010100,62614,00003,2015-12-17,4190.62,ft,Approved,,2025-03-11 21:31:41.809573+00:00
-112.49690297112,41.2552106532508,03d6e987-52d1-4fd9-859f-59f8231b97ed,2e4657553ff7486d84e1ae1c10a0d34c,USGS-10010100,62614,00003,2015-12-16,4190.68,ft,Approved,,2025-03-11 21:31:41.809573+00:00
-112.49690297112,41.2552106532508,9cdb2b05-043e-4b41-b3a0-c4c1d0fbed16,2e4657553ff7486d84e1ae1c10a0d34c,USGS-10010100,62614,00003,2015-12-15,4190.70,ft,Approved,,2025-03-11 21:31:41.809573+00:00
-112.49690297112,41.2552106532508,03a68d21-5450-4b44-8b0a-9b1b5958d328,2e4657553ff7486d84e1ae1c10a0d34c,USGS-10010100,62614,00003,2015-12-14,4190.66,ft,Approved,,2025-03-11 21:31:41.809573+00:00
-112.49690297112,41.2552106532508,cedd6159-77d8-4a45-8310-97de6e4e7bf4,2e4657553ff7486d84e1ae1c10a0d34c,USGS-10010100,62614,00003,2015-12-13,4190.58,ft,Approved,,2025-03-11 21:31:41.809573+00:00
-112.49690297112,41.2552106532508,203f3ac3-2215-4063-b278-01fd906bccac,2e4657553ff7486d84e1ae1c10a0d34c,USGS-10010100,62614,00003,2015-12-12,4190.64,ft,Approved,,2025-03-11 21:31:41.809573+00:00
-112.49690297112,41.2552106532508,b8936789-111f-406f-b8b7-56ded64f7bbd,2e4657553ff7486d84e1ae1c10a0d34c,USGS-10010100,62614,00003,2015-12-11,4190.63,ft,Approved,,2025-03-11 21:31:41.809573+00:00
-112.49690297112,41.2552106532508,2bbe52cb-e7e7-41f8-adcd-77e3a41aebb0,2e4657553ff7486d84e1ae1c10a0d34c,USGS-10010100,62614,00003,2015-12-10,4190.59,ft,Approved,,2025-03-11 21:31:41.809573+00:00
-112.49690297112,41.2552106532508,55a93d01-a0d0-4cb8-8cd1-8dda5122c635,2e4657553ff7486d84e1ae1c10a0d34c,USGS-10010100,62614,00003,2015-12-09,4190.62,ft,Approved,,2025-03-11 21:31:41.809573+00:00
-112.49690297112,41.2552106532508,e86beaa8-21a5-4975-bcf5-db4a922595df,2e4657553ff7486d84e1ae1c10a0d34c,USGS-10010100,62614,00003,2015-12-08,4190.61,ft,Approved,,2025-03-11 21:31:41.809573+00:00
-112.49690297112,41.2552106532508,25158b95-0c4b-4792-b89c-2d5b372d446d,2e4657553ff7486d84e1ae1c10a0d34c,USGS-10010100,62614,00003,2015-12-07,4190.60,ft,Approved,,2025-03-11 21:31:41.809573+00:00
-112.49690297112,41.2552106532508,43d7e7f4-27f0-4728-b7ab-3de3ad95ab97,2e4657553ff7486d84e1ae1c10a0d34c,USGS-10010100,62614,00003,2015-12-06,4190.61,ft,Approved,,2025-03-11 21:31:41.809573+00:00
-112.49690297112,41.2552106532508,dee679e4-5bbb-4a1d-88bf-5a836c08ca01,2e4657553ff7486d84e1ae1c10a0d34c,USGS-10010100,62614,00003,2015-12-05,4190.61,ft,Approved,,2025-03-11 21:31:41.809573+00:00
-112.49690297112,41.2552106532508,93520e60-cc25-450b-aed0-2e9cf6275923,2e4657553ff7486d84e1ae1c10a0d34c,USGS-10010100,62614,00003,2015-12-04,4190.63,ft,Approved,,2025-03-11 21:31:41.809573+00:00
-112.49690297112,41.2552106532508,d4152280-cf6a-4d72-a49a-b17903bddfae,2e4657553ff7486d84e1ae1c10a0d34c,USGS-10010100,62614,00003,2015-12-03,4190.62,ft,Approved,,2025-03-11 21:31:41.809573+00:00
-112.49690297112,41.2552106532508,a89f246e-4299-464c-bb3d-6de126bf42ad,2e4657553ff7486d84e1ae1c10a0d34c,USGS-10010100,62614,00003,2015-12-02,4190.62,ft,Approved,,2025-03-11 21:31:41.809573+00:00
-112.49690297112,41.2552106532508,cd1938a3-aece-4bec-9bf8-d26fb92e140f,2e4657553ff7486d84e1ae1c10a0d34c,USGS-10010100,62614,00003,2015-12-01,4190.62,ft,Approved,,2025-03-11 21:31:41.809573+00:00
-112.49690297112,41.2552106532508,f7d2e8ab-ee6b-4ed3-ad70-9509ca4b762b,2e4657553ff7486d84e1ae1c10a0d34c,USGS-10010100,62614,00003,2015-11-30,4190.62,ft,Approved,,2025-03-11 21:31:41.809573+00:00
-112.49690297112,41.2552106532508,9b91cbdf-e741-4aaa-8ad4-cce9fef80b3a,2e4657553ff7486d84e1ae1c10a0d34c,USGS-10010100,62614,00003,2015-11-29,4190.65,ft,Approved,,2025-03-11 21:31:41.809573+00:00
-112.49690297112,41.2552106532508,a11ce8ec-c027-456c-917e-001adeabbe3a,2e4657553ff7486d84e1ae1c10a0d34c,USGS-10010100,62614,00003,2015-11-28,4190.68,ft,Approved,,2025-03-11 21:31:41.809573+00:00
-112.49690297112,41.2552106532508,62c0e55f-21c4-4c1d-9e72-87c1bd9955f1,2e4657553ff7486d84e1ae1c10a0d34c,USGS-10010100,62614,00003,2015-11-27,4190.66,ft,Approved,,2025-03-11 21:31:41.809573+00:00
-112.49690297112,41.2552106532508,a7e1a909-14f2-4d52-b480-2e47ceb80bdb,2e4657553ff7486d84e1ae1c10a0d34c,USGS-10010100,62614,00003,2015-11-26,4190.66,ft,Approved,,2025-03-11 21:31:41.809573+00:00
-112.49690297112,41.2552106532508,2d10eca0-a36a-40a7-811e-60f23cc74a3f,2e4657553ff7486d84e1ae1c10a0d34c,USGS-10010100,62614,00003,2015-11-25,4190.69,ft,Approved,,2025-03-11 21:31:41.809573+00:00
-112.49690297112,41.2552106532508,7d1c6630-9e02-419a-a2a8-1d366769880c,2e4657553ff7486d84e1ae1c10a0d34c,USGS-10010100,62614,00003,2015-11-24,4190.68,ft,Approved,,2025-03-11 21:31:41.809573+00:00
-112.49690297112,41.2552106532508,7aed7e56-9f3e-4700-bddc-deca6aa86ccd,2e4657553ff7486d84e1ae1c10a0d34c,USGS-10010100,62614,00003,2015-11-23,4190.67,ft,Approved,,2025-03-11 21:31:41.809573+00:00
-112.49690297112,41.2552106532508,03094041-54f5-4881-a45d-46196c55ee19,2e4657553ff7486d84e1ae1c10a0d34c,USGS-10010100,62614,00003,2015-11-22,4190.63,ft,Approved,,2025-03-11 21:31:41.809573+00:00
-112.49690297112,41.2552106532508,c4c65e55-f358-4d09-b3a5-a4f9c35fd92e,2e4657553ff7486d84e1ae1c10a0d34c,USGS-10010100,62614,00003,2015-11-21,4190.62,ft,Approved,,2025-03-11 21:31:41.809573+00:00
-112.49690297112,41.2552106532508,9bd63353-48a0-4c2e-8a0e-2e4cc565498d,2e4657553ff7486d84e1ae1c10a0d34c,USGS-10010100,62614,00003,2015-11-20,4190.67,ft,Approved,,2025-03-11 21:31:41.809573+00:00
-112.49690297112,41.2552106532508,4fad8f78-aba5-4670-9d5d-73a7b2728fb2,2e4657553ff7486d84e1ae1c10a0d34c,USGS-10010100,62614,00003,2015-11-19,4190.60,ft,Approved,,2025-03-11 21:31:41.809573+00:00
-112.49690297112,41.2552106532508,c2a768a5-d115-4de0-88b6-ed54cc07ed61,2e4657553ff7486d84e1ae1c10a0d34c,USGS-10010100,62614,00003,2015-11-18,4190.64,ft,Approved,,2025-03-11 21:31:41.809573+00:00
-112.49690297112,41.2552106532508,46bfc136-5e77-42df-b517-4dedf8d6d380,2e4657553ff7486d84e1ae1c10a0d34c,USGS-10010100,62614,00003,2015-11-17,4190.62,ft,Approved,,2025-03-11 21:31:41.809573+00:00
-112.49690297112,41.2552106532508,2604c84f-11a2-4630-b505-da3284b667f8,2e4657553ff7486d84e1ae1c10a0d34c,USGS-10010100,62614,00003,2015-11-16,4190.93,ft,Approved,,2025-03-11 21:31:41.809573+00:00
-112.49690297112,41.2552106532508,b67526cc-17bf-4fae-a7df-ba252d5ae3f0,2e4657553ff7486d84e1ae1c10a0d34c,USGS-10010100,62614,00003,2015-11-15,4190.64,ft,Approved,,2025-03-11 21:31:41.809573+00:00
-112.49690297112,41.2552106532508,75ead424-9cb1-436f-9791-83081d95ee9c,2e4657553ff7486d84e1ae1c10a0d34c,USGS-10010100,62614,00003,2015-11-14,4190.70,ft,Approved,,2025-03-11 21:31:41.809573+00:00
-112.49690297112,41.2552106532508,a5b61719-f76a-45db-a7cd-b6eb7392f472,2e4657553ff7486d84e1ae1c10a0d34c,USGS-10010100,62614,00003,2015-11-13,4190.69,ft,Approved,,2025-03-11 21:31:41.809573+00:00
-112.49690297112,41.2552106532508,09ee27d3-57a5-42c1-8f47-c209e08159ef,2e4657553ff7486d84e1ae1c10a0d34c,USGS-10010100,62614,00003,2015-11-12,4190.67,ft,Approved,,2025-03-11 21:31:41.809573+00:00
-112.49690297112,41.2552106532508,73f1af8e-fbac-4380-8520-1fa43eb1a1a4,2e4657553ff7486d84e1ae1c10a0d34c,USGS-10010100,62614,00003,2015-11-11,4190.68,ft,Approved,,2025-03-11 21:31:41.809573+00:00
-112.49690297112,41.2552106532508,7d62dce3-b0bb-4408-81d0-7813b48266cd,2e4657553ff7486d84e1ae1c10a0d34c,USGS-10010100,62614,00003,2015-11-10,4190.79,ft,Approved,,2025-03-11 21:31:41.809573+00:00
-112.49690297112,41.2552106532508,3279e90f-4950-40e1-b6a4-f1fae91df0ed,2e4657553ff7486d84e1ae1c10a0d34c,USGS-10010100,62614,00003,2015-11-09,4190.70,ft,Approved,,2025-03-11 21:31:41.809573+00:00
-112.49690297112,41.2552106532508,a3d9598a-11a3-40cd-b9ba-c6b03ea47d84,2e4657553ff7486d84e1ae1c10a0d34c,USGS-10010100,62614,00003,2015-11-08,4190.71,ft,Approved,,2025-03-11 21:31:41.809573+00:00
-112.49690297112,41.2552106532508,7bcdcce0-e0ed-492c-9a0c-20a0529e0229,2e4657553ff7486d84e1ae1c10a0d34c,USGS-10010100,62614,00003,2015-11-07,4190.67,ft,Approved,,2025-03-11 21:31:41.809573+00:00
-112.49690297112,41.2552106532508,064469d2-3022-4efb-9f5f-baa2e42b78df,2e4657553ff7486d84e1ae1c10a0d34c,USGS-10010100,62614,00003,2015-11-06,4190.76,ft,Approved,,2025-03-11 21:31:41.809573+00:00
-112.49690297112,41.2552106532508,b3c97b63-f522-4eed-8225-005d4be85a45,2e4657553ff7486d84e1ae1c10a0d34c,USGS-10010100,62614,00003,2015-11-05,4190.76,ft,Approved,,2025-03-11 21:31:41.809573+00:00
-112.49690297112,41.2552106532508,bc0c64ef-2795-48de-80bf-04bc905b03e1,2e4657553ff7486d84e1ae1c10a0d34c,USGS-10010100,62614,00003,2015-11-04,4190.88,ft,Approved,,2025-03-11 21:31:41.809573+00:00
-112.49690297112,41.2552106532508,68cf3921-55c0-4fd0-9e95-53fa5c27c09f,2e4657553ff7486d84e1ae1c10a0d34c,USGS-10010100,62614,00003,2015-11-03,4190.78,ft,Approved,,2025-03-11 21:31:41.809573+00:00
-112.49690297112,41.2552106532508,38734e9b-faf4-4b36-89e1-c639e3a41917,2e4657553ff7486d84e1ae1c10a0d34c,USGS-10010100,62614,00003,2015-11-02,4190.88,ft,Approved,,2025-03-11 21:31:41.809573+00:00
-112.49690297112,41.2552106532508,570fb241-da7f-452f-a311-cc71f0980280,2e4657553ff7486d84e1ae1c10a0d34c,USGS-10010100,62614,00003,2015-11-01,4190.75,ft,Approved,,2025-03-11 21:31:41.809573+00:00
-112.49690297112,41.2552106532508,78073475-868b-448c-b192-e2abb12e03d6,2e4657553ff7486d84e1ae1c10a0d34c,USGS-10010100,62614,00003,2015-10-31,4190.69,ft,Approved,,2025-03-11 21:31:41.809573+00:00
-112.49690297112,41.2552106532508,434ede68-b777-42fe-b6b7-3fde12d6178c,2e4657553ff7486d84e1ae1c10a0d34c,USGS-10010100,62614,00003,2015-10-30,4190.81,ft,Approved,,2025-03-11 21:31:41.809573+00:00
-112.49690297112,41.2552106532508,59e59c45-1ab7-4fb2-9fbb-af7dc825bec8,2e4657553ff7486d84e1ae1c10a0d34c,USGS-10010100,62614,00003,2015-10-29,4190.85,ft,Approved,,2025-03-11 21:31:41.809573+00:00
-112.49690297112,41.2552106532508,1673f64b-84e9-4ce2-8969-bd8b91ffecde,2e4657553ff7486d84e1ae1c10a0d34c,USGS-10010100,62614,00003,2015-10-28,4190.80,ft,Approved,,2025-03-11 21:31:41.809573+00:00
-112.49690297112,41.2552106532508,a89c67b2-101a-402a-8765-0f576729458b,2e4657553ff7486d84e1ae1c10a0d34c,USGS-10010100,62614,00003,2015-10-27,4190.84,ft,Approved,,2025-03-11 21:31:41.809573+00:00
-112.49690297112,41.2552106532508,1455b071-abf5-4980-946f-bfa3814d3ceb,2e4657553ff7486d84e1ae1c10a0d34c,USGS-10010100,62614,00003,2015-10-26,4190.84,ft,Approved,,2025-03-11 21:31:41.809573+00:00
-112.49690297112,41.2552106532508,f02fad95-2383-49ca-a2c5-cf960c0b354d,2e4657553ff7486d84e1ae1c10a0d34c,USGS-10010100,62614,00003,2015-10-25,4190.84,ft,Approved,,2025-03-11 21:31:41.809573+00:00
-112.49690297112,41.2552106532508,0f000534-0302-4760-978a-b71c503a7b95,2e4657553ff7486d84e1ae1c10a0d34c,USGS-10010100,62614,00003,2015-10-24,4190.84,ft,Approved,,2025-03-11 21:31:41.809573+00:00
-112.49690297112,41.2552106532508,1c01e75e-8d8d-4abb-a586-50a5605b563e,2e4657553ff7486d84e1ae1c10a0d34c,USGS-10010100,62614,00003,2015-10-23,4190.91,ft,Approved,,2025-03-11 21:31:41.809573+00:00
-112.49690297112,41.2552106532508,20ead749-12f4-4330-8289-af5467da0be8,2e4657553ff7486d84e1ae1c10a0d34c,USGS-10010100,62614,00003,2015-10-22,4190.94,ft,Approved,,2025-03-11 21:31:41.809573+00:00
-112.49690297112,41.2552106532508,47a69c02-40a0-40f6-ac47-ff1791c05f25,2e4657553ff7486d84e1ae1c10a0d34c,USGS-10010100,62614,00003,2015-10-21,4190.98,ft,Approved,,2025-03-11 21:31:41.809573+00:00
-112.49690297112,41.2552106532508,ac6159c6-9c42-4ff4-82bb-1d04211e1ae9,2e4657553ff7486d84e1ae1c10a0d34c,USGS-10010100,62614,00003,2015-10-20,4191.01,ft,Approved,,2025-03-11 21:31:41.809573+00:00
-112.49690297112,41.2552106532508,f0d9c766-067d-40da-93d2-7c2eefd0dea5,2e4657553ff7486d84e1ae1c10a0d34c,USGS-10010100,62614,00003,2015-10-19,4190.92,ft,Approved,,2025-03-11 21:31:41.809573+00:00
-112.49690297112,41.2552106532508,34be07bf-c6e7-4dbc-85d1-01e0a202ca4d,2e4657553ff7486d84e1ae1c10a0d34c,USGS-10010100,62614,00003,2015-10-18,4190.88,ft,Approved,,2025-03-11 21:31:41.809573+00:00
-112.49690297112,41.2552106532508,7ffa8833-ec41-402e-9835-84353519df46,2e4657553ff7486d84e1ae1c10a0d34c,USGS-10010100,62614,00003,2015-10-17,4190.85,ft,Approved,,2025-03-11 21:31:41.809573+00:00
-112.49690297112,41.2552106532508,696fe296-ec52-4744-b03d-a9769f17150b,2e4657553ff7486d84e1ae1c10a0d34c,USGS-10010100,62614,00003,2015-10-16,4190.91,ft,Approved,,2025-03-11 21:31:41.809573+00:00
-112.49690297112,41.2552106532508,eda053d5-8f20-42c2-84bc-8cae1f468ee5,2e4657553ff7486d84e1ae1c10a0d34c,USGS-10010100,62614,00003,2015-10-15,4190.91,ft,Approved,,2025-03-11 21:31:41.809573+00:00
-112.49690297112,41.2552106532508,bda08267-599d-4713-b40f-eb9c08b3e3d7,2e4657553ff7486d84e1ae1c10a0d34c,USGS-10010100,62614,00003,2015-10-14,4190.91,ft,Approved,,2025-03-11 21:31:41.809573+00:00
-112.49690297112,41.2552106532508,2a5f9e1a-bf16-495e-940b-a75837e85946,2e4657553ff7486d84e1ae1c10a0d34c,USGS-10010100,62614,00003,2015-10-13,4190.92,ft,Approved,,2025-03-11 21:31:41.809573+00:00
-112.49690297112,41.2552106532508,43bd6f7b-5ad5-44f8-9905-4539e416bd94,2e4657553ff7486d84e1ae1c10a0d34c,USGS-10010100,62614,00003,2015-10-12,4190.94,ft,Approved,,2025-03-11 21:31:41.809573+00:00
-112.49690297112,41.2552106532508,90a3e899-99f4-4745-89a7-e92d716739b2,2e4657553ff7486d84e1ae1c10a0d34c,USGS-10010100,62614,00003,2015-10-11,4190.94,ft,Approved,,2025-03-11 21:31:41.809573+00:00
-112.49690297112,41.2552106532508,4966ae37-cfe2-49ff-a84c-d8065d42dd32,2e4657553ff7486d84e1ae1c10a0d34c,USGS-10010100,62614,00003,2015-10-10,4190.92,ft,Approved,,2025-03-11 21:31:41.809573+00:00
-112.49690297112,41.2552106532508,ce4366a4-a465-4bff-8b3d-57d27e01ac9d,2e4657553ff7486d84e1ae1c10a0d34c,USGS-10010100,62614,00003,2015-10-09,4190.95,ft,Approved,,2025-03-11 21:31:41.809573+00:00
-112.49690297112,41.2552106532508,12dff565-6550-40ed-8b57-6850b5916951,2e4657553ff7486d84e1ae1c10a0d34c,USGS-10010100,62614,00003,2015-10-08,4190.99,ft,Approved,,2025-03-11 21:31:41.809573+00:00
-112.49690297112,41.2552106532508,c765be68-baa8-47f5-abb7-97b0bf4a8ae7,2e4657553ff7486d84e1ae1c10a0d34c,USGS-10010100,62614,00003,2015-10-07,4190.98,ft,Approved,,2025-03-11 21:31:41.809573+00:00
-112.49690297112,41.2552106532508,96983bbf-5f5d-4153-bd97-be4fb1b06617,2e4657553ff7486d84e1ae1c10a0d34c,USGS-10010100,62614,00003,2015-10-06,4190.96,ft,Approved,,2025-03-11 21:31:41.809573+00:00
-112.49690297112,41.2552106532508,5921fd75-96c4-4aa5-904f-d865ffb26772,2e4657553ff7486d84e1ae1c10a0d34c,USGS-10010100,62614,00003,2015-10-05,4190.96,ft,Approved,,2025-03-11 21:31:41.809573+00:00
-112.49690297112,41.2552106532508,6ef5d4e1-6859-4c98-ba2c-8760881d7a16,2e4657553ff7486d84e1ae1c10a0d34c,USGS-10010100,62614,00003,2015-10-04,4191.01,ft,Approved,,2025-03-11 21:31:41.809573+00:00
-112.49690297112,41.2552106532508,9073e674-270d-4e04-83db-0d9b4804343d,2e4657553ff7486d84e1ae1c10a0d34c,USGS-10010100,62614,00003,2015-10-03,4190.97,ft,Approved,,2025-03-11 21:31:41.809573+00:00
-112.49690297112,41.2552106532508,e0a80082-8fee-4ede-99fa-d97ea6f7379f,2e4657553ff7486d84e1ae1c10a0d34c,USGS-10010100,62614,00003,2015-10-02,4190.95,ft,Approved,,2025-03-11 21:31:41.809573+00:00
-112.49690297112,41.2552106532508,5ec5482c-1a1e-452f-977f-67d5877ee9f3,2e4657553ff7486d84e1ae1c10a0d34c,USGS-10010100,62614,00003,2015-10-01,4190.96,ft,Approved,,2025-03-11 21:31:41.809573+00:00
-112.49690297112,41.2552106532508,78a39315-183b-4348-ba4c-3430dfafb6e3,2e4657553ff7486d84e1ae1c10a0d34c,USGS-10010100,62614,00003,2015-09-30,4190.94,ft,Approved,,2025-03-11 21:31:41.809573+00:00
-112.49690297112,41.2552106532508,f87290f4-755f-49f7-92fc-1ad0149bd1c9,2e4657553ff7486d84e1ae1c10a0d34c,USGS-10010100,62614,00003,2015-09-29,4190.94,ft,Approved,,2025-03-11 21:31:41.809573+00:00
-112.49690297112,41.2552106532508,e2bed2ec-15ab-4b7c-a4a7-abb07cd61c7c,2e4657553ff7486d84e1ae1c10a0d34c,USGS-10010100,62614,00003,2015-09-28,4190.98,ft,Approved,,2025-03-11 21:31:41.809573+00:00
-112.49690297112,41.2552106532508,cccb3496-02a6-401e-b05f-b913da62483b,2e4657553ff7486d84e1ae1c10a0d34c,USGS-10010100,62614,00003,2015-09-27,4190.98,ft,Approved,,2025-03-11 21:31:41.809573+00:00
-112.49690297112,41.2552106532508,efc03873-d6da-4b75-847a-ccb92c90a703,2e4657553ff7486d84e1ae1c10a0d34c,USGS-10010100,62614,00003,2015-09-26,4190.92,ft,Approved,,2025-03-11 21:31:41.809573+00:00
-112.49690297112,41.2552106532508,38d28713-6657-40d6-8fa6-eba41da47eb2,2e4657553ff7486d84e1ae1c10a0d34c,USGS-10010100,62614,00003,2015-09-25,4190.97,ft,Approved,,2025-03-11 21:31:41.809573+00:00
-112.49690297112,41.2552106532508,fe3731ce-2bc7-4dff-aae7-a0ae829057fb,2e4657553ff7486d84e1ae1c10a0d34c,USGS-10010100,62614,00003,2015-09-24,4191.00,ft,Approved,,2025-03-11 21:31:41.809573+00:00
-112.49690297112,41.2552106532508,3ab33491-b5af-44dc-9ce0-3c252777cccf,2e4657553ff7486d84e1ae1c10a0d34c,USGS-10010100,62614,00003,2015-09-23,4190.98,ft,Approved,,2025-03-11 21:31:41.809573+00:00
-112.49690297112,41.2552106532508,f9984204-94c1-477d-b4f2-62d89a7ef7a9,2e4657553ff7486d84e1ae1c10a0d34c,USGS-10010100,62614,00003,2015-09-22,4191.00,ft,Approved,,2025-03-11 21:31:41.809573+00:00
-112.49690297112,41.2552106532508,bcbb547e-9953-4c1c-853b-5d902e8c961f,2e4657553ff7486d84e1ae1c10a0d34c,USGS-10010100,62614,00003,2015-09-21,4190.98,ft,Approved,,2025-03-11 21:31:41.809573+00:00
-112.49690297112,41.2552106532508,f07e3973-cd14-4ef1-b4d5-4e0738076dad,2e4657553ff7486d84e1ae1c10a0d34c,USGS-10010100,62614,00003,2015-09-20,4190.98,ft,Approved,,2025-03-11 21:31:41.809573+00:00
-112.49690297112,41.2552106532508,146eec1a-2eee-4edb-883e-eb765bf59c40,2e4657553ff7486d84e1ae1c10a0d34c,USGS-10010100,62614,00003,2015-09-19,4191.00,ft,Approved,,2025-03-11 21:31:41.809573+00:00
-112.49690297112,41.2552106532508,c9f17a12-4210-4a73-8781-dd9fc06aa5da,2e4657553ff7486d84e1ae1c10a0d34c,USGS-10010100,62614,00003,2015-09-18,4191.03,ft,Approved,,2025-03-11 21:31:41.809573+00:00
-112.49690297112,41.2552106532508,a5d6dfec-19d0-4b18-880d-ecae9be93fdf,2e4657553ff7486d84e1ae1c10a0d34c,USGS-10010100,62614,00003,2015-09-17,4191.02,ft,Approved,,2025-03-11 21:31:41.809573+00:00
-112.49690297112,41.2552106532508,26c02f10-23fb-4908-a958-bad0aee67413,2e4657553ff7486d84e1ae1c10a0d34c,USGS-10010100,62614,00003,2015-09-16,4190.90,ft,Approved,,2025-03-11 21:31:41.809573+00:00
-112.49690297112,41.2552106532508,d9fc5ec6-5205-48c7-be22-bec5af7126b8,2e4657553ff7486d84e1ae1c10a0d34c,USGS-10010100,62614,00003,2015-09-15,4190.82,ft,Approved,,2025-03-11 21:31:41.809573+00:00
-112.49690297112,41.2552106532508,5ab86e2e-7c30-446a-ab24-e5d2bb27198a,2e4657553ff7486d84e1ae1c10a0d34c,USGS-10010100,62614,00003,2015-09-14,4190.82,ft,Approved,,2025-03-11 21:31:41.809573+00:00
-112.49690297112,41.2552106532508,65278252-83fb-4f72-b8b2-939480bb68a6,2e4657553ff7486d84e1ae1c10a0d34c,USGS-10010100,62614,00003,2015-09-13,4190.93,ft,Approved,,2025-03-11 21:31:41.809573+00:00
-112.49690297112,41.2552106532508,5e7bceb8-d695-4096-8c8e-79fd1a71b4eb,2e4657553ff7486d84e1ae1c10a0d34c,USGS-10010100,62614,00003,2015-09-12,4190.96,ft,Approved,,2025-03-11 21:31:41.809573+00:00
-112.49690297112,41.2552106532508,d172f6c4-cdda-4d3f-a4e1-621a102bb25e,2e4657553ff7486d84e1ae1c10a0d34c,USGS-10010100,62614,00003,2015-09-11,4190.98,ft,Approved,,2025-03-11 21:31:41.809573+00:00
-112.49690297112,41.2552106532508,e909cf7d-bbff-4f46-8705-44e8a48c50cd,2e4657553ff7486d84e1ae1c10a0d34c,USGS-10010100,62614,00003,2015-09-10,4190.98,ft,Approved,,2025-03-11 21:31:41.809573+00:00
-112.49690297112,41.2552106532508,e3d562e1-8307-4515-9dc0-bb8fc99f162e,2e4657553ff7486d84e1ae1c10a0d34c,USGS-10010100,62614,00003,2015-09-09,4190.98,ft,Approved,,2025-03-11 21:31:41.809573+00:00
-112.49690297112,41.2552106532508,09e93bdc-b832-49da-96eb-b546cc9ca6c3,2e4657553ff7486d84e1ae1c10a0d34c,USGS-10010100,62614,00003,2015-09-08,4191.01,ft,Approved,,2025-03-11 21:31:41.809573+00:00
-112.49690297112,41.2552106532508,d083933d-10ed-4f8e-9920-e2232d652d2f,2e4657553ff7486d84e1ae1c10a0d34c,USGS-10010100,62614,00003,2015-09-07,4191.03,ft,Approved,,2025-03-11 21:31:41.809573+00:00
-112.49690297112,41.2552106532508,75a35b34-3d71-4027-a8b8-51b200d44857,2e4657553ff7486d84e1ae1c10a0d34c,USGS-10010100,62614,00003,2015-09-06,4191.06,ft,Approved,,2025-03-11 21:31:41.809573+00:00
-112.49690297112,41.2552106532508,38708aa4-5fe8-4883-92f2-cd55524b66a9,2e4657553ff7486d84e1ae1c10a0d34c,USGS-10010100,62614,00003,2015-09-05,4191.14,ft,Approved,,2025-03-11 21:31:41.809573+00:00
-112.49690297112,41.2552106532508,3428702c-16f6-44a8-8f34-c27af20b3d6e,2e4657553ff7486d84e1ae1c10a0d34c,USGS-10010100,62614,00003,2015-09-04,4191.04,ft,Approved,,2025-03-11 21:31:41.809573+00:00
-112.49690297112,41.2552106532508,dd75211a-822c-496b-9907-e6c1cc6d82e0,2e4657553ff7486d84e1ae1c10a0d34c,USGS-10010100,62614,00003,2015-09-03,4190.94,ft,Approved,,2025-03-11 21:31:41.809573+00:00
-112.49690297112,41.2552106532508,40df4040-dfb0-4ef1-98e7-a8ba8885514b,2e4657553ff7486d84e1ae1c10a0d34c,USGS-10010100,62614,00003,2015-09-02,4191.00,ft,Approved,,2025-03-11 21:31:41.809573+00:00
-112.49690297112,41.2552106532508,3060c185-6c2b-47bf-a043-46aba94c91fc,2e4657553ff7486d84e1ae1c10a0d34c,USGS-10010100,62614,00003,2015-09-01,4191.14,ft,Approved,,2025-03-11 21:31:41.809573+00:00
-112.49690297112,41.2552106532508,808dd449-efe4-49c7-bdda-4cd23378bdf1,2e4657553ff7486d84e1ae1c10a0d34c,USGS-10010100,62614,00003,2015-08-31,4191.23,ft,Approved,,2025-03-11 21:31:41.809573+00:00
-112.49690297112,41.2552106532508,8844d44f-3963-4746-9207-c402f8d0963e,2e4657553ff7486d84e1ae1c10a0d34c,USGS-10010100,62614,00003,2015-08-30,4191.24,ft,Approved,,2025-03-11 21:31:41.809573+00:00
-112.49690297112,41.2552106532508,3034edc2-5b50-49c0-b215-b83603c57e41,2e4657553ff7486d84e1ae1c10a0d34c,USGS-10010100,62614,00003,2015-08-29,4191.10,ft,Approved,,2025-03-11 21:31:41.809573+00:00
-112.49690297112,41.2552106532508,7e85c295-df48-4df5-a154-2844a38d1eef,2e4657553ff7486d84e1ae1c10a0d34c,USGS-10010100,62614,00003,2015-08-28,4191.20,ft,Approved,,2025-03-11 21:31:41.809573+00:00
-112.49690297112,41.2552106532508,ae0b8098-95ba-49d7-ac5a-902860e442f9,2e4657553ff7486d84e1ae1c10a0d34c,USGS-10010100,62614,00003,2015-08-27,4191.23,ft,Approved,,2025-03-11 21:31:41.809573+00:00
-112.49690297112,41.2552106532508,949cbdcb-737f-4f13-9d7c-54dfd2aadd98,2e4657553ff7486d84e1ae1c10a0d34c,USGS-10010100,62614,00003,2015-08-26,4191.16,ft,Approved,,2025-03-11 21:31:41.809573+00:00
-112.49690297112,41.2552106532508,701fd7c4-21b3-4219-a005-5924e5ab9028,2e4657553ff7486d84e1ae1c10a0d34c,USGS-10010100,62614,00003,2015-08-25,4191.26,ft,Approved,,2025-03-11 21:31:41.809573+00:00
-112.49690297112,41.2552106532508,63cd47ef-ba81-4be2-99e8-ca827d24553d,2e4657553ff7486d84e1ae1c10a0d34c,USGS-10010100,62614,00003,2015-08-24,4191.28,ft,Approved,,2025-03-11 21:31:41.809573+00:00
-112.49690297112,41.2552106532508,e70459f1-9644-42cb-b869-167773ddb2bd,2e4657553ff7486d84e1ae1c10a0d34c,USGS-10010100,62614,00003,2015-08-23,4191.31,ft,Approved,,2025-03-11 21:31:41.809573+00:00
-112.49690297112,41.2552106532508,628ffca5-3d61-4581-b7bf-b64221848325,2e4657553ff7486d84e1ae1c10a0d34c,USGS-10010100,62614,00003,2015-08-22,4191.37,ft,Approved,,2025-03-11 21:31:41.809573+00:00
-112.49690297112,41.2552106532508,53179674-dff6-43b4-9a5c-cbcbbddc512a,2e4657553ff7486d84e1ae1c10a0d34c,USGS-10010100,62614,00003,2015-08-21,4191.34,ft,Approved,,2025-03-11 21:31:41.809573+00:00
-112.49690297112,41.2552106532508,c4903cae-ab60-4586-9a97-13049495be63,2e4657553ff7486d84e1ae1c10a0d34c,USGS-10010100,62614,00003,2015-08-20,4191.34,ft,Approved,,2025-03-11 21:31:41.809573+00:00
-112.49690297112,41.2552106532508,76920184-e69b-4a06-9779-dbf0e699866a,2e4657553ff7486d84e1ae1c10a0d34c,USGS-10010100,62614,00003,2015-08-19,4191.34,ft,Approved,,2025-03-11 21:31:41.809573+00:00
-112.49690297112,41.2552106532508,17aadf0a-a780-49b9-96ed-a1902da0c9f8,2e4657553ff7486d84e1ae1c10a0d34c,USGS-10010100,62614,00003,2015-08-18,4191.42,ft,Approved,,2025-03-11 21:31:41.809573+00:00
-112.49690297112,41.2552106532508,8d0c5ad5-71ff-48d6-a086-5277548bc015,2e4657553ff7486d84e1ae1c10a0d34c,USGS-10010100,62614,00003,2015-08-17,4191.44,ft,Approved,,2025-03-11 21:31:41.809573+00:00
-112.49690297112,41.2552106532508,3400c9eb-ebc5-4973-a437-8248a697e678,2e4657553ff7486d84e1ae1c10a0d34c,USGS-10010100,62614,00003,2015-08-16,4191.48,ft,Approved,,2025-03-11 21:31:41.809573+00:00
-112.49690297112,41.2552106532508,2d4e651a-2697-4e36-afde-d9fd5e2b12ec,2e4657553ff7486d84e1ae1c10a0d34c,USGS-10010100,62614,00003,2015-08-15,4191.50,ft,Approved,,2025-03-11 21:31:41.809573+00:00
-112.49690297112,41.2552106532508,e5b5c4a8-69bb-43c6-8e51-9954bf8862f7,2e4657553ff7486d84e1ae1c10a0d34c,USGS-10010100,62614,00003,2015-08-14,4191.42,ft,Approved,,2025-03-11 21:31:41.809573+00:00
-112.49690297112,41.2552106532508,49348f12-2e9e-4060-8ae3-9b953851673a,2e4657553ff7486d84e1ae1c10a0d34c,USGS-10010100,62614,00003,2015-08-13,4191.40,ft,Approved,,2025-03-11 21:31:41.809573+00:00
-112.49690297112,41.2552106532508,8aa76567-9be4-44c7-9a71-d9fbf55d71d9,2e4657553ff7486d84e1ae1c10a0d34c,USGS-10010100,62614,00003,2015-08-12,4191.43,ft,Approved,,2025-03-11 21:31:41.809573+00:00
-112.49690297112,41.2552106532508,a4c3b333-4dfd-4613-b51c-2d9cdecb0d2a,2e4657553ff7486d84e1ae1c10a0d34c,USGS-10010100,62614,00003,2015-08-11,4191.44,ft,Approved,,2025-03-11 21:31:41.809573+00:00
-112.49690297112,41.2552106532508,516dc6d7-4155-4ab0-ba97-5fa883ca76b2,2e4657553ff7486d84e1ae1c10a0d34c,USGS-10010100,62614,00003,2015-08-10,4191.51,ft,Approved,,2025-03-11 21:31:41.809573+00:00
-112.49690297112,41.2552106532508,bcc87e99-6012-4e5c-a56e-ca56a41586b1,2e4657553ff7486d84e1ae1c10a0d34c,USGS-10010100,62614,00003,2015-08-09,4191.53,ft,Approved,,2025-03-11 21:31:41.809573+00:00
-112.49690297112,41.2552106532508,7b5106a7-ca03-41dd-be98-395034e4ee79,2e4657553ff7486d84e1ae1c10a0d34c,USGS-10010100,62614,00003,2015-08-08,4191.53,ft,Approved,,2025-03-11 21:31:41.809573+00:00
-112.49690297112,41.2552106532508,5e14e760-c269-4c7a-a8d7-1907c56f1fcc,2e4657553ff7486d84e1ae1c10a0d34c,USGS-10010100,62614,00003,2015-08-07,4191.54,ft,Approved,,2025-03-11 21:31:41.809573+00:00
-112.49690297112,41.2552106532508,02e95152-cc0b-4d8a-b39e-e57e2c88271d,2e4657553ff7486d84e1ae1c10a0d34c,USGS-10010100,62614,00003,2015-08-06,4191.53,ft,Approved,,2025-03-11 21:31:41.809573+00:00
-112.49690297112,41.2552106532508,34d0a928-4569-4057-a9df-911634c110cb,2e4657553ff7486d84e1ae1c10a0d34c,USGS-10010100,62614,00003,2015-08-05,4191.60,ft,Approved,,2025-03-11 21:31:41.809573+00:00
-112.49690297112,41.2552106532508,2e77e1e0-0e4b-4c0b-a4b8-9795c11d7ae0,2e4657553ff7486d84e1ae1c10a0d34c,USGS-10010100,62614,00003,2015-08-04,4191.55,ft,Approved,,2025-03-11 21:31:41.809573+00:00
-112.49690297112,41.2552106532508,9062c5c3-2b10-42d9-bc80-ae07717803e8,2e4657553ff7486d84e1ae1c10a0d34c,USGS-10010100,62614,00003,2015-08-03,4191.45,ft,Approved,,2025-03-11 21:31:41.809573+00:00
-112.49690297112,41.2552106532508,1151630a-9ca0-4903-8ed3-32435b65af96,2e4657553ff7486d84e1ae1c10a0d34c,USGS-10010100,62614,00003,2015-08-02,4191.55,ft,Approved,,2025-03-11 21:31:41.809573+00:00
-112.49690297112,41.2552106532508,a57afc66-d753-45a3-99b0-1302c6d1677a,2e4657553ff7486d84e1ae1c10a0d34c,USGS-10010100,62614,00003,2015-08-01,4191.62,ft,Approved,,2025-03-11 21:31:41.809573+00:00
-112.49690297112,41.2552106532508,72d46305-46e2-409a-a49f-c97557caaa58,2e4657553ff7486d84e1ae1c10a0d34c,USGS-10010100,62614,00003,2015-07-31,4191.62,ft,Approved,,2025-03-11 21:31:41.809573+00:00
-112.49690297112,41.2552106532508,dfbaab75-ed15-491e-8c5c-20ff41bb13fa,2e4657553ff7486d84e1ae1c10a0d34c,USGS-10010100,62614,00003,2015-07-30,4191.62,ft,Approved,,2025-03-11 21:31:41.809573+00:00
-112.49690297112,41.2552106532508,2be61436-9917-4590-a7a4-1e0e27a30727,2e4657553ff7486d84e1ae1c10a0d34c,USGS-10010100,62614,00003,2015-07-29,4191.66,ft,Approved,,2025-03-11 21:31:41.809573+00:00
-112.49690297112,41.2552106532508,423922d0-0c4f-4f35-a000-8157e13fb2a1,2e4657553ff7486d84e1ae1c10a0d34c,USGS-10010100,62614,00003,2015-07-28,4191.67,ft,Approved,,2025-03-11 21:31:41.809573+00:00
-112.49690297112,41.2552106532508,7e865ad5-8a11-4192-843f-68b8f455499c,2e4657553ff7486d84e1ae1c10a0d34c,USGS-10010100,62614,00003,2015-07-27,4191.77,ft,Approved,,2025-03-11 21:31:41.809573+00:00
-112.49690297112,41.2552106532508,c9fb230b-fd61-4e51-aea4-22ef8f575764,2e4657553ff7486d84e1ae1c10a0d34c,USGS-10010100,62614,00003,2015-07-26,4191.69,ft,Approved,,2025-03-11 21:31:41.809573+00:00
-112.49690297112,41.2552106532508,d5b66ea0-5fd0-4922-8896-c6849836ac1a,2e4657553ff7486d84e1ae1c10a0d34c,USGS-10010100,62614,00003,2015-07-25,4191.72,ft,Approved,,2025-03-11 21:31:41.809573+00:00
-112.49690297112,41.2552106532508,c613ce97-75b7-424e-82dc-32d085c240b5,2e4657553ff7486d84e1ae1c10a0d34c,USGS-10010100,62614,00003,2015-07-24,4191.80,ft,Approved,,2025-03-11 21:31:41.809573+00:00
-112.49690297112,41.2552106532508,e476b011-632a-4a8c-99c0-9a20ff969d76,2e4657553ff7486d84e1ae1c10a0d34c,USGS-10010100,62614,00003,2015-07-23,4191.80,ft,Approved,,2025-03-11 21:31:41.809573+00:00
-112.49690297112,41.2552106532508,c30c3ca4-970f-4055-a84c-4271017d9751,2e4657553ff7486d84e1ae1c10a0d34c,USGS-10010100,62614,00003,2015-07-22,4191.75,ft,Approved,,2025-03-11 21:31:41.809573+00:00
-112.49690297112,41.2552106532508,ab127717-697f-4a83-85b5-97a03fd93dcc,2e4657553ff7486d84e1ae1c10a0d34c,USGS-10010100,62614,00003,2015-07-21,4191.76,ft,Approved,,2025-03-11 21:31:41.809573+00:00
-112.49690297112,41.2552106532508,6b19098d-34e9-4803-bca8-6910293ce030,2e4657553ff7486d84e1ae1c10a0d34c,USGS-10010100,62614,00003,2015-07-20,4191.69,ft,Approved,,2025-03-11 21:31:41.809573+00:00
-112.49690297112,41.2552106532508,2f6d5445-858e-4409-99e5-7f2afe77e813,2e4657553ff7486d84e1ae1c10a0d34c,USGS-10010100,62614,00003,2015-07-19,4191.83,ft,Approved,,2025-03-11 21:31:41.809573+00:00
-112.49690297112,41.2552106532508,69b10a25-969d-498a-80d2-c217e96632fa,2e4657553ff7486d84e1ae1c10a0d34c,USGS-10010100,62614,00003,2015-07-18,4191.84,ft,Approved,,2025-03-11 21:31:41.809573+00:00
-112.49690297112,41.2552106532508,21d3a672-b8dd-4598-bae9-2286a500de7d,2e4657553ff7486d84e1ae1c10a0d34c,USGS-10010100,62614,00003,2015-07-17,4191.88,ft,Approved,,2025-03-11 21:31:41.809573+00:00
-112.49690297112,41.2552106532508,50a7a035-82e3-48e3-8ecd-f508171ce5a1,2e4657553ff7486d84e1ae1c10a0d34c,USGS-10010100,62614,00003,2015-07-16,4191.88,ft,Approved,,2025-03-11 21:31:41.809573+00:00
-112.49690297112,41.2552106532508,fa2b0df4-283f-4f8e-be96-d4c4cf741371,2e4657553ff7486d84e1ae1c10a0d34c,USGS-10010100,62614,00003,2015-07-15,4191.91,ft,Approved,,2025-03-11 21:31:41.809573+00:00
-112.49690297112,41.2552106532508,20785226-f66f-4016-8422-2badc73afa6b,2e4657553ff7486d84e1ae1c10a0d34c,USGS-10010100,62614,00003,2015-07-14,4192.00,ft,Approved,,2025-03-11 21:31:41.809573+00:00
-112.49690297112,41.2552106532508,6e427f54-f9cb-4c01-bf41-7b4ee1acef33,2e4657553ff7486d84e1ae1c10a0d34c,USGS-10010100,62614,00003,2015-07-13,4192.00,ft,Approved,,2025-03-11 21:31:41.809573+00:00
-112.49690297112,41.2552106532508,4dcfce96-f604-4a33-97ec-713827ac35c0,2e4657553ff7486d84e1ae1c10a0d34c,USGS-10010100,62614,00003,2015-07-12,4191.97,ft,Approved,,2025-03-11 21:31:41.809573+00:00
-112.49690297112,41.2552106532508,5f09ece9-db3c-4292-9889-f5ffb495d583,2e4657553ff7486d84e1ae1c10a0d34c,USGS-10010100,62614,00003,2015-07-11,4191.94,ft,Approved,,2025-03-11 21:31:41.809573+00:00
-112.49690297112,41.2552106532508,77891f99-b3f7-406a-aac2-d30ede673c4c,2e4657553ff7486d84e1ae1c10a0d34c,USGS-10010100,62614,00003,2015-07-10,4191.91,ft,Approved,,2025-03-11 21:31:41.809573+00:00
-112.49690297112,41.2552106532508,8743fb85-7891-4fa3-93c9-2c2d63536a19,2e4657553ff7486d84e1ae1c10a0d34c,USGS-10010100,62614,00003,2015-07-09,4191.91,ft,Approved,,2025-03-11 21:31:41.809573+00:00
-112.49690297112,41.2552106532508,bb45f3cf-aef2-4da2-baa5-9028b193e6ef,2e4657553ff7486d84e1ae1c10a0d34c,USGS-10010100,62614,00003,2015-07-08,4192.04,ft,Approved,,2025-03-11 21:31:41.809573+00:00
-112.49690297112,41.2552106532508,77948cb2-2d63-499d-8490-9a47f0dd0b69,2e4657553ff7486d84e1ae1c10a0d34c,USGS-10010100,62614,00003,2015-07-07,4192.03,ft,Approved,,2025-03-11 21:31:41.809573+00:00
-112.49690297112,41.2552106532508,d65e088a-fbdd-4b8c-8c62-d2fdd542d0f5,2e4657553ff7486d84e1ae1c10a0d34c,USGS-10010100,62614,00003,2015-07-06,4192.10,ft,Approved,,2025-03-11 21:31:41.809573+00:00
-112.49690297112,41.2552106532508,cf05f945-2201-4ade-96e4-1d12c3d5483e,2e4657553ff7486d84e1ae1c10a0d34c,USGS-10010100,62614,00003,2015-07-05,4192.07,ft,Approved,,2025-03-11 21:31:41.809573+00:00
-112.49690297112,41.2552106532508,e691b4ac-2e09-44c9-8d0d-c5c96c0beb81,2e4657553ff7486d84e1ae1c10a0d34c,USGS-10010100,62614,00003,2015-07-04,4192.08,ft,Approved,,2025-03-11 21:31:41.809573+00:00
-112.49690297112,41.2552106532508,1ab0959e-78df-438e-a46e-cb098b0bd61d,2e4657553ff7486d84e1ae1c10a0d34c,USGS-10010100,62614,00003,2015-07-03,4192.12,ft,Approved,,2025-03-11 21:31:41.809573+00:00
-112.49690297112,41.2552106532508,55d9e6f8-e83e-492f-8e1e-5dd79b9174d7,2e4657553ff7486d84e1ae1c10a0d34c,USGS-10010100,62614,00003,2015-07-02,4192.13,ft,Approved,,2025-03-11 21:31:41.809573+00:00
-112.49690297112,41.2552106532508,f82e8609-003b-4ad1-9f19-9b0f2e439fc6,2e4657553ff7486d84e1ae1c10a0d34c,USGS-10010100,62614,00003,2015-07-01,4192.12,ft,Approved,,2025-03-11 21:31:41.809573+00:00
-112.49690297112,41.2552106532508,c5eef29e-c17a-464e-b8b7-a0129345bfdb,2e4657553ff7486d84e1ae1c10a0d34c,USGS-10010100,62614,00003,2015-06-30,4192.19,ft,Approved,,2025-03-11 21:31:41.809573+00:00
-112.49690297112,41.2552106532508,2eb28de1-2ec4-41a0-a09f-dcef5bf96787,2e4657553ff7486d84e1ae1c10a0d34c,USGS-10010100,62614,00003,2015-06-29,4192.15,ft,Approved,,2025-03-11 21:31:41.809573+00:00
-112.49690297112,41.2552106532508,76651e90-5c52-4ca0-834a-b3dee790704e,2e4657553ff7486d84e1ae1c10a0d34c,USGS-10010100,62614,00003,2015-06-28,4192.19,ft,Approved,,2025-03-11 21:31:41.809573+00:00
-112.49690297112,41.2552106532508,fceae4a5-166b-4b72-8deb-00ae23a37e5a,2e4657553ff7486d84e1ae1c10a0d34c,USGS-10010100,62614,00003,2015-06-27,4192.20,ft,Approved,,2025-03-11 21:31:41.809573+00:00
-112.49690297112,41.2552106532508,9bee2745-be68-45e8-8eaf-49e4234c1de8,2e4657553ff7486d84e1ae1c10a0d34c,USGS-10010100,62614,00003,2015-06-26,4192.22,ft,Approved,,2025-03-11 21:31:41.809573+00:00
-112.49690297112,41.2552106532508,16991288-f92f-4285-b3e9-34e014257fdc,2e4657553ff7486d84e1ae1c10a0d34c,USGS-10010100,62614,00003,2015-06-25,4192.24,ft,Approved,,2025-03-11 21:31:41.809573+00:00
-112.49690297112,41.2552106532508,edac2ff3-3826-4f34-a85c-598c3eddfb55,2e4657553ff7486d84e1ae1c10a0d34c,USGS-10010100,62614,00003,2015-06-24,4192.27,ft,Approved,,2025-03-11 21:31:41.809573+00:00
-112.49690297112,41.2552106532508,84bf7cf6-a443-4f71-85c2-2c19566547c3,2e4657553ff7486d84e1ae1c10a0d34c,USGS-10010100,62614,00003,2015-06-23,4192.28,ft,Approved,,2025-03-11 21:31:41.809573+00:00
-112.49690297112,41.2552106532508,870d518d-06e2-4c25-9b86-1a55fe167c5b,2e4657553ff7486d84e1ae1c10a0d34c,USGS-10010100,62614,00003,2015-06-22,4192.30,ft,Approved,,2025-03-11 21:31:41.809573+00:00
-112.49690297112,41.2552106532508,9cf7b437-7337-4e0d-aa5d-0b53d0353cce,2e4657553ff7486d84e1ae1c10a0d34c,USGS-10010100,62614,00003,2015-06-21,4192.31,ft,Approved,,2025-03-11 21:31:41.809573+00:00
-112.49690297112,41.2552106532508,585f4b4b-b85d-4624-8af7-a188b7780434,2e4657553ff7486d84e1ae1c10a0d34c,USGS-10010100,62614,00003,2015-06-20,4192.35,ft,Approved,,2025-03-11 21:31:41.809573+00:00
-112.49690297112,41.2552106532508,ee964ea0-2b7b-4e61-852d-f6724bfe6720,2e4657553ff7486d84e1ae1c10a0d34c,USGS-10010100,62614,00003,2015-06-19,4192.35,ft,Approved,,2025-03-11 21:31:41.809573+00:00
-112.49690297112,41.2552106532508,83ed1597-97e9-4bf5-889c-19145543f568,2e4657553ff7486d84e1ae1c10a0d34c,USGS-10010100,62614,00003,2015-06-18,4192.32,ft,Approved,,2025-03-11 21:31:41.809573+00:00
-112.49690297112,41.2552106532508,b8facd26-c973-4029-9d55-26c9f14193e5,2e4657553ff7486d84e1ae1c10a0d34c,USGS-10010100,62614,00003,2015-06-17,4192.34,ft,Approved,,2025-03-11 21:31:41.809573+00:00
-112.49690297112,41.2552106532508,b498b2ae-cad7-40bc-9f6f-09666337093b,2e4657553ff7486d84e1ae1c10a0d34c,USGS-10010100,62614,00003,2015-06-16,4192.38,ft,Approved,,2025-03-11 21:31:41.809573+00:00
-112.49690297112,41.2552106532508,c9bc5fd7-c381-4407-97a0-2debbbbeeccf,2e4657553ff7486d84e1ae1c10a0d34c,USGS-10010100,62614,00003,2015-06-15,4192.32,ft,Approved,,2025-03-11 21:31:41.809573+00:00
-112.49690297112,41.2552106532508,318eb56c-4e3b-4611-a0c0-d96e32879b31,2e4657553ff7486d84e1ae1c10a0d34c,USGS-10010100,62614,00003,2015-06-14,4192.44,ft,Approved,,2025-03-11 21:31:41.809573+00:00
-112.49690297112,41.2552106532508,953dc7fc-acac-4908-8b9d-e065d294c64e,2e4657553ff7486d84e1ae1c10a0d34c,USGS-10010100,62614,00003,2015-06-13,4192.43,ft,Approved,,2025-03-11 21:31:41.809573+00:00
-112.49690297112,41.2552106532508,a973f33b-3138-4d95-805a-79bb038970ca,2e4657553ff7486d84e1ae1c10a0d34c,USGS-10010100,62614,00003,2015-06-12,4192.41,ft,Approved,,2025-03-11 21:31:41.809573+00:00
-112.49690297112,41.2552106532508,f896c6d6-9299-4095-8599-4b5711a6770b,2e4657553ff7486d84e1ae1c10a0d34c,USGS-10010100,62614,00003,2015-06-11,4192.41,ft,Approved,,2025-03-11 21:31:41.809573+00:00
-112.49690297112,41.2552106532508,fbd1cbef-609a-414f-a6cd-aabaa7af6140,2e4657553ff7486d84e1ae1c10a0d34c,USGS-10010100,62614,00003,2015-06-10,4192.41,ft,Approved,,2025-03-11 21:31:41.809573+00:00
-112.49690297112,41.2552106532508,04d1a476-dadd-4a5b-81ec-cd6eb58f9aa4,2e4657553ff7486d84e1ae1c10a0d34c,USGS-10010100,62614,00003,2015-06-09,4192.45,ft,Approved,,2025-03-11 21:31:41.809573+00:00
-112.49690297112,41.2552106532508,439a2063-30e3-48b8-9e07-b063961f5518,2e4657553ff7486d84e1ae1c10a0d34c,USGS-10010100,62614,00003,2015-06-08,4192.42,ft,Approved,,2025-03-11 21:31:41.809573+00:00
-112.49690297112,41.2552106532508,3f653f08-9c99-4a4b-96cd-3b921bdc6c18,2e4657553ff7486d84e1ae1c10a0d34c,USGS-10010100,62614,00003,2015-06-07,4192.42,ft,Approved,,2025-03-11 21:31:41.809573+00:00
-112.49690297112,41.2552106532508,6dcb879f-250f-4d6c-a0be-d4e1790638a6,2e4657553ff7486d84e1ae1c10a0d34c,USGS-10010100,62614,00003,2015-06-06,4192.44,ft,Approved,,2025-03-11 21:31:41.809573+00:00
-112.49690297112,41.2552106532508,2c5dd8b0-1bcf-4d64-a993-e745a54d6a45,2e4657553ff7486d84e1ae1c10a0d34c,USGS-10010100,62614,00003,2015-06-05,4192.53,ft,Approved,,2025-03-11 21:31:41.809573+00:00
-112.49690297112,41.2552106532508,7a542a56-9334-4db1-ad0e-226105f82b3c,2e4657553ff7486d84e1ae1c10a0d34c,USGS-10010100,62614,00003,2015-06-04,4192.51,ft,Approved,,2025-03-11 21:31:41.809573+00:00
-112.49690297112,41.2552106532508,4cb4d897-a8ed-4498-bac1-255d638e58a2,2e4657553ff7486d84e1ae1c10a0d34c,USGS-10010100,62614,00003,2015-06-03,4192.62,ft,Approved,,2025-03-11 21:31:41.809573+00:00
-112.49690297112,41.2552106532508,dae6780c-80a6-4275-a8df-b3e0bdcbbba2,2e4657553ff7486d84e1ae1c10a0d34c,USGS-10010100,62614,00003,2015-06-02,4192.55,ft,Approved,,2025-03-11 21:31:41.809573+00:00
-112.49690297112,41.2552106532508,201d8a91-732e-4d59-aafc-ad7ebcb70935,2e4657553ff7486d84e1ae1c10a0d34c,USGS-10010100,62614,00003,2015-06-01,4192.46,ft,Approved,,2025-03-11 21:31:41.809573+00:00
-112.49690297112,41.2552106532508,4f12447f-2d5e-43e7-b0b7-b8d8c0bf19fa,2e4657553ff7486d84e1ae1c10a0d34c,USGS-10010100,62614,00003,2015-05-31,4192.51,ft,Approved,,2025-03-11 21:31:41.809573+00:00
-112.49690297112,41.2552106532508,9a3118f7-7b51-4116-96e5-d778f8a5e7a2,2e4657553ff7486d84e1ae1c10a0d34c,USGS-10010100,62614,00003,2015-05-30,4192.49,ft,Approved,,2025-03-11 21:31:41.809573+00:00
-112.49690297112,41.2552106532508,2d62e777-1017-47c9-a565-c6f5a893df0e,2e4657553ff7486d84e1ae1c10a0d34c,USGS-10010100,62614,00003,2015-05-29,4192.52,ft,Approved,,2025-03-11 21:31:41.809573+00:00
-112.49690297112,41.2552106532508,97fa873d-ca32-4114-be5e-b8f94b19fe21,2e4657553ff7486d84e1ae1c10a0d34c,USGS-10010100,62614,00003,2015-05-28,4192.54,ft,Approved,,2025-03-11 21:31:41.809573+00:00
-112.49690297112,41.2552106532508,0c3bacce-0a55-4ddd-9a26-40b62da09bd5,2e4657553ff7486d84e1ae1c10a0d34c,USGS-10010100,62614,00003,2015-05-27,4192.52,ft,Approved,,2025-03-11 21:31:41.809573+00:00
-112.49690297112,41.2552106532508,d622edc7-bc13-4827-80f7-904d4608fd6b,2e4657553ff7486d84e1ae1c10a0d34c,USGS-10010100,62614,00003,2015-05-26,4192.48,ft,Approved,,2025-03-11 21:31:41.809573+00:00
-112.49690297112,41.2552106532508,9103db83-97cb-4358-a260-82c3d10ef0f7,2e4657553ff7486d84e1ae1c10a0d34c,USGS-10010100,62614,00003,2015-05-25,4192.50,ft,Approved,,2025-03-11 21:31:41.809573+00:00
-112.49690297112,41.2552106532508,2ce14b1b-3d96-46ac-a64c-d99fd222142c,2e4657553ff7486d84e1ae1c10a0d34c,USGS-10010100,62614,00003,2015-05-24,4192.50,ft,Approved,,2025-03-11 21:31:41.809573+00:00
-112.49690297112,41.2552106532508,8c1dc456-1763-4692-824f-0a016c4c42b6,2e4657553ff7486d84e1ae1c10a0d34c,USGS-10010100,62614,00003,2015-05-23,4192.42,ft,Approved,,2025-03-11 21:31:41.809573+00:00
-112.49690297112,41.2552106532508,82cdac07-b5e0-4bcf-86e0-b792ba5e73ab,2e4657553ff7486d84e1ae1c10a0d34c,USGS-10010100,62614,00003,2015-05-22,4192.39,ft,Approved,,2025-03-11 21:31:41.809573+00:00
-112.49690297112,41.2552106532508,5681bb37-dd1c-498a-b484-2c9e372f4973,2e4657553ff7486d84e1ae1c10a0d34c,USGS-10010100,62614,00003,2015-05-21,4192.35,ft,Approved,,2025-03-11 21:31:41.809573+00:00
-112.49690297112,41.2552106532508,5d4436cb-403f-4b2c-965b-b15115fbce50,2e4657553ff7486d84e1ae1c10a0d34c,USGS-10010100,62614,00003,2015-05-20,4192.38,ft,Approved,,2025-03-11 21:31:41.809573+00:00
-112.49690297112,41.2552106532508,e23bc072-c798-452d-bdd0-d147ceca87cb,2e4657553ff7486d84e1ae1c10a0d34c,USGS-10010100,62614,00003,2015-05-19,4192.39,ft,Approved,,2025-03-11 21:31:41.809573+00:00
-112.49690297112,41.2552106532508,45c0bb86-c5c0-4e67-8d3f-a539add16bf2,2e4657553ff7486d84e1ae1c10a0d34c,USGS-10010100,62614,00003,2015-05-18,4192.35,ft,Approved,,2025-03-11 21:31:41.809573+00:00
-112.49690297112,41.2552106532508,a7bc8572-73d6-4368-b347-025918709033,2e4657553ff7486d84e1ae1c10a0d34c,USGS-10010100,62614,00003,2015-05-17,4192.35,ft,Approved,,2025-03-11 21:31:41.809573+00:00
-112.49690297112,41.2552106532508,4862b9fe-7108-450a-8a16-cdb1187bc0af,2e4657553ff7486d84e1ae1c10a0d34c,USGS-10010100,62614,00003,2015-05-16,4192.24,ft,Approved,,2025-03-11 21:31:41.809573+00:00
-112.49690297112,41.2552106532508,54e71a2d-e472-4713-9129-576767c6c939,2e4657553ff7486d84e1ae1c10a0d34c,USGS-10010100,62614,00003,2015-05-15,4192.20,ft,Approved,,2025-03-11 21:31:41.809573+00:00
-112.49690297112,41.2552106532508,f959cf4c-8083-4985-a034-4bc537d7b773,2e4657553ff7486d84e1ae1c10a0d34c,USGS-10010100,62614,00003,2015-05-14,4192.13,ft,Approved,,2025-03-11 21:31:41.809573+00:00
-112.49690297112,41.2552106532508,97ffbfb8-b5a7-49a3-b44f-c23f1664eee5,2e4657553ff7486d84e1ae1c10a0d34c,USGS-10010100,62614,00003,2015-05-13,4192.32,ft,Approved,,2025-03-11 21:31:41.809573+00:00
-112.49690297112,41.2552106532508,7fadb566-9195-4bbd-bbc5-a5f94784a141,2e4657553ff7486d84e1ae1c10a0d34c,USGS-10010100,62614,00003,2015-05-12,4192.20,ft,Approved,,2025-03-11 21:31:41.809573+00:00
-112.49690297112,41.2552106532508,2223314c-7295-4522-823e-857045f8797b,2e4657553ff7486d84e1ae1c10a0d34c,USGS-10010100,62614,00003,2015-05-11,4192.19,ft,Approved,,2025-03-11 21:31:41.809573+00:00
-112.49690297112,41.2552106532508,9a1a3ec1-bce5-4055-85ce-58c26e9fee99,2e4657553ff7486d84e1ae1c10a0d34c,USGS-10010100,62614,00003,2015-05-10,4192.35,ft,Approved,,2025-03-11 21:31:41.809573+00:00
-112.49690297112,41.2552106532508,88d4c672-29d9-4e97-b6fc-406607a3b356,2e4657553ff7486d84e1ae1c10a0d34c,USGS-10010100,62614,00003,2015-05-09,4192.38,ft,Approved,,2025-03-11 21:31:41.809573+00:00
-112.49690297112,41.2552106532508,44d108f9-ecf6-4377-9d31-640170e99e1e,2e4657553ff7486d84e1ae1c10a0d34c,USGS-10010100,62614,00003,2015-05-08,4192.32,ft,Approved,,2025-03-11 21:31:41.809573+00:00
-112.49690297112,41.2552106532508,6d21eadf-975e-45f4-b149-37e21a6e1483,2e4657553ff7486d84e1ae1c10a0d34c,USGS-10010100,62614,00003,2015-05-07,4192.28,ft,Approved,,2025-03-11 21:31:41.809573+00:00
-112.49690297112,41.2552106532508,30c975ed-0c92-47a4-92f7-5422265ad0ec,2e4657553ff7486d84e1ae1c10a0d34c,USGS-10010100,62614,00003,2015-05-06,4192.28,ft,Approved,,2025-03-11 21:31:41.809573+00:00
-112.49690297112,41.2552106532508,e97d3217-edaa-450a-b170-8ad54b17ac56,2e4657553ff7486d84e1ae1c10a0d34c,USGS-10010100,62614,00003,2015-05-05,4192.26,ft,Approved,,2025-03-11 21:31:41.809573+00:00
-112.49690297112,41.2552106532508,c00b6138-3f1d-4e16-af1f-8330ee5dd533,2e4657553ff7486d84e1ae1c10a0d34c,USGS-10010100,62614,00003,2015-05-04,4192.22,ft,Approved,,2025-03-11 21:31:41.809573+00:00
-112.49690297112,41.2552106532508,1f9598ff-fc27-44fd-a9ae-368cf3bb5cde,2e4657553ff7486d84e1ae1c10a0d34c,USGS-10010100,62614,00003,2015-05-03,4192.28,ft,Approved,,2025-03-11 21:31:41.809573+00:00
-112.49690297112,41.2552106532508,d641c315-47e4-4f71-aa76-03e45b583c9f,2e4657553ff7486d84e1ae1c10a0d34c,USGS-10010100,62614,00003,2015-05-02,4192.28,ft,Approved,,2025-03-11 21:31:41.809573+00:00
-112.49690297112,41.2552106532508,59d263e7-c425-40c1-951b-62fe0cd71a6d,2e4657553ff7486d84e1ae1c10a0d34c,USGS-10010100,62614,00003,2015-05-01,4192.31,ft,Approved,,2025-03-11 21:31:41.809573+00:00
-112.49690297112,41.2552106532508,c7d5b8eb-18b2-41d3-8a36-5ccc436cb193,2e4657553ff7486d84e1ae1c10a0d34c,USGS-10010100,62614,00003,2015-04-30,4192.43,ft,Approved,,2025-03-11 21:31:41.809573+00:00
-112.49690297112,41.2552106532508,f0225407-57dc-40f6-acbb-87f85460bc8b,2e4657553ff7486d84e1ae1c10a0d34c,USGS-10010100,62614,00003,2015-04-29,4192.29,ft,Approved,,2025-03-11 21:31:41.809573+00:00
-112.49690297112,41.2552106532508,4559fbbf-baa5-45ea-9b9c-184adce89220,2e4657553ff7486d84e1ae1c10a0d34c,USGS-10010100,62614,00003,2015-04-28,4192.32,ft,Approved,,2025-03-11 21:31:41.809573+00:00
-112.49690297112,41.2552106532508,0b50b340-5e9b-44a0-89b9-0e86e73e051e,2e4657553ff7486d84e1ae1c10a0d34c,USGS-10010100,62614,00003,2015-04-27,4192.40,ft,Approved,,2025-03-11 21:31:41.809573+00:00
-112.49690297112,41.2552106532508,1caaa6a4-dbec-4cc2-b5fb-59fc73bcb1e1,2e4657553ff7486d84e1ae1c10a0d34c,USGS-10010100,62614,00003,2015-04-26,4192.41,ft,Approved,,2025-03-11 21:31:41.809573+00:00
-112.49690297112,41.2552106532508,5300c09b-3b0a-4ae6-a76d-6d9298da384e,2e4657553ff7486d84e1ae1c10a0d34c,USGS-10010100,62614,00003,2015-04-25,4192.35,ft,Approved,,2025-03-11 21:31:41.809573+00:00
-112.49690297112,41.2552106532508,4dc4706c-a942-42bb-b1fb-63e8a5d4bf40,2e4657553ff7486d84e1ae1c10a0d34c,USGS-10010100,62614,00003,2015-04-24,4192.33,ft,Approved,,2025-03-11 21:31:41.809573+00:00
-112.49690297112,41.2552106532508,ea0f9fa0-0e90-49c3-90db-540d0f09d310,2e4657553ff7486d84e1ae1c10a0d34c,USGS-10010100,62614,00003,2015-04-23,4192.31,ft,Approved,,2025-03-11 21:31:41.809573+00:00
-112.49690297112,41.2552106532508,f576e090-34d8-4dac-be3e-8a99311a5e43,2e4657553ff7486d84e1ae1c10a0d34c,USGS-10010100,62614,00003,2015-04-22,4192.28,ft,Approved,,2025-03-11 21:31:41.809573+00:00
-112.49690297112,41.2552106532508,8ffb1c07-1041-4b77-9795-5ed022929d58,2e4657553ff7486d84e1ae1c10a0d34c,USGS-10010100,62614,00003,2015-04-21,4192.32,ft,Approved,,2025-03-11 21:31:41.809573+00:00
-112.49690297112,41.2552106532508,e194736e-595d-4ff5-b86a-ce5b56ce1a7d,2e4657553ff7486d84e1ae1c10a0d34c,USGS-10010100,62614,00003,2015-04-20,4192.35,ft,Approved,,2025-03-11 21:31:41.809573+00:00
-112.49690297112,41.2552106532508,fa5bd098-a048-449d-9f44-cab0d3cb0b9d,2e4657553ff7486d84e1ae1c10a0d34c,USGS-10010100,62614,00003,2015-04-19,4192.40,ft,Approved,,2025-03-11 21:31:41.809573+00:00
-112.49690297112,41.2552106532508,d1a78c47-477d-4e8f-801c-59bdba11f94f,2e4657553ff7486d84e1ae1c10a0d34c,USGS-10010100,62614,00003,2015-04-18,4192.36,ft,Approved,,2025-03-11 21:31:41.809573+00:00
-112.49690297112,41.2552106532508,06fb1101-b052-4ad4-8836-34e1c505280b,2e4657553ff7486d84e1ae1c10a0d34c,USGS-10010100,62614,00003,2015-04-17,4192.37,ft,Approved,,2025-03-11 21:31:41.809573+00:00
-112.49690297112,41.2552106532508,9c979c74-6bfc-4613-81d2-bacc9d6f3f69,2e4657553ff7486d84e1ae1c10a0d34c,USGS-10010100,62614,00003,2015-04-16,4192.37,ft,Approved,,2025-03-11 21:31:41.809573+00:00
-112.49690297112,41.2552106532508,e9ff8ba1-a5c8-4623-9b00-2c13ad0ebb08,2e4657553ff7486d84e1ae1c10a0d34c,USGS-10010100,62614,00003,2015-04-15,4192.41,ft,Approved,,2025-03-11 21:31:41.809573+00:00
-112.49690297112,41.2552106532508,f0e715c4-b7a8-48ce-b955-1a6083d47f3d,2e4657553ff7486d84e1ae1c10a0d34c,USGS-10010100,62614,00003,2015-04-14,4192.39,ft,Approved,,2025-03-11 21:31:41.809573+00:00
-112.49690297112,41.2552106532508,5b2bbf86-82d2-4d14-9a1b-dc87c9485688,2e4657553ff7486d84e1ae1c10a0d34c,USGS-10010100,62614,00003,2015-04-13,4192.37,ft,Approved,,2025-03-11 21:31:41.809573+00:00
-112.49690297112,41.2552106532508,f6181e1c-cc9a-4589-ba7e-95c688b425be,2e4657553ff7486d84e1ae1c10a0d34c,USGS-10010100,62614,00003,2015-04-12,4192.41,ft,Approved,,2025-03-11 21:31:41.809573+00:00
-112.49690297112,41.2552106532508,38bfc2f2-85f2-4a24-bcdd-d86b936c0bfd,2e4657553ff7486d84e1ae1c10a0d34c,USGS-10010100,62614,00003,2015-04-11,4192.43,ft,Approved,,2025-03-11 21:31:41.809573+00:00
-112.49690297112,41.2552106532508,06ba91de-bd9e-4ac8-ba7a-b9902ce155bb,2e4657553ff7486d84e1ae1c10a0d34c,USGS-10010100,62614,00003,2015-04-10,4192.41,ft,Approved,,2025-03-11 21:31:41.809573+00:00
-112.49690297112,41.2552106532508,11d58576-d388-484a-af91-bab30868d9b9,2e4657553ff7486d84e1ae1c10a0d34c,USGS-10010100,62614,00003,2015-04-09,4192.40,ft,Approved,,2025-03-11 21:31:41.809573+00:00
-112.49690297112,41.2552106532508,2a101e20-0802-4450-9717-465e3d7b5e14,2e4657553ff7486d84e1ae1c10a0d34c,USGS-10010100,62614,00003,2015-04-08,4192.38,ft,Approved,,2025-03-11 21:31:41.809573+00:00
-112.49690297112,41.2552106532508,88429d24-ff42-4298-819b-7d9b06904455,2e4657553ff7486d84e1ae1c10a0d34c,USGS-10010100,62614,00003,2015-04-07,4192.38,ft,Approved,,2025-03-11 21:31:41.809573+00:00
-112.49690297112,41.2552106532508,309e8e2f-e473-4426-a7e7-8bc5c20c3ad6,2e4657553ff7486d84e1ae1c10a0d34c,USGS-10010100,62614,00003,2015-04-06,4192.55,ft,Approved,,2025-03-11 21:31:41.809573+00:00
-112.49690297112,41.2552106532508,12b1335d-b098-4ab9-9331-4d6ccdc8a05c,2e4657553ff7486d84e1ae1c10a0d34c,USGS-10010100,62614,00003,2015-04-05,4192.51,ft,Approved,,2025-03-11 21:31:41.809573+00:00
-112.49690297112,41.2552106532508,b3c7ecb9-c20b-40d0-9aaa-057e590d1e50,2e4657553ff7486d84e1ae1c10a0d34c,USGS-10010100,62614,00003,2015-04-04,4192.46,ft,Approved,,2025-03-11 21:31:41.809573+00:00
-112.49690297112,41.2552106532508,4e68f137-0128-4b74-85bc-f7a44cb87727,2e4657553ff7486d84e1ae1c10a0d34c,USGS-10010100,62614,00003,2015-04-03,4192.45,ft,Approved,,2025-03-11 21:31:41.809573+00:00
-112.49690297112,41.2552106532508,5bcfa674-8027-4e4e-a35b-b688e6f7d723,2e4657553ff7486d84e1ae1c10a0d34c,USGS-10010100,62614,00003,2015-04-02,4192.54,ft,Approved,,2025-03-11 21:31:41.809573+00:00
-112.49690297112,41.2552106532508,ce35251a-14b5-4a9e-8c44-b2b0a2a7ac09,2e4657553ff7486d84e1ae1c10a0d34c,USGS-10010100,62614,00003,2015-04-01,4192.54,ft,Approved,,2025-03-11 21:31:41.809573+00:00
-112.49690297112,41.2552106532508,da5a34fe-04f8-4260-afdd-15859758b6e1,2e4657553ff7486d84e1ae1c10a0d34c,USGS-10010100,62614,00003,2015-03-31,4192.54,ft,Approved,,2025-03-11 21:31:41.809573+00:00
-112.49690297112,41.2552106532508,6762990b-db16-4ed5-88dc-8b1540f48d7d,2e4657553ff7486d84e1ae1c10a0d34c,USGS-10010100,62614,00003,2015-03-30,4192.52,ft,Approved,,2025-03-11 21:31:41.809573+00:00
-112.49690297112,41.2552106532508,f6a5d332-a3c1-4f49-9f72-bebc91497306,2e4657553ff7486d84e1ae1c10a0d34c,USGS-10010100,62614,00003,2015-03-29,4192.55,ft,Approved,,2025-03-11 21:31:41.809573+00:00
-112.49690297112,41.2552106532508,b0cc705a-4541-486f-9a59-91fe4576bf46,2e4657553ff7486d84e1ae1c10a0d34c,USGS-10010100,62614,00003,2015-03-28,4192.53,ft,Approved,,2025-03-11 21:31:41.809573+00:00
-112.49690297112,41.2552106532508,6d42ca65-ab6c-45fe-a05f-9d187651180a,2e4657553ff7486d84e1ae1c10a0d34c,USGS-10010100,62614,00003,2015-03-27,4192.50,ft,Approved,,2025-03-11 21:31:41.809573+00:00
-112.49690297112,41.2552106532508,3c8bde8e-2b68-4461-a825-018a6bfedb60,2e4657553ff7486d84e1ae1c10a0d34c,USGS-10010100,62614,00003,2015-03-26,4192.52,ft,Approved,,2025-03-11 21:31:41.809573+00:00
-112.49690297112,41.2552106532508,7437dc6a-45eb-4f54-9acb-5cb0555c6cff,2e4657553ff7486d84e1ae1c10a0d34c,USGS-10010100,62614,00003,2015-03-25,4192.55,ft,Approved,,2025-03-11 21:31:41.809573+00:00
-112.49690297112,41.2552106532508,73efe582-6e20-4288-a943-3113f82d8bc5,2e4657553ff7486d84e1ae1c10a0d34c,USGS-10010100,62614,00003,2015-03-24,4192.57,ft,Approved,,2025-03-11 21:31:41.809573+00:00
-112.49690297112,41.2552106532508,eebe8826-d08b-4bab-ab97-61fa1b0a3b8d,2e4657553ff7486d84e1ae1c10a0d34c,USGS-10010100,62614,00003,2015-03-23,4192.60,ft,Approved,,2025-03-11 21:31:41.809573+00:00
-112.49690297112,41.2552106532508,9e83574b-9355-4a07-8e92-88af4903f949,2e4657553ff7486d84e1ae1c10a0d34c,USGS-10010100,62614,00003,2015-03-22,4192.56,ft,Approved,,2025-03-11 21:31:41.809573+00:00
-112.49690297112,41.2552106532508,de7caa13-f08f-40b4-a351-abd737dea02b,2e4657553ff7486d84e1ae1c10a0d34c,USGS-10010100,62614,00003,2015-03-21,4192.56,ft,Approved,,2025-03-11 21:31:41.809573+00:00
-112.49690297112,41.2552106532508,23f6d788-89e7-4cde-9067-1149e2e7c290,2e4657553ff7486d84e1ae1c10a0d34c,USGS-10010100,62614,00003,2015-03-20,4192.54,ft,Approved,,2025-03-11 21:31:41.809573+00:00
-112.49690297112,41.2552106532508,9f6ad024-0f4c-4dbd-aa72-d181d3aa7206,2e4657553ff7486d84e1ae1c10a0d34c,USGS-10010100,62614,00003,2015-03-19,4192.60,ft,Approved,,2025-03-11 21:31:41.809573+00:00
-112.49690297112,41.2552106532508,1c827338-6201-4111-ace5-18557ad0e906,2e4657553ff7486d84e1ae1c10a0d34c,USGS-10010100,62614,00003,2015-03-18,4192.60,ft,Approved,,2025-03-11 21:31:41.809573+00:00
-112.49690297112,41.2552106532508,51841902-e377-4317-8ebd-cbfe91617830,2e4657553ff7486d84e1ae1c10a0d34c,USGS-10010100,62614,00003,2015-03-17,4192.57,ft,Approved,,2025-03-11 21:31:41.809573+00:00
-112.49690297112,41.2552106532508,6faab5d5-103a-47cc-aed1-5b8d29a0bb9a,2e4657553ff7486d84e1ae1c10a0d34c,USGS-10010100,62614,00003,2015-03-16,4192.56,ft,Approved,,2025-03-11 21:31:41.809573+00:00
-112.49690297112,41.2552106532508,c628a50b-9f84-4633-872c-41670850122d,2e4657553ff7486d84e1ae1c10a0d34c,USGS-10010100,62614,00003,2015-03-15,4192.53,ft,Approved,,2025-03-11 21:31:41.809573+00:00
-112.49690297112,41.2552106532508,79fc77a1-dfa4-4f90-a1ef-c6235d54a86a,2e4657553ff7486d84e1ae1c10a0d34c,USGS-10010100,62614,00003,2015-03-14,4192.54,ft,Approved,,2025-03-11 21:31:41.809573+00:00
-112.49690297112,41.2552106532508,7447aa31-cd45-4be9-902c-139ccc4a51c2,2e4657553ff7486d84e1ae1c10a0d34c,USGS-10010100,62614,00003,2015-03-13,4192.58,ft,Approved,,2025-03-11 21:31:41.809573+00:00
-112.49690297112,41.2552106532508,311af38f-71bf-4f19-853d-aa15b7ab04bb,2e4657553ff7486d84e1ae1c10a0d34c,USGS-10010100,62614,00003,2015-03-12,4192.56,ft,Approved,,2025-03-11 21:31:41.809573+00:00
-112.49690297112,41.2552106532508,a6c78a48-5ed5-46ad-818b-0605657c093d,2e4657553ff7486d84e1ae1c10a0d34c,USGS-10010100,62614,00003,2015-03-11,4192.54,ft,Approved,,2025-03-11 21:31:41.809573+00:00
-112.49690297112,41.2552106532508,fd99607d-9ab6-4d4b-8746-ba54a54bf42c,2e4657553ff7486d84e1ae1c10a0d34c,USGS-10010100,62614,00003,2015-03-10,4192.54,ft,Approved,,2025-03-11 21:31:41.809573+00:00
-112.49690297112,41.2552106532508,b969ac95-bda5-4dad-a8ce-d5af659089ad,2e4657553ff7486d84e1ae1c10a0d34c,USGS-10010100,62614,00003,2015-03-09,4192.54,ft,Approved,,2025-03-11 21:31:41.809573+00:00
-112.49690297112,41.2552106532508,634b51b2-f462-4a94-be11-1d236c26e246,2e4657553ff7486d84e1ae1c10a0d34c,USGS-10010100,62614,00003,2015-03-08,4192.55,ft,Approved,,2025-03-11 21:31:41.809573+00:00
-112.49690297112,41.2552106532508,4d0fbf13-7c17-42ee-ab48-2a5f7c7af460,2e4657553ff7486d84e1ae1c10a0d34c,USGS-10010100,62614,00003,2015-03-07,4192.54,ft,Approved,,2025-03-11 21:31:41.809573+00:00
-112.49690297112,41.2552106532508,22be16b7-0c58-47c1-8b11-796c399f5ecc,2e4657553ff7486d84e1ae1c10a0d34c,USGS-10010100,62614,00003,2015-03-06,4192.53,ft,Approved,,2025-03-11 21:31:41.809573+00:00
-112.49690297112,41.2552106532508,2b0e37a3-be65-4c8b-bf69-5e949840993c,2e4657553ff7486d84e1ae1c10a0d34c,USGS-10010100,62614,00003,2015-03-05,4192.51,ft,Approved,,2025-03-11 21:31:41.809573+00:00
-112.49690297112,41.2552106532508,1cb0be3a-52ee-4122-808c-90fca1c67643,2e4657553ff7486d84e1ae1c10a0d34c,USGS-10010100,62614,00003,2015-03-04,4192.56,ft,Approved,,2025-03-11 21:31:41.809573+00:00
-112.49690297112,41.2552106532508,68040c6d-8907-4192-95dd-b01ad82e3b38,2e4657553ff7486d84e1ae1c10a0d34c,USGS-10010100,62614,00003,2015-03-03,4192.59,ft,Approved,,2025-03-11 21:31:41.809573+00:00
-112.49690297112,41.2552106532508,6117ff93-58b3-46c6-a184-91259e7a49f6,2e4657553ff7486d84e1ae1c10a0d34c,USGS-10010100,62614,00003,2015-03-02,4192.54,ft,Approved,,2025-03-11 21:31:41.809573+00:00
-112.49690297112,41.2552106532508,c710c77d-86e7-4ea0-a2cd-e87c59d8b429,2e4657553ff7486d84e1ae1c10a0d34c,USGS-10010100,62614,00003,2015-03-01,4192.56,ft,Approved,,2025-03-11 21:31:41.809573+00:00
-112.49690297112,41.2552106532508,ea154a78-9a31-4222-bcd6-d5805a53a277,2e4657553ff7486d84e1ae1c10a0d34c,USGS-10010100,62614,00003,2015-02-28,4192.51,ft,Approved,,2025-03-11 21:31:41.809573+00:00
-112.49690297112,41.2552106532508,1627ae47-0d4e-4d77-8202-8aa55996a5dc,2e4657553ff7486d84e1ae1c10a0d34c,USGS-10010100,62614,00003,2015-02-27,4192.51,ft,Approved,,2025-03-11 21:31:41.809573+00:00
-112.49690297112,41.2552106532508,252f0d98-eb9c-4557-84b5-96b381c39e4f,2e4657553ff7486d84e1ae1c10a0d34c,USGS-10010100,62614,00003,2015-02-26,4192.55,ft,Approved,,2025-03-11 21:31:41.809573+00:00
-112.49690297112,41.2552106532508,50a33b20-2ba8-46c6-a03c-27ad9cb633fb,2e4657553ff7486d84e1ae1c10a0d34c,USGS-10010100,62614,00003,2015-02-25,4192.53,ft,Approved,,2025-03-11 21:31:41.809573+00:00
-112.49690297112,41.2552106532508,13aeccae-b135-486f-a3be-e965748be28d,2e4657553ff7486d84e1ae1c10a0d34c,USGS-10010100,62614,00003,2015-02-24,4192.57,ft,Approved,,2025-03-11 21:31:41.809573+00:00
-112.49690297112,41.2552106532508,ebe99e2d-3b66-450d-9809-9ed476557494,2e4657553ff7486d84e1ae1c10a0d34c,USGS-10010100,62614,00003,2015-02-23,4192.56,ft,Approved,,2025-03-11 21:31:41.809573+00:00
-112.49690297112,41.2552106532508,f7e98ef4-8b59-436c-ac01-1908e0513215,2e4657553ff7486d84e1ae1c10a0d34c,USGS-10010100,62614,00003,2015-02-22,4192.63,ft,Approved,,2025-03-11 21:31:41.809573+00:00
-112.49690297112,41.2552106532508,50dca860-defe-41f0-b900-a8db381c1777,2e4657553ff7486d84e1ae1c10a0d34c,USGS-10010100,62614,00003,2015-02-21,4192.60,ft,Approved,,2025-03-11 21:31:41.809573+00:00
-112.49690297112,41.2552106532508,f8bf8e04-9b05-45e2-920b-e5eb851ae5fd,2e4657553ff7486d84e1ae1c10a0d34c,USGS-10010100,62614,00003,2015-02-20,4192.60,ft,Approved,,2025-03-11 21:31:41.809573+00:00
-112.49690297112,41.2552106532508,447183e0-b30f-42e4-bccd-75e2a0655067,2e4657553ff7486d84e1ae1c10a0d34c,USGS-10010100,62614,00003,2015-02-19,4192.57,ft,Approved,,2025-03-11 21:31:41.809573+00:00
-112.49690297112,41.2552106532508,48a8c99d-17ca-42b0-92f6-9149b0e488a7,2e4657553ff7486d84e1ae1c10a0d34c,USGS-10010100,62614,00003,2015-02-18,4192.59,ft,Approved,,2025-03-11 21:31:41.809573+00:00
-112.49690297112,41.2552106532508,e74676de-4e0c-4cfa-8b70-ad9c7de22b06,2e4657553ff7486d84e1ae1c10a0d34c,USGS-10010100,62614,00003,2015-02-17,4192.58,ft,Approved,,2025-03-11 21:31:41.809573+00:00
-112.49690297112,41.2552106532508,f2c73d92-72c5-4798-bf3b-28a53f069653,2e4657553ff7486d84e1ae1c10a0d34c,USGS-10010100,62614,00003,2015-02-16,4192.66,ft,Approved,,2025-03-11 21:31:41.809573+00:00
-112.49690297112,41.2552106532508,bcc6a418-b96b-49d5-aad1-ceaaef4e2284,2e4657553ff7486d84e1ae1c10a0d34c,USGS-10010100,62614,00003,2015-02-15,4192.62,ft,Approved,,2025-03-11 21:31:41.809573+00:00
-112.49690297112,41.2552106532508,13c3bfda-9108-4350-a6f1-5a25252aacbd,2e4657553ff7486d84e1ae1c10a0d34c,USGS-10010100,62614,00003,2015-02-14,4192.59,ft,Approved,,2025-03-11 21:31:41.809573+00:00
-112.49690297112,41.2552106532508,d877ec15-047d-40d4-82a0-cddf6767d3f0,2e4657553ff7486d84e1ae1c10a0d34c,USGS-10010100,62614,00003,2015-02-13,4192.59,ft,Approved,,2025-03-11 21:31:41.809573+00:00
-112.49690297112,41.2552106532508,9399cba9-667b-4f12-a7bd-69546bf26480,2e4657553ff7486d84e1ae1c10a0d34c,USGS-10010100,62614,00003,2015-02-12,4192.58,ft,Approved,,2025-03-11 21:31:41.809573+00:00
-112.49690297112,41.2552106532508,5c89a3cf-1b85-4ecf-97a1-80b80c4120ad,2e4657553ff7486d84e1ae1c10a0d34c,USGS-10010100,62614,00003,2015-02-11,4192.58,ft,Approved,,2025-03-11 21:31:41.809573+00:00
-112.49690297112,41.2552106532508,7827747a-dbf6-4263-aced-cad4a8e22bc2,2e4657553ff7486d84e1ae1c10a0d34c,USGS-10010100,62614,00003,2015-02-10,4192.59,ft,Approved,,2025-03-11 21:31:41.809573+00:00
-112.49690297112,41.2552106532508,d05cace7-55ad-4863-a123-3739d4fe3f48,2e4657553ff7486d84e1ae1c10a0d34c,USGS-10010100,62614,00003,2015-02-09,4192.55,ft,Approved,,2025-03-11 21:31:41.809573+00:00
-112.49690297112,41.2552106532508,fd559829-bdf1-44f2-95b6-f3d285e22467,2e4657553ff7486d84e1ae1c10a0d34c,USGS-10010100,62614,00003,2015-02-08,4192.56,ft,Approved,,2025-03-11 21:31:41.809573+00:00
-112.49690297112,41.2552106532508,e59b86c4-b9e6-4b8c-9741-0b1f4d8cadc4,2e4657553ff7486d84e1ae1c10a0d34c,USGS-10010100,62614,00003,2015-02-07,4192.52,ft,Approved,,2025-03-11 21:31:41.809573+00:00
-112.49690297112,41.2552106532508,041af002-b57a-440d-a91b-ab8c6675c3a0,2e4657553ff7486d84e1ae1c10a0d34c,USGS-10010100,62614,00003,2015-02-06,4192.52,ft,Approved,,2025-03-11 21:31:41.809573+00:00
-112.49690297112,41.2552106532508,b406fb9d-11e5-4850-9ec0-7e763247e9b9,2e4657553ff7486d84e1ae1c10a0d34c,USGS-10010100,62614,00003,2015-02-05,4192.57,ft,Approved,,2025-03-11 21:31:41.809573+00:00
-112.49690297112,41.2552106532508,110cc260-b11b-417a-beef-791138675c6e,2e4657553ff7486d84e1ae1c10a0d34c,USGS-10010100,62614,00003,2015-02-04,4192.55,ft,Approved,,2025-03-11 21:31:41.809573+00:00
-112.49690297112,41.2552106532508,de510ebd-0593-4c6a-874c-73a817478c22,2e4657553ff7486d84e1ae1c10a0d34c,USGS-10010100,62614,00003,2015-02-03,4192.56,ft,Approved,,2025-03-11 21:31:41.809573+00:00
-112.49690297112,41.2552106532508,79b34bda-ff21-4357-9816-431913bc1bc4,2e4657553ff7486d84e1ae1c10a0d34c,USGS-10010100,62614,00003,2015-02-02,4192.55,ft,Approved,,2025-03-11 21:31:41.809573+00:00
-112.49690297112,41.2552106532508,3cb08c0a-1ad4-4fca-987c-3f15c81e9c96,2e4657553ff7486d84e1ae1c10a0d34c,USGS-10010100,62614,00003,2015-02-01,4192.56,ft,Approved,,2025-03-11 21:31:41.809573+00:00
-112.49690297112,41.2552106532508,c974135f-6caa-4330-a18d-cc656d505819,2e4657553ff7486d84e1ae1c10a0d34c,USGS-10010100,62614,00003,2015-01-31,4192.70,ft,Approved,,2025-03-11 21:31:41.809573+00:00
-112.49690297112,41.2552106532508,b293177e-1c9c-4e06-a286-2b63a116669e,2e4657553ff7486d84e1ae1c10a0d34c,USGS-10010100,62614,00003,2015-01-30,4192.64,ft,Approved,,2025-03-11 21:31:41.809573+00:00
-112.49690297112,41.2552106532508,47cdb790-099b-4dfb-9d57-b87a38a18bcc,2e4657553ff7486d84e1ae1c10a0d34c,USGS-10010100,62614,00003,2015-01-29,4192.59,ft,Approved,,2025-03-11 21:31:41.809573+00:00
-112.49690297112,41.2552106532508,45b40dd8-47bd-4a84-9c76-02e470ee12da,2e4657553ff7486d84e1ae1c10a0d34c,USGS-10010100,62614,00003,2015-01-28,4192.56,ft,Approved,,2025-03-11 21:31:41.809573+00:00
-112.49690297112,41.2552106532508,30968c4b-e2b8-423b-b59e-2f4b05b66307,2e4657553ff7486d84e1ae1c10a0d34c,USGS-10010100,62614,00003,2015-01-27,4192.54,ft,Approved,,2025-03-11 21:31:41.809573+00:00
-112.49690297112,41.2552106532508,3c40ddf7-25c9-47e3-837d-34fdef97339a,2e4657553ff7486d84e1ae1c10a0d34c,USGS-10010100,62614,00003,2015-01-26,4192.54,ft,Approved,,2025-03-11 21:31:41.809573+00:00
-112.49690297112,41.2552106532508,62ca6eb6-c81e-47af-862e-5273becdc99d,2e4657553ff7486d84e1ae1c10a0d34c,USGS-10010100,62614,00003,2015-01-25,4192.55,ft,Approved,,2025-03-11 21:31:41.809573+00:00
-112.49690297112,41.2552106532508,065d04d0-13a2-4f8c-b3ea-0114d203ddce,2e4657553ff7486d84e1ae1c10a0d34c,USGS-10010100,62614,00003,2015-01-24,4192.54,ft,Approved,,2025-03-11 21:31:41.809573+00:00
-112.49690297112,41.2552106532508,b5839744-4940-44ad-a299-b164ec13f168,2e4657553ff7486d84e1ae1c10a0d34c,USGS-10010100,62614,00003,2015-01-23,4192.57,ft,Approved,,2025-03-11 21:31:41.809573+00:00
-112.49690297112,41.2552106532508,0d251b88-a131-44fc-b39d-8222c4225494,2e4657553ff7486d84e1ae1c10a0d34c,USGS-10010100,62614,00003,2015-01-22,4192.56,ft,Approved,,2025-03-11 21:31:41.809573+00:00
-112.49690297112,41.2552106532508,afeb45cb-e533-4a6b-910a-67d0f5251d19,2e4657553ff7486d84e1ae1c10a0d34c,USGS-10010100,62614,00003,2015-01-21,4192.63,ft,Approved,,2025-03-11 21:31:41.809573+00:00
-112.49690297112,41.2552106532508,29b1cfb8-646d-404a-a650-cd4cd956e92a,2e4657553ff7486d84e1ae1c10a0d34c,USGS-10010100,62614,00003,2015-01-20,4192.59,ft,Approved,,2025-03-11 21:31:41.809573+00:00
-112.49690297112,41.2552106532508,e23ff588-c9cd-4019-8714-6d6fcdc5c95c,2e4657553ff7486d84e1ae1c10a0d34c,USGS-10010100,62614,00003,2015-01-19,4192.55,ft,Approved,,2025-03-11 21:31:41.809573+00:00
-112.49690297112,41.2552106532508,f65cf93e-85f8-4458-bdec-8f6b7602635c,2e4657553ff7486d84e1ae1c10a0d34c,USGS-10010100,62614,00003,2015-01-18,4192.53,ft,Approved,,2025-03-11 21:31:41.809573+00:00
-112.49690297112,41.2552106532508,22b33750-f529-4a53-97cc-252a47ccc9dd,2e4657553ff7486d84e1ae1c10a0d34c,USGS-10010100,62614,00003,2015-01-17,4192.52,ft,Approved,,2025-03-11 21:31:41.809573+00:00
-112.49690297112,41.2552106532508,c5523545-cdee-469a-adea-ec43cac6383d,2e4657553ff7486d84e1ae1c10a0d34c,USGS-10010100,62614,00003,2015-01-16,4192.52,ft,Approved,,2025-03-11 21:31:41.809573+00:00
-112.49690297112,41.2552106532508,ce1e8f82-a145-44fa-bfd3-0c97517046b5,2e4657553ff7486d84e1ae1c10a0d34c,USGS-10010100,62614,00003,2015-01-15,4192.55,ft,Approved,,2025-03-11 21:31:41.809573+00:00
-112.49690297112,41.2552106532508,4bd9cc7f-6113-4e04-ac25-ba2b93cb1fda,2e4657553ff7486d84e1ae1c10a0d34c,USGS-10010100,62614,00003,2015-01-14,4192.60,ft,Approved,,2025-03-11 21:31:41.809573+00:00
-112.49690297112,41.2552106532508,1be293dc-90f7-4576-b5ef-5685084721c8,2e4657553ff7486d84e1ae1c10a0d34c,USGS-10010100,62614,00003,2015-01-13,4192.74,ft,Approved,,2025-03-11 21:31:41.809573+00:00
-112.49690297112,41.2552106532508,79f8a8ad-e58b-493f-8d70-f0ef96c60824,2e4657553ff7486d84e1ae1c10a0d34c,USGS-10010100,62614,00003,2015-01-12,4192.51,ft,Approved,,2025-03-11 21:31:41.809573+00:00
-112.49690297112,41.2552106532508,5d878973-9e1c-40a7-b374-2d99e3c7fb94,2e4657553ff7486d84e1ae1c10a0d34c,USGS-10010100,62614,00003,2015-01-11,4192.48,ft,Approved,,2025-03-11 21:31:41.809573+00:00
-112.49690297112,41.2552106532508,0aa17dd7-22af-482c-8f92-ec89180f14fd,2e4657553ff7486d84e1ae1c10a0d34c,USGS-10010100,62614,00003,2015-01-10,4192.49,ft,Approved,,2025-03-11 21:31:41.809573+00:00
-112.49690297112,41.2552106532508,68f95d22-792b-4bb9-8072-96cfbee02e4b,2e4657553ff7486d84e1ae1c10a0d34c,USGS-10010100,62614,00003,2015-01-09,4192.49,ft,Approved,,2025-03-11 21:31:41.809573+00:00
-112.49690297112,41.2552106532508,60372788-5254-4493-a20b-30fb90c6dc47,2e4657553ff7486d84e1ae1c10a0d34c,USGS-10010100,62614,00003,2015-01-08,4192.48,ft,Approved,,2025-03-11 21:31:41.809573+00:00
-112.49690297112,41.2552106532508,e199883b-d497-46fd-a134-fc8b77153476,2e4657553ff7486d84e1ae1c10a0d34c,USGS-10010100,62614,00003,2015-01-07,4192.48,ft,Approved,,2025-03-11 21:31:41.809573+00:00
-112.49690297112,41.2552106532508,b341020c-9398-4c9e-ad49-c123231ad13c,2e4657553ff7486d84e1ae1c10a0d34c,USGS-10010100,62614,00003,2015-01-06,4192.48,ft,Approved,,2025-03-11 21:31:41.809573+00:00
-112.49690297112,41.2552106532508,9652dc04-31df-4f0a-8803-61a9cce80076,2e4657553ff7486d84e1ae1c10a0d34c,USGS-10010100,62614,00003,2015-01-05,4192.46,ft,Approved,,2025-03-11 21:31:41.809573+00:00
-112.49690297112,41.2552106532508,b9d757c3-b62b-4bb0-9aa9-f383fa4d68c3,2e4657553ff7486d84e1ae1c10a0d34c,USGS-10010100,62614,00003,2015-01-04,4192.47,ft,Approved,,2025-03-11 21:31:41.809573+00:00
-112.49690297112,41.2552106532508,d7ab3420-cfee-4198-8945-399d1dfaccd4,2e4657553ff7486d84e1ae1c10a0d34c,USGS-10010100,62614,00003,2015-01-03,4192.50,ft,Approved,,2025-03-11 21:31:41.809573+00:00
-112.49690297112,41.2552106532508,d139c79b-2883-4c38-b4a5-b62d3cf0bfe3,2e4657553ff7486d84e1ae1c10a0d34c,USGS-10010100,62614,00003,2015-01-02,4192.50,ft,Approved,,2025-03-11 21:31:41.809573+00:00
-112.49690297112,41.2552106532508,ff320845-2b9b-4529-8e71-5c06d304114d,2e4657553ff7486d84e1ae1c10a0d34c,USGS-10010100,62614,00003,2015-01-01,4192.58,ft,Approved,,2025-03-11 21:31:41.809573+00:00
-112.49690297112,41.2552106532508,283ae825-807e-4e02-a347-5034f45fcb4d,2e4657553ff7486d84e1ae1c10a0d34c,USGS-10010100,62614,00003,2016-01-01,4190.69,ft,Approved,,2025-03-11 21:31:41.809573+00:00
-112.49690297112,41.2552106532508,35cacaa0-40af-4f33-8f19-453d9251ef3d,2e4657553ff7486d84e1ae1c10a0d34c,USGS-10010100,62614,00003,2015-12-31,4190.70,ft,Approved,,2025-03-11 21:31:41.809573+00:00
-112.49690297112,41.2552106532508,03333f77-b63e-4416-b194-ed0914631ee5,2e4657553ff7486d84e1ae1c10a0d34c,USGS-10010100,62614,00003,2015-12-30,4190.64,ft,Approved,,2025-03-11 21:31:41.809573+00:00
-112.49690297112,41.2552106532508,f1bf8298-6380-4ddc-870c-830c2abe35b0,2e4657553ff7486d84e1ae1c10a0d34c,USGS-10010100,62614,00003,2015-12-29,4190.66,ft,Approved,,2025-03-11 21:31:41.809573+00:00
-112.49690297112,41.2552106532508,8e682683-6cbf-4e67-bad3-e963b609116c,2e4657553ff7486d84e1ae1c10a0d34c,USGS-10010100,62614,00003,2015-12-28,4190.67,ft,Approved,,2025-03-11 21:31:41.809573+00:00
-112.49690297112,41.2552106532508,ddb0492f-7ef5-42fd-a64e-4078b84dbbf8,2e4657553ff7486d84e1ae1c10a0d34c,USGS-10010100,62614,00003,2015-12-27,4190.67,ft,Approved,,2025-03-11 21:31:41.809573+00:00
-112.49690297112,41.2552106532508,2ae9d728-42be-40c8-a6c6-117187eee691,2e4657553ff7486d84e1ae1c10a0d34c,USGS-10010100,62614,00003,2015-12-26,4190.86,ft,Approved,,2025-03-11 21:31:41.809573+00:00
-112.49690297112,41.2552106532508,6e80cac6-a2f0-4990-988e-458e40c51d15,2e4657553ff7486d84e1ae1c10a0d34c,USGS-10010100,62614,00003,2015-12-25,4190.84,ft,Approved,,2025-03-11 21:31:41.809573+00:00
-112.49690297112,41.2552106532508,16c812fa-f8e0-4127-8c1c-a82b0fd0cc6b,2e4657553ff7486d84e1ae1c10a0d34c,USGS-10010100,62614,00003,2015-12-24,4190.67,ft,Approved,,2025-03-11 21:31:41.809573+00:00
-112.49690297112,41.2552106532508,34e70582-63cf-4ae5-99b8-958a77962294,2e4657553ff7486d84e1ae1c10a0d34c,USGS-10010100,62614,00003,2015-12-23,4190.85,ft,Approved,,2025-03-11 21:31:41.809573+00:00
-112.49690297112,41.2552106532508,6904d02d-6f0f-4afb-b26a-e3d9c2b90423,2e4657553ff7486d84e1ae1c10a0d34c,USGS-10010100,62614,00003,2015-12-22,4190.69,ft,Approved,,2025-03-11 21:31:41.809573+00:00
-112.49690297112,41.2552106532508,84c930b1-d067-4e98-9120-5b806ce2aa43,2e4657553ff7486d84e1ae1c10a0d34c,USGS-10010100,62614,00003,2015-12-21,4190.56,ft,Approved,,2025-03-11 21:31:41.809573+00:00
-112.49690297112,41.2552106532508,5a72cf92-5c3a-4842-a0b9-667249c7cf94,2e4657553ff7486d84e1ae1c10a0d34c,USGS-10010100,62614,00003,2015-12-20,4190.65,ft,Approved,,2025-03-11 21:31:41.809573+00:00
-112.49690297112,41.2552106532508,74cfe236-14bd-4d6c-ab89-1c8bf0d26473,2e4657553ff7486d84e1ae1c10a0d34c,USGS-10010100,62614,00003,2015-12-19,4190.64,ft,Approved,,2025-03-11 21:31:41.809573+00:00
-112.49690297112,41.2552106532508,74e82e87-c7a4-4622-9476-5537042287cb,2e4657553ff7486d84e1ae1c10a0d34c,USGS-10010100,62614,00003,2015-12-18,4190.63,ft,Approved,,2025-03-11 21:31:41.809573+00:00
-112.49690297112,41.2552106532508,8cf70269-fb85-41c2-95d4-6faba9a20d30,2e4657553ff7486d84e1ae1c10a0d34c,USGS-10010100,62614,00003,2015-12-17,4190.62,ft,Approved,,2025-03-11 21:31:41.809573+00:00
-112.49690297112,41.2552106532508,03d6e987-52d1-4fd9-859f-59f8231b97ed,2e4657553ff7486d84e1ae1c10a0d34c,USGS-10010100,62614,00003,2015-12-16,4190.68,ft,Approved,,2025-03-11 21:31:41.809573+00:00
-112.49690297112,41.2552106532508,9cdb2b05-043e-4b41-b3a0-c4c1d0fbed16,2e4657553ff7486d84e1ae1c10a0d34c,USGS-10010100,62614,00003,2015-12-15,4190.70,ft,Approved,,2025-03-11 21:31:41.809573+00:00
-112.49690297112,41.2552106532508,03a68d21-5450-4b44-8b0a-9b1b5958d328,2e4657553ff7486d84e1ae1c10a0d34c,USGS-10010100,62614,00003,2015-12-14,4190.66,ft,Approved,,2025-03-11 21:31:41.809573+00:00
-112.49690297112,41.2552106532508,cedd6159-77d8-4a45-8310-97de6e4e7bf4,2e4657553ff7486d84e1ae1c10a0d34c,USGS-10010100,62614,00003,2015-12-13,4190.58,ft,Approved,,2025-03-11 21:31:41.809573+00:00
-112.49690297112,41.2552106532508,203f3ac3-2215-4063-b278-01fd906bccac,2e4657553ff7486d84e1ae1c10a0d34c,USGS-10010100,62614,00003,2015-12-12,4190.64,ft,Approved,,2025-03-11 21:31:41.809573+00:00
-112.49690297112,41.2552106532508,b8936789-111f-406f-b8b7-56ded64f7bbd,2e4657553ff7486d84e1ae1c10a0d34c,USGS-10010100,62614,00003,2015-12-11,4190.63,ft,Approved,,2025-03-11 21:31:41.809573+00:00
-112.49690297112,41.2552106532508,2bbe52cb-e7e7-41f8-adcd-77e3a41aebb0,2e4657553ff7486d84e1ae1c10a0d34c,USGS-10010100,62614,00003,2015-12-10,4190.59,ft,Approved,,2025-03-11 21:31:41.809573+00:00
-112.49690297112,41.2552106532508,55a93d01-a0d0-4cb8-8cd1-8dda5122c635,2e4657553ff7486d84e1ae1c10a0d34c,USGS-10010100,62614,00003,2015-12-09,4190.62,ft,Approved,,2025-03-11 21:31:41.809573+00:00
-112.49690297112,41.2552106532508,e86beaa8-21a5-4975-bcf5-db4a922595df,2e4657553ff7486d84e1ae1c10a0d34c,USGS-10010100,62614,00003,2015-12-08,4190.61,ft,Approved,,2025-03-11 21:31:41.809573+00:00
-112.49690297112,41.2552106532508,25158b95-0c4b-4792-b89c-2d5b372d446d,2e4657553ff7486d84e1ae1c10a0d34c,USGS-10010100,62614,00003,2015-12-07,4190.60,ft,Approved,,2025-03-11 21:31:41.809573+00:00
-112.49690297112,41.2552106532508,43d7e7f4-27f0-4728-b7ab-3de3ad95ab97,2e4657553ff7486d84e1ae1c10a0d34c,USGS-10010100,62614,00003,2015-12-06,4190.61,ft,Approved,,2025-03-11 21:31:41.809573+00:00
-112.49690297112,41.2552106532508,dee679e4-5bbb-4a1d-88bf-5a836c08ca01,2e4657553ff7486d84e1ae1c10a0d34c,USGS-10010100,62614,00003,2015-12-05,4190.61,ft,Approved,,2025-03-11 21:31:41.809573+00:00
-112.49690297112,41.2552106532508,93520e60-cc25-450b-aed0-2e9cf6275923,2e4657553ff7486d84e1ae1c10a0d34c,USGS-10010100,62614,00003,2015-12-04,4190.63,ft,Approved,,2025-03-11 21:31:41.809573+00:00
-112.49690297112,41.2552106532508,d4152280-cf6a-4d72-a49a-b17903bddfae,2e4657553ff7486d84e1ae1c10a0d34c,USGS-10010100,62614,00003,2015-12-03,4190.62,ft,Approved,,2025-03-11 21:31:41.809573+00:00
-112.49690297112,41.2552106532508,a89f246e-4299-464c-bb3d-6de126bf42ad,2e4657553ff7486d84e1ae1c10a0d34c,USGS-10010100,62614,00003,2015-12-02,4190.62,ft,Approved,,2025-03-11 21:31:41.809573+00:00
-112.49690297112,41.2552106532508,cd1938a3-aece-4bec-9bf8-d26fb92e140f,2e4657553ff7486d84e1ae1c10a0d34c,USGS-10010100,62614,00003,2015-12-01,4190.62,ft,Approved,,2025-03-11 21:31:41.809573+00:00
-112.49690297112,41.2552106532508,f7d2e8ab-ee6b-4ed3-ad70-9509ca4b762b,2e4657553ff7486d84e1ae1c10a0d34c,USGS-10010100,62614,00003,2015-11-30,4190.62,ft,Approved,,2025-03-11 21:31:41.809573+00:00
-112.49690297112,41.2552106532508,9b91cbdf-e741-4aaa-8ad4-cce9fef80b3a,2e4657553ff7486d84e1ae1c10a0d34c,USGS-10010100,62614,00003,2015-11-29,4190.65,ft,Approved,,2025-03-11 21:31:41.809573+00:00
-112.49690297112,41.2552106532508,a11ce8ec-c027-456c-917e-001adeabbe3a,2e4657553ff7486d84e1ae1c10a0d34c,USGS-10010100,62614,00003,2015-11-28,4190.68,ft,Approved,,2025-03-11 21:31:41.809573+00:00
-112.49690297112,41.2552106532508,62c0e55f-21c4-4c1d-9e72-87c1bd9955f1,2e4657553ff7486d84e1ae1c10a0d34c,USGS-10010100,62614,00003,2015-11-27,4190.66,ft,Approved,,2025-03-11 21:31:41.809573+00:00
-112.49690297112,41.2552106532508,a7e1a909-14f2-4d52-b480-2e47ceb80bdb,2e4657553ff7486d84e1ae1c10a0d34c,USGS-10010100,62614,00003,2015-11-26,4190.66,ft,Approved,,2025-03-11 21:31:41.809573+00:00
-112.49690297112,41.2552106532508,2d10eca0-a36a-40a7-811e-60f23cc74a3f,2e4657553ff7486d84e1ae1c10a0d34c,USGS-10010100,62614,00003,2015-11-25,4190.69,ft,Approved,,2025-03-11 21:31:41.809573+00:00
-112.49690297112,41.2552106532508,7d1c6630-9e02-419a-a2a8-1d366769880c,2e4657553ff7486d84e1ae1c10a0d34c,USGS-10010100,62614,00003,2015-11-24,4190.68,ft,Approved,,2025-03-11 21:31:41.809573+00:00
-112.49690297112,41.2552106532508,7aed7e56-9f3e-4700-bddc-deca6aa86ccd,2e4657553ff7486d84e1ae1c10a0d34c,USGS-10010100,62614,00003,2015-11-23,4190.67,ft,Approved,,2025-03-11 21:31:41.809573+00:00
-112.49690297112,41.2552106532508,03094041-54f5-4881-a45d-46196c55ee19,2e4657553ff7486d84e1ae1c10a0d34c,USGS-10010100,62614,00003,2015-11-22,4190.63,ft,Approved,,2025-03-11 21:31:41.809573+00:00
-112.49690297112,41.2552106532508,c4c65e55-f358-4d09-b3a5-a4f9c35fd92e,2e4657553ff7486d84e1ae1c10a0d34c,USGS-10010100,62614,00003,2015-11-21,4190.62,ft,Approved,,2025-03-11 21:31:41.809573+00:00
-112.49690297112,41.2552106532508,9bd63353-48a0-4c2e-8a0e-2e4cc565498d,2e4657553ff7486d84e1ae1c10a0d34c,USGS-10010100,62614,00003,2015-11-20,4190.67,ft,Approved,,2025-03-11 21:31:41.809573+00:00
-112.49690297112,41.2552106532508,4fad8f78-aba5-4670-9d5d-73a7b2728fb2,2e4657553ff7486d84e1ae1c10a0d34c,USGS-10010100,62614,00003,2015-11-19,4190.60,ft,Approved,,2025-03-11 21:31:41.809573+00:00
-112.49690297112,41.2552106532508,c2a768a5-d115-4de0-88b6-ed54cc07ed61,2e4657553ff7486d84e1ae1c10a0d34c,USGS-10010100,62614,00003,2015-11-18,4190.64,ft,Approved,,2025-03-11 21:31:41.809573+00:00
-112.49690297112,41.2552106532508,46bfc136-5e77-42df-b517-4dedf8d6d380,2e4657553ff7486d84e1ae1c10a0d34c,USGS-10010100,62614,00003,2015-11-17,4190.62,ft,Approved,,2025-03-11 21:31:41.809573+00:00
-112.49690297112,41.2552106532508,2604c84f-11a2-4630-b505-da3284b667f8,2e4657553ff7486d84e1ae1c10a0d34c,USGS-10010100,62614,00003,2015-11-16,4190.93,ft,Approved,,2025-03-11 21:31:41.809573+00:00
-112.49690297112,41.2552106532508,b67526cc-17bf-4fae-a7df-ba252d5ae3f0,2e4657553ff7486d84e1ae1c10a0d34c,USGS-10010100,62614,00003,2015-11-15,4190.64,ft,Approved,,2025-03-11 21:31:41.809573+00:00
-112.49690297112,41.2552106532508,75ead424-9cb1-436f-9791-83081d95ee9c,2e4657553ff7486d84e1ae1c10a0d34c,USGS-10010100,62614,00003,2015-11-14,4190.70,ft,Approved,,2025-03-11 21:31:41.809573+00:00
-112.49690297112,41.2552106532508,a5b61719-f76a-45db-a7cd-b6eb7392f472,2e4657553ff7486d84e1ae1c10a0d34c,USGS-10010100,62614,00003,2015-11-13,4190.69,ft,Approved,,2025-03-11 21:31:41.809573+00:00
-112.49690297112,41.2552106532508,09ee27d3-57a5-42c1-8f47-c209e08159ef,2e4657553ff7486d84e1ae1c10a0d34c,USGS-10010100,62614,00003,2015-11-12,4190.67,ft,Approved,,2025-03-11 21:31:41.809573+00:00
-112.49690297112,41.2552106532508,73f1af8e-fbac-4380-8520-1fa43eb1a1a4,2e4657553ff7486d84e1ae1c10a0d34c,USGS-10010100,62614,00003,2015-11-11,4190.68,ft,Approved,,2025-03-11 21:31:41.809573+00:00
-112.49690297112,41.2552106532508,7d62dce3-b0bb-4408-81d0-7813b48266cd,2e4657553ff7486d84e1ae1c10a0d34c,USGS-10010100,62614,00003,2015-11-10,4190.79,ft,Approved,,2025-03-11 21:31:41.809573+00:00
-112.49690297112,41.2552106532508,3279e90f-4950-40e1-b6a4-f1fae91df0ed,2e4657553ff7486d84e1ae1c10a0d34c,USGS-10010100,62614,00003,2015-11-09,4190.70,ft,Approved,,2025-03-11 21:31:41.809573+00:00
-112.49690297112,41.2552106532508,a3d9598a-11a3-40cd-b9ba-c6b03ea47d84,2e4657553ff7486d84e1ae1c10a0d34c,USGS-10010100,62614,00003,2015-11-08,4190.71,ft,Approved,,2025-03-11 21:31:41.809573+00:00
-112.49690297112,41.2552106532508,7bcdcce0-e0ed-492c-9a0c-20a0529e0229,2e4657553ff7486d84e1ae1c10a0d34c,USGS-10010100,62614,00003,2015-11-07,4190.67,ft,Approved,,2025-03-11 21:31:41.809573+00:00
-112.49690297112,41.2552106532508,064469d2-3022-4efb-9f5f-baa2e42b78df,2e4657553ff7486d84e1ae1c10a0d34c,USGS-10010100,62614,00003,2015-11-06,4190.76,ft,Approved,,2025-03-11 21:31:41.809573+00:00
-112.49690297112,41.2552106532508,b3c97b63-f522-4eed-8225-005d4be85a45,2e4657553ff7486d84e1ae1c10a0d34c,USGS-10010100,62614,00003,2015-11-05,4190.76,ft,Approved,,2025-03-11 21:31:41.809573+00:00
-112.49690297112,41.2552106532508,bc0c64ef-2795-48de-80bf-04bc905b03e1,2e4657553ff7486d84e1ae1c10a0d34c,USGS-10010100,62614,00003,2015-11-04,4190.88,ft,Approved,,2025-03-11 21:31:41.809573+00:00
-112.49690297112,41.2552106532508,68cf3921-55c0-4fd0-9e95-53fa5c27c09f,2e4657553ff7486d84e1ae1c10a0d34c,USGS-10010100,62614,00003,2015-11-03,4190.78,ft,Approved,,2025-03-11 21:31:41.809573+00:00
-112.49690297112,41.2552106532508,38734e9b-faf4-4b36-89e1-c639e3a41917,2e4657553ff7486d84e1ae1c10a0d34c,USGS-10010100,62614,00003,2015-11-02,4190.88,ft,Approved,,2025-03-11 21:31:41.809573+00:00
-112.49690297112,41.2552106532508,570fb241-da7f-452f-a311-cc71f0980280,2e4657553ff7486d84e1ae1c10a0d34c,USGS-10010100,62614,00003,2015-11-01,4190.75,ft,Approved,,2025-03-11 21:31:41.809573+00:00
-112.49690297112,41.2552106532508,78073475-868b-448c-b192-e2abb12e03d6,2e4657553ff7486d84e1ae1c10a0d34c,USGS-10010100,62614,00003,2015-10-31,4190.69,ft,Approved,,2025-03-11 21:31:41.809573+00:00
-112.49690297112,41.2552106532508,434ede68-b777-42fe-b6b7-3fde12d6178c,2e4657553ff7486d84e1ae1c10a0d34c,USGS-10010100,62614,00003,2015-10-30,4190.81,ft,Approved,,2025-03-11 21:31:41.809573+00:00
-112.49690297112,41.2552106532508,59e59c45-1ab7-4fb2-9fbb-af7dc825bec8,2e4657553ff7486d84e1ae1c10a0d34c,USGS-10010100,62614,00003,2015-10-29,4190.85,ft,Approved,,2025-03-11 21:31:41.809573+00:00
-112.49690297112,41.2552106532508,1673f64b-84e9-4ce2-8969-bd8b91ffecde,2e4657553ff7486d84e1ae1c10a0d34c,USGS-10010100,62614,00003,2015-10-28,4190.80,ft,Approved,,2025-03-11 21:31:41.809573+00:00
-112.49690297112,41.2552106532508,a89c67b2-101a-402a-8765-0f576729458b,2e4657553ff7486d84e1ae1c10a0d34c,USGS-10010100,62614,00003,2015-10-27,4190.84,ft,Approved,,2025-03-11 21:31:41.809573+00:00
-112.49690297112,41.2552106532508,1455b071-abf5-4980-946f-bfa3814d3ceb,2e4657553ff7486d84e1ae1c10a0d34c,USGS-10010100,62614,00003,2015-10-26,4190.84,ft,Approved,,2025-03-11 21:31:41.809573+00:00
-112.49690297112,41.2552106532508,f02fad95-2383-49ca-a2c5-cf960c0b354d,2e4657553ff7486d84e1ae1c10a0d34c,USGS-10010100,62614,00003,2015-10-25,4190.84,ft,Approved,,2025-03-11 21:31:41.809573+00:00
-112.49690297112,41.2552106532508,0f000534-0302-4760-978a-b71c503a7b95,2e4657553ff7486d84e1ae1c10a0d34c,USGS-10010100,62614,00003,2015-10-24,4190.84,ft,Approved,,2025-03-11 21:31:41.809573+00:00
-112.49690297112,41.2552106532508,1c01e75e-8d8d-4abb-a586-50a5605b563e,2e4657553ff7486d84e1ae1c10a0d34c,USGS-10010100,62614,00003,2015-10-23,4190.91,ft,Approved,,2025-03-11 21:31:41.809573+00:00
-112.49690297112,41.2552106532508,20ead749-12f4-4330-8289-af5467da0be8,2e4657553ff7486d84e1ae1c10a0d34c,USGS-10010100,62614,00003,2015-10-22,4190.94,ft,Approved,,2025-03-11 21:31:41.809573+00:00
-112.49690297112,41.2552106532508,47a69c02-40a0-40f6-ac47-ff1791c05f25,2e4657553ff7486d84e1ae1c10a0d34c,USGS-10010100,62614,00003,2015-10-21,4190.98,ft,Approved,,2025-03-11 21:31:41.809573+00:00
-112.49690297112,41.2552106532508,ac6159c6-9c42-4ff4-82bb-1d04211e1ae9,2e4657553ff7486d84e1ae1c10a0d34c,USGS-10010100,62614,00003,2015-10-20,4191.01,ft,Approved,,2025-03-11 21:31:41.809573+00:00
-112.49690297112,41.2552106532508,f0d9c766-067d-40da-93d2-7c2eefd0dea5,2e4657553ff7486d84e1ae1c10a0d34c,USGS-10010100,62614,00003,2015-10-19,4190.92,ft,Approved,,2025-03-11 21:31:41.809573+00:00
-112.49690297112,41.2552106532508,34be07bf-c6e7-4dbc-85d1-01e0a202ca4d,2e4657553ff7486d84e1ae1c10a0d34c,USGS-10010100,62614,00003,2015-10-18,4190.88,ft,Approved,,2025-03-11 21:31:41.809573+00:00
-112.49690297112,41.2552106532508,7ffa8833-ec41-402e-9835-84353519df46,2e4657553ff7486d84e1ae1c10a0d34c,USGS-10010100,62614,00003,2015-10-17,4190.85,ft,Approved,,2025-03-11 21:31:41.809573+00:00
-112.49690297112,41.2552106532508,696fe296-ec52-4744-b03d-a9769f17150b,2e4657553ff7486d84e1ae1c10a0d34c,USGS-10010100,62614,00003,2015-10-16,4190.91,ft,Approved,,2025-03-11 21:31:41.809573+00:00
-112.49690297112,41.2552106532508,eda053d5-8f20-42c2-84bc-8cae1f468ee5,2e4657553ff7486d84e1ae1c10a0d34c,USGS-10010100,62614,00003,2015-10-15,4190.91,ft,Approved,,2025-03-11 21:31:41.809573+00:00
-112.49690297112,41.2552106532508,bda08267-599d-4713-b40f-eb9c08b3e3d7,2e4657553ff7486d84e1ae1c10a0d34c,USGS-10010100,62614,00003,2015-10-14,4190.91,ft,Approved,,2025-03-11 21:31:41.809573+00:00
-112.49690297112,41.2552106532508,2a5f9e1a-bf16-495e-940b-a75837e85946,2e4657553ff7486d84e1ae1c10a0d34c,USGS-10010100,62614,00003,2015-10-13,4190.92,ft,Approved,,2025-03-11 21:31:41.809573+00:00
-112.49690297112,41.2552106532508,43bd6f7b-5ad5-44f8-9905-4539e416bd94,2e4657553ff7486d84e1ae1c10a0d34c,USGS-10010100,62614,00003,2015-10-12,4190.94,ft,Approved,,2025-03-11 21:31:41.809573+00:00
-112.49690297112,41.2552106532508,90a3e899-99f4-4745-89a7-e92d716739b2,2e4657553ff7486d84e1ae1c10a0d34c,USGS-10010100,62614,00003,2015-10-11,4190.94,ft,Approved,,2025-03-11 21:31:41.809573+00:00
-112.49690297112,41.2552106532508,4966ae37-cfe2-49ff-a84c-d8065d42dd32,2e4657553ff7486d84e1ae1c10a0d34c,USGS-10010100,62614,00003,2015-10-10,4190.92,ft,Approved,,2025-03-11 21:31:41.809573+00:00
-112.49690297112,41.2552106532508,ce4366a4-a465-4bff-8b3d-57d27e01ac9d,2e4657553ff7486d84e1ae1c10a0d34c,USGS-10010100,62614,00003,2015-10-09,4190.95,ft,Approved,,2025-03-11 21:31:41.809573+00:00
-112.49690297112,41.2552106532508,12dff565-6550-40ed-8b57-6850b5916951,2e4657553ff7486d84e1ae1c10a0d34c,USGS-10010100,62614,00003,2015-10-08,4190.99,ft,Approved,,2025-03-11 21:31:41.809573+00:00
-112.49690297112,41.2552106532508,c765be68-baa8-47f5-abb7-97b0bf4a8ae7,2e4657553ff7486d84e1ae1c10a0d34c,USGS-10010100,62614,00003,2015-10-07,4190.98,ft,Approved,,2025-03-11 21:31:41.809573+00:00
-112.49690297112,41.2552106532508,96983bbf-5f5d-4153-bd97-be4fb1b06617,2e4657553ff7486d84e1ae1c10a0d34c,USGS-10010100,62614,00003,2015-10-06,4190.96,ft,Approved,,2025-03-11 21:31:41.809573+00:00
-112.49690297112,41.2552106532508,5921fd75-96c4-4aa5-904f-d865ffb26772,2e4657553ff7486d84e1ae1c10a0d34c,USGS-10010100,62614,00003,2015-10-05,4190.96,ft,Approved,,2025-03-11 21:31:41.809573+00:00
-112.49690297112,41.2552106532508,6ef5d4e1-6859-4c98-ba2c-8760881d7a16,2e4657553ff7486d84e1ae1c10a0d34c,USGS-10010100,62614,00003,2015-10-04,4191.01,ft,Approved,,2025-03-11 21:31:41.809573+00:00
-112.49690297112,41.2552106532508,9073e674-270d-4e04-83db-0d9b4804343d,2e4657553ff7486d84e1ae1c10a0d34c,USGS-10010100,62614,00003,2015-10-03,4190.97,ft,Approved,,2025-03-11 21:31:41.809573+00:00
-112.49690297112,41.2552106532508,e0a80082-8fee-4ede-99fa-d97ea6f7379f,2e4657553ff7486d84e1ae1c10a0d34c,USGS-10010100,62614,00003,2015-10-02,4190.95,ft,Approved,,2025-03-11 21:31:41.809573+00:00
-112.49690297112,41.2552106532508,5ec5482c-1a1e-452f-977f-67d5877ee9f3,2e4657553ff7486d84e1ae1c10a0d34c,USGS-10010100,62614,00003,2015-10-01,4190.96,ft,Approved,,2025-03-11 21:31:41.809573+00:00
-112.49690297112,41.2552106532508,78a39315-183b-4348-ba4c-3430dfafb6e3,2e4657553ff7486d84e1ae1c10a0d34c,USGS-10010100,62614,00003,2015-09-30,4190.94,ft,Approved,,2025-03-11 21:31:41.809573+00:00
-112.49690297112,41.2552106532508,f87290f4-755f-49f7-92fc-1ad0149bd1c9,2e4657553ff7486d84e1ae1c10a0d34c,USGS-10010100,62614,00003,2015-09-29,4190.94,ft,Approved,,2025-03-11 21:31:41.809573+00:00
-112.49690297112,41.2552106532508,e2bed2ec-15ab-4b7c-a4a7-abb07cd61c7c,2e4657553ff7486d84e1ae1c10a0d34c,USGS-10010100,62614,00003,2015-09-28,4190.98,ft,Approved,,2025-03-11 21:31:41.809573+00:00
-112.49690297112,41.2552106532508,cccb3496-02a6-401e-b05f-b913da62483b,2e4657553ff7486d84e1ae1c10a0d34c,USGS-10010100,62614,00003,2015-09-27,4190.98,ft,Approved,,2025-03-11 21:31:41.809573+00:00
-112.49690297112,41.2552106532508,efc03873-d6da-4b75-847a-ccb92c90a703,2e4657553ff7486d84e1ae1c10a0d34c,USGS-10010100,62614,00003,2015-09-26,4190.92,ft,Approved,,2025-03-11 21:31:41.809573+00:00
-112.49690297112,41.2552106532508,38d28713-6657-40d6-8fa6-eba41da47eb2,2e4657553ff7486d84e1ae1c10a0d34c,USGS-10010100,62614,00003,2015-09-25,4190.97,ft,Approved,,2025-03-11 21:31:41.809573+00:00
-112.49690297112,41.2552106532508,fe3731ce-2bc7-4dff-aae7-a0ae829057fb,2e4657553ff7486d84e1ae1c10a0d34c,USGS-10010100,62614,00003,2015-09-24,4191.00,ft,Approved,,2025-03-11 21:31:41.809573+00:00
-112.49690297112,41.2552106532508,3ab33491-b5af-44dc-9ce0-3c252777cccf,2e4657553ff7486d84e1ae1c10a0d34c,USGS-10010100,62614,00003,2015-09-23,4190.98,ft,Approved,,2025-03-11 21:31:41.809573+00:00
-112.49690297112,41.2552106532508,f9984204-94c1-477d-b4f2-62d89a7ef7a9,2e4657553ff7486d84e1ae1c10a0d34c,USGS-10010100,62614,00003,2015-09-22,4191.00,ft,Approved,,2025-03-11 21:31:41.809573+00:00
-112.49690297112,41.2552106532508,bcbb547e-9953-4c1c-853b-5d902e8c961f,2e4657553ff7486d84e1ae1c10a0d34c,USGS-10010100,62614,00003,2015-09-21,4190.98,ft,Approved,,2025-03-11 21:31:41.809573+00:00
-112.49690297112,41.2552106532508,f07e3973-cd14-4ef1-b4d5-4e0738076dad,2e4657553ff7486d84e1ae1c10a0d34c,USGS-10010100,62614,00003,2015-09-20,4190.98,ft,Approved,,2025-03-11 21:31:41.809573+00:00
-112.49690297112,41.2552106532508,146eec1a-2eee-4edb-883e-eb765bf59c40,2e4657553ff7486d84e1ae1c10a0d34c,USGS-10010100,62614,00003,2015-09-19,4191.00,ft,Approved,,2025-03-11 21:31:41.809573+00:00
-112.49690297112,41.2552106532508,c9f17a12-4210-4a73-8781-dd9fc06aa5da,2e4657553ff7486d84e1ae1c10a0d34c,USGS-10010100,62614,00003,2015-09-18,4191.03,ft,Approved,,2025-03-11 21:31:41.809573+00:00
-112.49690297112,41.2552106532508,a5d6dfec-19d0-4b18-880d-ecae9be93fdf,2e4657553ff7486d84e1ae1c10a0d34c,USGS-10010100,62614,00003,2015-09-17,4191.02,ft,Approved,,2025-03-11 21:31:41.809573+00:00
-112.49690297112,41.2552106532508,26c02f10-23fb-4908-a958-bad0aee67413,2e4657553ff7486d84e1ae1c10a0d34c,USGS-10010100,62614,00003,2015-09-16,4190.90,ft,Approved,,2025-03-11 21:31:41.809573+00:00
-112.49690297112,41.2552106532508,d9fc5ec6-5205-48c7-be22-bec5af7126b8,2e4657553ff7486d84e1ae1c10a0d34c,USGS-10010100,62614,00003,2015-09-15,4190.82,ft,Approved,,2025-03-11 21:31:41.809573+00:00
-112.49690297112,41.2552106532508,5ab86e2e-7c30-446a-ab24-e5d2bb27198a,2e4657553ff7486d84e1ae1c10a0d34c,USGS-10010100,62614,00003,2015-09-14,4190.82,ft,Approved,,2025-03-11 21:31:41.809573+00:00
-112.49690297112,41.2552106532508,65278252-83fb-4f72-b8b2-939480bb68a6,2e4657553ff7486d84e1ae1c10a0d34c,USGS-10010100,62614,00003,2015-09-13,4190.93,ft,Approved,,2025-03-11 21:31:41.809573+00:00
-112.49690297112,41.2552106532508,5e7bceb8-d695-4096-8c8e-79fd1a71b4eb,2e4657553ff7486d84e1ae1c10a0d34c,USGS-10010100,62614,00003,2015-09-12,4190.96,ft,Approved,,2025-03-11 21:31:41.809573+00:00
-112.49690297112,41.2552106532508,d172f6c4-cdda-4d3f-a4e1-621a102bb25e,2e4657553ff7486d84e1ae1c10a0d34c,USGS-10010100,62614,00003,2015-09-11,4190.98,ft,Approved,,2025-03-11 21:31:41.809573+00:00
-112.49690297112,41.2552106532508,e909cf7d-bbff-4f46-8705-44e8a48c50cd,2e4657553ff7486d84e1ae1c10a0d34c,USGS-10010100,62614,00003,2015-09-10,4190.98,ft,Approved,,2025-03-11 21:31:41.809573+00:00
-112.49690297112,41.2552106532508,e3d562e1-8307-4515-9dc0-bb8fc99f162e,2e4657553ff7486d84e1ae1c10a0d34c,USGS-10010100,62614,00003,2015-09-09,4190.98,ft,Approved,,2025-03-11 21:31:41.809573+00:00
-112.49690297112,41.2552106532508,09e93bdc-b832-49da-96eb-b546cc9ca6c3,2e4657553ff7486d84e1ae1c10a0d34c,USGS-10010100,62614,00003,2015-09-08,4191.01,ft,Approved,,2025-03-11 21:31:41.809573+00:00
-112.49690297112,41.2552106532508,d083933d-10ed-4f8e-9920-e2232d652d2f,2e4657553ff7486d84e1ae1c10a0d34c,USGS-10010100,62614,00003,2015-09-07,4191.03,ft,Approved,,2025-03-11 21:31:41.809573+00:00
-112.49690297112,41.2552106532508,75a35b34-3d71-4027-a8b8-51b200d44857,2e4657553ff7486d84e1ae1c10a0d34c,USGS-10010100,62614,00003,2015-09-06,4191.06,ft,Approved,,2025-03-11 21:31:41.809573+00:00
-112.49690297112,41.2552106532508,38708aa4-5fe8-4883-92f2-cd55524b66a9,2e4657553ff7486d84e1ae1c10a0d34c,USGS-10010100,62614,00003,2015-09-05,4191.14,ft,Approved,,2025-03-11 21:31:41.809573+00:00
-112.49690297112,41.2552106532508,3428702c-16f6-44a8-8f34-c27af20b3d6e,2e4657553ff7486d84e1ae1c10a0d34c,USGS-10010100,62614,00003,2015-09-04,4191.04,ft,Approved,,2025-03-11 21:31:41.809573+00:00
-112.49690297112,41.2552106532508,dd75211a-822c-496b-9907-e6c1cc6d82e0,2e4657553ff7486d84e1ae1c10a0d34c,USGS-10010100,62614,00003,2015-09-03,4190.94,ft,Approved,,2025-03-11 21:31:41.809573+00:00
-112.49690297112,41.2552106532508,40df4040-dfb0-4ef1-98e7-a8ba8885514b,2e4657553ff7486d84e1ae1c10a0d34c,USGS-10010100,62614,00003,2015-09-02,4191.00,ft,Approved,,2025-03-11 21:31:41.809573+00:00
-112.49690297112,41.2552106532508,3060c185-6c2b-47bf-a043-46aba94c91fc,2e4657553ff7486d84e1ae1c10a0d34c,USGS-10010100,62614,00003,2015-09-01,4191.14,ft,Approved,,2025-03-11 21:31:41.809573+00:00
-112.49690297112,41.2552106532508,808dd449-efe4-49c7-bdda-4cd23378bdf1,2e4657553ff7486d84e1ae1c10a0d34c,USGS-10010100,62614,00003,2015-08-31,4191.23,ft,Approved,,2025-03-11 21:31:41.809573+00:00
-112.49690297112,41.2552106532508,8844d44f-3963-4746-9207-c402f8d0963e,2e4657553ff7486d84e1ae1c10a0d34c,USGS-10010100,62614,00003,2015-08-30,4191.24,ft,Approved,,2025-03-11 21:31:41.809573+00:00
-112.49690297112,41.2552106532508,3034edc2-5b50-49c0-b215-b83603c57e41,2e4657553ff7486d84e1ae1c10a0d34c,USGS-10010100,62614,00003,2015-08-29,4191.10,ft,Approved,,2025-03-11 21:31:41.809573+00:00
-112.49690297112,41.2552106532508,7e85c295-df48-4df5-a154-2844a38d1eef,2e4657553ff7486d84e1ae1c10a0d34c,USGS-10010100,62614,00003,2015-08-28,4191.20,ft,Approved,,2025-03-11 21:31:41.809573+00:00
-112.49690297112,41.2552106532508,ae0b8098-95ba-49d7-ac5a-902860e442f9,2e4657553ff7486d84e1ae1c10a0d34c,USGS-10010100,62614,00003,2015-08-27,4191.23,ft,Approved,,2025-03-11 21:31:41.809573+00:00
-112.49690297112,41.2552106532508,949cbdcb-737f-4f13-9d7c-54dfd2aadd98,2e4657553ff7486d84e1ae1c10a0d34c,USGS-10010100,62614,00003,2015-08-26,4191.16,ft,Approved,,2025-03-11 21:31:41.809573+00:00
-112.49690297112,41.2552106532508,701fd7c4-21b3-4219-a005-5924e5ab9028,2e4657553ff7486d84e1ae1c10a0d34c,USGS-10010100,62614,00003,2015-08-25,4191.26,ft,Approved,,2025-03-11 21:31:41.809573+00:00
-112.49690297112,41.2552106532508,63cd47ef-ba81-4be2-99e8-ca827d24553d,2e4657553ff7486d84e1ae1c10a0d34c,USGS-10010100,62614,00003,2015-08-24,4191.28,ft,Approved,,2025-03-11 21:31:41.809573+00:00
-112.49690297112,41.2552106532508,e70459f1-9644-42cb-b869-167773ddb2bd,2e4657553ff7486d84e1ae1c10a0d34c,USGS-10010100,62614,00003,2015-08-23,4191.31,ft,Approved,,2025-03-11 21:31:41.809573+00:00
-112.49690297112,41.2552106532508,628ffca5-3d61-4581-b7bf-b64221848325,2e4657553ff7486d84e1ae1c10a0d34c,USGS-10010100,62614,00003,2015-08-22,4191.37,ft,Approved,,2025-03-11 21:31:41.809573+00:00
-112.49690297112,41.2552106532508,53179674-dff6-43b4-9a5c-cbcbbddc512a,2e4657553ff7486d84e1ae1c10a0d34c,USGS-10010100,62614,00003,2015-08-21,4191.34,ft,Approved,,2025-03-11 21:31:41.809573+00:00
-112.49690297112,41.2552106532508,c4903cae-ab60-4586-9a97-13049495be63,2e4657553ff7486d84e1ae1c10a0d34c,USGS-10010100,62614,00003,2015-08-20,4191.34,ft,Approved,,2025-03-11 21:31:41.809573+00:00
-112.49690297112,41.2552106532508,76920184-e69b-4a06-9779-dbf0e699866a,2e4657553ff7486d84e1ae1c10a0d34c,USGS-10010100,62614,00003,2015-08-19,4191.34,ft,Approved,,2025-03-11 21:31:41.809573+00:00
-112.49690297112,41.2552106532508,17aadf0a-a780-49b9-96ed-a1902da0c9f8,2e4657553ff7486d84e1ae1c10a0d34c,USGS-10010100,62614,00003,2015-08-18,4191.42,ft,Approved,,2025-03-11 21:31:41.809573+00:00
-112.49690297112,41.2552106532508,8d0c5ad5-71ff-48d6-a086-5277548bc015,2e4657553ff7486d84e1ae1c10a0d34c,USGS-10010100,62614,00003,2015-08-17,4191.44,ft,Approved,,2025-03-11 21:31:41.809573+00:00
-112.49690297112,41.2552106532508,3400c9eb-ebc5-4973-a437-8248a697e678,2e4657553ff7486d84e1ae1c10a0d34c,USGS-10010100,62614,00003,2015-08-16,4191.48,ft,Approved,,2025-03-11 21:31:41.809573+00:00
-112.49690297112,41.2552106532508,2d4e651a-2697-4e36-afde-d9fd5e2b12ec,2e4657553ff7486d84e1ae1c10a0d34c,USGS-10010100,62614,00003,2015-08-15,4191.50,ft,Approved,,2025-03-11 21:31:41.809573+00:00
-112.49690297112,41.2552106532508,e5b5c4a8-69bb-43c6-8e51-9954bf8862f7,2e4657553ff7486d84e1ae1c10a0d34c,USGS-10010100,62614,00003,2015-08-14,4191.42,ft,Approved,,2025-03-11 21:31:41.809573+00:00
-112.49690297112,41.2552106532508,49348f12-2e9e-4060-8ae3-9b953851673a,2e4657553ff7486d84e1ae1c10a0d34c,USGS-10010100,62614,00003,2015-08-13,4191.40,ft,Approved,,2025-03-11 21:31:41.809573+00:00
-112.49690297112,41.2552106532508,8aa76567-9be4-44c7-9a71-d9fbf55d71d9,2e4657553ff7486d84e1ae1c10a0d34c,USGS-10010100,62614,00003,2015-08-12,4191.43,ft,Approved,,2025-03-11 21:31:41.809573+00:00
-112.49690297112,41.2552106532508,a4c3b333-4dfd-4613-b51c-2d9cdecb0d2a,2e4657553ff7486d84e1ae1c10a0d34c,USGS-10010100,62614,00003,2015-08-11,4191.44,ft,Approved,,2025-03-11 21:31:41.809573+00:00
-112.49690297112,41.2552106532508,516dc6d7-4155-4ab0-ba97-5fa883ca76b2,2e4657553ff7486d84e1ae1c10a0d34c,USGS-10010100,62614,00003,2015-08-10,4191.51,ft,Approved,,2025-03-11 21:31:41.809573+00:00
-112.49690297112,41.2552106532508,bcc87e99-6012-4e5c-a56e-ca56a41586b1,2e4657553ff7486d84e1ae1c10a0d34c,USGS-10010100,62614,00003,2015-08-09,4191.53,ft,Approved,,2025-03-11 21:31:41.809573+00:00
-112.49690297112,41.2552106532508,7b5106a7-ca03-41dd-be98-395034e4ee79,2e4657553ff7486d84e1ae1c10a0d34c,USGS-10010100,62614,00003,2015-08-08,4191.53,ft,Approved,,2025-03-11 21:31:41.809573+00:00
-112.49690297112,41.2552106532508,5e14e760-c269-4c7a-a8d7-1907c56f1fcc,2e4657553ff7486d84e1ae1c10a0d34c,USGS-10010100,62614,00003,2015-08-07,4191.54,ft,Approved,,2025-03-11 21:31:41.809573+00:00
-112.49690297112,41.2552106532508,02e95152-cc0b-4d8a-b39e-e57e2c88271d,2e4657553ff7486d84e1ae1c10a0d34c,USGS-10010100,62614,00003,2015-08-06,4191.53,ft,Approved,,2025-03-11 21:31:41.809573+00:00
-112.49690297112,41.2552106532508,34d0a928-4569-4057-a9df-911634c110cb,2e4657553ff7486d84e1ae1c10a0d34c,USGS-10010100,62614,00003,2015-08-05,4191.60,ft,Approved,,2025-03-11 21:31:41.809573+00:00
-112.49690297112,41.2552106532508,2e77e1e0-0e4b-4c0b-a4b8-9795c11d7ae0,2e4657553ff7486d84e1ae1c10a0d34c,USGS-10010100,62614,00003,2015-08-04,4191.55,ft,Approved,,2025-03-11 21:31:41.809573+00:00
-112.49690297112,41.2552106532508,9062c5c3-2b10-42d9-bc80-ae07717803e8,2e4657553ff7486d84e1ae1c10a0d34c,USGS-10010100,62614,00003,2015-08-03,4191.45,ft,Approved,,2025-03-11 21:31:41.809573+00:00
-112.49690297112,41.2552106532508,1151630a-9ca0-4903-8ed3-32435b65af96,2e4657553ff7486d84e1ae1c10a0d34c,USGS-10010100,62614,00003,2015-08-02,4191.55,ft,Approved,,2025-03-11 21:31:41.809573+00:00
-112.49690297112,41.2552106532508,a57afc66-d753-45a3-99b0-1302c6d1677a,2e4657553ff7486d84e1ae1c10a0d34c,USGS-10010100,62614,00003,2015-08-01,4191.62,ft,Approved,,2025-03-11 21:31:41.809573+00:00
-112.49690297112,41.2552106532508,72d46305-46e2-409a-a49f-c97557caaa58,2e4657553ff7486d84e1ae1c10a0d34c,USGS-10010100,62614,00003,2015-07-31,4191.62,ft,Approved,,2025-03-11 21:31:41.809573+00:00
-112.49690297112,41.2552106532508,dfbaab75-ed15-491e-8c5c-20ff41bb13fa,2e4657553ff7486d84e1ae1c10a0d34c,USGS-10010100,62614,00003,2015-07-30,4191.62,ft,Approved,,2025-03-11 21:31:41.809573+00:00
-112.49690297112,41.2552106532508,2be61436-9917-4590-a7a4-1e0e27a30727,2e4657553ff7486d84e1ae1c10a0d34c,USGS-10010100,62614,00003,2015-07-29,4191.66,ft,Approved,,2025-03-11 21:31:41.809573+00:00
-112.49690297112,41.2552106532508,423922d0-0c4f-4f35-a000-8157e13fb2a1,2e4657553ff7486d84e1ae1c10a0d34c,USGS-10010100,62614,00003,2015-07-28,4191.67,ft,Approved,,2025-03-11 21:31:41.809573+00:00
-112.49690297112,41.2552106532508,7e865ad5-8a11-4192-843f-68b8f455499c,2e4657553ff7486d84e1ae1c10a0d34c,USGS-10010100,62614,00003,2015-07-27,4191.77,ft,Approved,,2025-03-11 21:31:41.809573+00:00
-112.49690297112,41.2552106532508,c9fb230b-fd61-4e51-aea4-22ef8f575764,2e4657553ff7486d84e1ae1c10a0d34c,USGS-10010100,62614,00003,2015-07-26,4191.69,ft,Approved,,2025-03-11 21:31:41.809573+00:00
-112.49690297112,41.2552106532508,d5b66ea0-5fd0-4922-8896-c6849836ac1a,2e4657553ff7486d84e1ae1c10a0d34c,USGS-10010100,62614,00003,2015-07-25,4191.72,ft,Approved,,2025-03-11 21:31:41.809573+00:00
-112.49690297112,41.2552106532508,c613ce97-75b7-424e-82dc-32d085c240b5,2e4657553ff7486d84e1ae1c10a0d34c,USGS-10010100,62614,00003,2015-07-24,4191.80,ft,Approved,,2025-03-11 21:31:41.809573+00:00
-112.49690297112,41.2552106532508,e476b011-632a-4a8c-99c0-9a20ff969d76,2e4657553ff7486d84e1ae1c10a0d34c,USGS-10010100,62614,00003,2015-07-23,4191.80,ft,Approved,,2025-03-11 21:31:41.809573+00:00
-112.49690297112,41.2552106532508,c30c3ca4-970f-4055-a84c-4271017d9751,2e4657553ff7486d84e1ae1c10a0d34c,USGS-10010100,62614,00003,2015-07-22,4191.75,ft,Approved,,2025-03-11 21:31:41.809573+00:00
-112.49690297112,41.2552106532508,ab127717-697f-4a83-85b5-97a03fd93dcc,2e4657553ff7486d84e1ae1c10a0d34c,USGS-10010100,62614,00003,2015-07-21,4191.76,ft,Approved,,2025-03-11 21:31:41.809573+00:00
-112.49690297112,41.2552106532508,6b19098d-34e9-4803-bca8-6910293ce030,2e4657553ff7486d84e1ae1c10a0d34c,USGS-10010100,62614,00003,2015-07-20,4191.69,ft,Approved,,2025-03-11 21:31:41.809573+00:00
-112.49690297112,41.2552106532508,2f6d5445-858e-4409-99e5-7f2afe77e813,2e4657553ff7486d84e1ae1c10a0d34c,USGS-10010100,62614,00003,2015-07-19,4191.83,ft,Approved,,2025-03-11 21:31:41.809573+00:00
-112.49690297112,41.2552106532508,69b10a25-969d-498a-80d2-c217e96632fa,2e4657553ff7486d84e1ae1c10a0d34c,USGS-10010100,62614,00003,2015-07-18,4191.84,ft,Approved,,2025-03-11 21:31:41.809573+00:00
-112.49690297112,41.2552106532508,21d3a672-b8dd-4598-bae9-2286a500de7d,2e4657553ff7486d84e1ae1c10a0d34c,USGS-10010100,62614,00003,2015-07-17,4191.88,ft,Approved,,2025-03-11 21:31:41.809573+00:00
-112.49690297112,41.2552106532508,50a7a035-82e3-48e3-8ecd-f508171ce5a1,2e4657553ff7486d84e1ae1c10a0d34c,USGS-10010100,62614,00003,2015-07-16,4191.88,ft,Approved,,2025-03-11 21:31:41.809573+00:00
-112.49690297112,41.2552106532508,fa2b0df4-283f-4f8e-be96-d4c4cf741371,2e4657553ff7486d84e1ae1c10a0d34c,USGS-10010100,62614,00003,2015-07-15,4191.91,ft,Approved,,2025-03-11 21:31:41.809573+00:00
-112.49690297112,41.2552106532508,20785226-f66f-4016-8422-2badc73afa6b,2e4657553ff7486d84e1ae1c10a0d34c,USGS-10010100,62614,00003,2015-07-14,4192.00,ft,Approved,,2025-03-11 21:31:41.809573+00:00
-112.49690297112,41.2552106532508,6e427f54-f9cb-4c01-bf41-7b4ee1acef33,2e4657553ff7486d84e1ae1c10a0d34c,USGS-10010100,62614,00003,2015-07-13,4192.00,ft,Approved,,2025-03-11 21:31:41.809573+00:00
-112.49690297112,41.2552106532508,4dcfce96-f604-4a33-97ec-713827ac35c0,2e4657553ff7486d84e1ae1c10a0d34c,USGS-10010100,62614,00003,2015-07-12,4191.97,ft,Approved,,2025-03-11 21:31:41.809573+00:00
-112.49690297112,41.2552106532508,5f09ece9-db3c-4292-9889-f5ffb495d583,2e4657553ff7486d84e1ae1c10a0d34c,USGS-10010100,62614,00003,2015-07-11,4191.94,ft,Approved,,2025-03-11 21:31:41.809573+00:00
-112.49690297112,41.2552106532508,77891f99-b3f7-406a-aac2-d30ede673c4c,2e4657553ff7486d84e1ae1c10a0d34c,USGS-10010100,62614,00003,2015-07-10,4191.91,ft,Approved,,2025-03-11 21:31:41.809573+00:00
-112.49690297112,41.2552106532508,8743fb85-7891-4fa3-93c9-2c2d63536a19,2e4657553ff7486d84e1ae1c10a0d34c,USGS-10010100,62614,00003,2015-07-09,4191.91,ft,Approved,,2025-03-11 21:31:41.809573+00:00
-112.49690297112,41.2552106532508,bb45f3cf-aef2-4da2-baa5-9028b193e6ef,2e4657553ff7486d84e1ae1c10a0d34c,USGS-10010100,62614,00003,2015-07-08,4192.04,ft,Approved,,2025-03-11 21:31:41.809573+00:00
-112.49690297112,41.2552106532508,77948cb2-2d63-499d-8490-9a47f0dd0b69,2e4657553ff7486d84e1ae1c10a0d34c,USGS-10010100,62614,00003,2015-07-07,4192.03,ft,Approved,,2025-03-11 21:31:41.809573+00:00
-112.49690297112,41.2552106532508,d65e088a-fbdd-4b8c-8c62-d2fdd542d0f5,2e4657553ff7486d84e1ae1c10a0d34c,USGS-10010100,62614,00003,2015-07-06,4192.10,ft,Approved,,2025-03-11 21:31:41.809573+00:00
-112.49690297112,41.2552106532508,cf05f945-2201-4ade-96e4-1d12c3d5483e,2e4657553ff7486d84e1ae1c10a0d34c,USGS-10010100,62614,00003,2015-07-05,4192.07,ft,Approved,,2025-03-11 21:31:41.809573+00:00
-112.49690297112,41.2552106532508,e691b4ac-2e09-44c9-8d0d-c5c96c0beb81,2e4657553ff7486d84e1ae1c10a0d34c,USGS-10010100,62614,00003,2015-07-04,4192.08,ft,Approved,,2025-03-11 21:31:41.809573+00:00
-112.49690297112,41.2552106532508,1ab0959e-78df-438e-a46e-cb098b0bd61d,2e4657553ff7486d84e1ae1c10a0d34c,USGS-10010100,62614,00003,2015-07-03,4192.12,ft,Approved,,2025-03-11 21:31:41.809573+00:00
-112.49690297112,41.2552106532508,55d9e6f8-e83e-492f-8e1e-5dd79b9174d7,2e4657553ff7486d84e1ae1c10a0d34c,USGS-10010100,62614,00003,2015-07-02,4192.13,ft,Approved,,2025-03-11 21:31:41.809573+00:00
-112.49690297112,41.2552106532508,f82e8609-003b-4ad1-9f19-9b0f2e439fc6,2e4657553ff7486d84e1ae1c10a0d34c,USGS-10010100,62614,00003,2015-07-01,4192.12,ft,Approved,,2025-03-11 21:31:41.809573+00:00
-112.49690297112,41.2552106532508,c5eef29e-c17a-464e-b8b7-a0129345bfdb,2e4657553ff7486d84e1ae1c10a0d34c,USGS-10010100,62614,00003,2015-06-30,4192.19,ft,Approved,,2025-03-11 21:31:41.809573+00:00
-112.49690297112,41.2552106532508,2eb28de1-2ec4-41a0-a09f-dcef5bf96787,2e4657553ff7486d84e1ae1c10a0d34c,USGS-10010100,62614,00003,2015-06-29,4192.15,ft,Approved,,2025-03-11 21:31:41.809573+00:00
-112.49690297112,41.2552106532508,76651e90-5c52-4ca0-834a-b3dee790704e,2e4657553ff7486d84e1ae1c10a0d34c,USGS-10010100,62614,00003,2015-06-28,4192.19,ft,Approved,,2025-03-11 21:31:41.809573+00:00
-112.49690297112,41.2552106532508,fceae4a5-166b-4b72-8deb-00ae23a37e5a,2e4657553ff7486d84e1ae1c10a0d34c,USGS-10010100,62614,00003,2015-06-27,4192.20,ft,Approved,,2025-03-11 21:31:41.809573+00:00
-112.49690297112,41.2552106532508,9bee2745-be68-45e8-8eaf-49e4234c1de8,2e4657553ff7486d84e1ae1c10a0d34c,USGS-10010100,62614,00003,2015-06-26,4192.22,ft,Approved,,2025-03-11 21:31:41.809573+00:00
-112.49690297112,41.2552106532508,16991288-f92f-4285-b3e9-34e014257fdc,2e4657553ff7486d84e1ae1c10a0d34c,USGS-10010100,62614,00003,2015-06-25,4192.24,ft,Approved,,2025-03-11 21:31:41.809573+00:00
-112.49690297112,41.2552106532508,edac2ff3-3826-4f34-a85c-598c3eddfb55,2e4657553ff7486d84e1ae1c10a0d34c,USGS-10010100,62614,00003,2015-06-24,4192.27,ft,Approved,,2025-03-11 21:31:41.809573+00:00
-112.49690297112,41.2552106532508,84bf7cf6-a443-4f71-85c2-2c19566547c3,2e4657553ff7486d84e1ae1c10a0d34c,USGS-10010100,62614,00003,2015-06-23,4192.28,ft,Approved,,2025-03-11 21:31:41.809573+00:00
-112.49690297112,41.2552106532508,870d518d-06e2-4c25-9b86-1a55fe167c5b,2e4657553ff7486d84e1ae1c10a0d34c,USGS-10010100,62614,00003,2015-06-22,4192.30,ft,Approved,,2025-03-11 21:31:41.809573+00:00
-112.49690297112,41.2552106532508,9cf7b437-7337-4e0d-aa5d-0b53d0353cce,2e4657553ff7486d84e1ae1c10a0d34c,USGS-10010100,62614,00003,2015-06-21,4192.31,ft,Approved,,2025-03-11 21:31:41.809573+00:00
-112.49690297112,41.2552106532508,585f4b4b-b85d-4624-8af7-a188b7780434,2e4657553ff7486d84e1ae1c10a0d34c,USGS-10010100,62614,00003,2015-06-20,4192.35,ft,Approved,,2025-03-11 21:31:41.809573+00:00
-112.49690297112,41.2552106532508,ee964ea0-2b7b-4e61-852d-f6724bfe6720,2e4657553ff7486d84e1ae1c10a0d34c,USGS-10010100,62614,00003,2015-06-19,4192.35,ft,Approved,,2025-03-11 21:31:41.809573+00:00
-112.49690297112,41.2552106532508,83ed1597-97e9-4bf5-889c-19145543f568,2e4657553ff7486d84e1ae1c10a0d34c,USGS-10010100,62614,00003,2015-06-18,4192.32,ft,Approved,,2025-03-11 21:31:41.809573+00:00
-112.49690297112,41.2552106532508,b8facd26-c973-4029-9d55-26c9f14193e5,2e4657553ff7486d84e1ae1c10a0d34c,USGS-10010100,62614,00003,2015-06-17,4192.34,ft,Approved,,2025-03-11 21:31:41.809573+00:00
-112.49690297112,41.2552106532508,b498b2ae-cad7-40bc-9f6f-09666337093b,2e4657553ff7486d84e1ae1c10a0d34c,USGS-10010100,62614,00003,2015-06-16,4192.38,ft,Approved,,2025-03-11 21:31:41.809573+00:00
-112.49690297112,41.2552106532508,c9bc5fd7-c381-4407-97a0-2debbbbeeccf,2e4657553ff7486d84e1ae1c10a0d34c,USGS-10010100,62614,00003,2015-06-15,4192.32,ft,Approved,,2025-03-11 21:31:41.809573+00:00
-112.49690297112,41.2552106532508,318eb56c-4e3b-4611-a0c0-d96e32879b31,2e4657553ff7486d84e1ae1c10a0d34c,USGS-10010100,62614,00003,2015-06-14,4192.44,ft,Approved,,2025-03-11 21:31:41.809573+00:00
-112.49690297112,41.2552106532508,953dc7fc-acac-4908-8b9d-e065d294c64e,2e4657553ff7486d84e1ae1c10a0d34c,USGS-10010100,62614,00003,2015-06-13,4192.43,ft,Approved,,2025-03-11 21:31:41.809573+00:00
-112.49690297112,41.2552106532508,a973f33b-3138-4d95-805a-79bb038970ca,2e4657553ff7486d84e1ae1c10a0d34c,USGS-10010100,62614,00003,2015-06-12,4192.41,ft,Approved,,2025-03-11 21:31:41.809573+00:00
-112.49690297112,41.2552106532508,f896c6d6-9299-4095-8599-4b5711a6770b,2e4657553ff7486d84e1ae1c10a0d34c,USGS-10010100,62614,00003,2015-06-11,4192.41,ft,Approved,,2025-03-11 21:31:41.809573+00:00
-112.49690297112,41.2552106532508,fbd1cbef-609a-414f-a6cd-aabaa7af6140,2e4657553ff7486d84e1ae1c10a0d34c,USGS-10010100,62614,00003,2015-06-10,4192.41,ft,Approved,,2025-03-11 21:31:41.809573+00:00
-112.49690297112,41.2552106532508,04d1a476-dadd-4a5b-81ec-cd6eb58f9aa4,2e4657553ff7486d84e1ae1c10a0d34c,USGS-10010100,62614,00003,2015-06-09,4192.45,ft,Approved,,2025-03-11 21:31:41.809573+00:00
-112.49690297112,41.2552106532508,439a2063-30e3-48b8-9e07-b063961f5518,2e4657553ff7486d84e1ae1c10a0d34c,USGS-10010100,62614,00003,2015-06-08,4192.42,ft,Approved,,2025-03-11 21:31:41.809573+00:00
-112.49690297112,41.2552106532508,3f653f08-9c99-4a4b-96cd-3b921bdc6c18,2e4657553ff7486d84e1ae1c10a0d34c,USGS-10010100,62614,00003,2015-06-07,4192.42,ft,Approved,,2025-03-11 21:31:41.809573+00:00
-112.49690297112,41.2552106532508,6dcb879f-250f-4d6c-a0be-d4e1790638a6,2e4657553ff7486d84e1ae1c10a0d34c,USGS-10010100,62614,00003,2015-06-06,4192.44,ft,Approved,,2025-03-11 21:31:41.809573+00:00
-112.49690297112,41.2552106532508,2c5dd8b0-1bcf-4d64-a993-e745a54d6a45,2e4657553ff7486d84e1ae1c10a0d34c,USGS-10010100,62614,00003,2015-06-05,4192.53,ft,Approved,,2025-03-11 21:31:41.809573+00:00
-112.49690297112,41.2552106532508,7a542a56-9334-4db1-ad0e-226105f82b3c,2e4657553ff7486d84e1ae1c10a0d34c,USGS-10010100,62614,00003,2015-06-04,4192.51,ft,Approved,,2025-03-11 21:31:41.809573+00:00
-112.49690297112,41.2552106532508,4cb4d897-a8ed-4498-bac1-255d638e58a2,2e4657553ff7486d84e1ae1c10a0d34c,USGS-10010100,62614,00003,2015-06-03,4192.62,ft,Approved,,2025-03-11 21:31:41.809573+00:00
-112.49690297112,41.2552106532508,dae6780c-80a6-4275-a8df-b3e0bdcbbba2,2e4657553ff7486d84e1ae1c10a0d34c,USGS-10010100,62614,00003,2015-06-02,4192.55,ft,Approved,,2025-03-11 21:31:41.809573+00:00
-112.49690297112,41.2552106532508,201d8a91-732e-4d59-aafc-ad7ebcb70935,2e4657553ff7486d84e1ae1c10a0d34c,USGS-10010100,62614,00003,2015-06-01,4192.46,ft,Approved,,2025-03-11 21:31:41.809573+00:00
-112.49690297112,41.2552106532508,4f12447f-2d5e-43e7-b0b7-b8d8c0bf19fa,2e4657553ff7486d84e1ae1c10a0d34c,USGS-10010100,62614,00003,2015-05-31,4192.51,ft,Approved,,2025-03-11 21:31:41.809573+00:00
-112.49690297112,41.2552106532508,9a3118f7-7b51-4116-96e5-d778f8a5e7a2,2e4657553ff7486d84e1ae1c10a0d34c,USGS-10010100,62614,00003,2015-05-30,4192.49,ft,Approved,,2025-03-11 21:31:41.809573+00:00
-112.49690297112,41.2552106532508,2d62e777-1017-47c9-a565-c6f5a893df0e,2e4657553ff7486d84e1ae1c10a0d34c,USGS-10010100,62614,00003,2015-05-29,4192.52,ft,Approved,,2025-03-11 21:31:41.809573+00:00
-112.49690297112,41.2552106532508,97fa873d-ca32-4114-be5e-b8f94b19fe21,2e4657553ff7486d84e1ae1c10a0d34c,USGS-10010100,62614,00003,2015-05-28,4192.54,ft,Approved,,2025-03-11 21:31:41.809573+00:00
-112.49690297112,41.2552106532508,0c3bacce-0a55-4ddd-9a26-40b62da09bd5,2e4657553ff7486d84e1ae1c10a0d34c,USGS-10010100,62614,00003,2015-05-27,4192.52,ft,Approved,,2025-03-11 21:31:41.809573+00:00
-112.49690297112,41.2552106532508,d622edc7-bc13-4827-80f7-904d4608fd6b,2e4657553ff7486d84e1ae1c10a0d34c,USGS-10010100,62614,00003,2015-05-26,4192.48,ft,Approved,,2025-03-11 21:31:41.809573+00:00
-112.49690297112,41.2552106532508,9103db83-97cb-4358-a260-82c3d10ef0f7,2e4657553ff7486d84e1ae1c10a0d34c,USGS-10010100,62614,00003,2015-05-25,4192.50,ft,Approved,,2025-03-11 21:31:41.809573+00:00
-112.49690297112,41.2552106532508,2ce14b1b-3d96-46ac-a64c-d99fd222142c,2e4657553ff7486d84e1ae1c10a0d34c,USGS-10010100,62614,00003,2015-05-24,4192.50,ft,Approved,,2025-03-11 21:31:41.809573+00:00
-112.49690297112,41.2552106532508,8c1dc456-1763-4692-824f-0a016c4c42b6,2e4657553ff7486d84e1ae1c10a0d34c,USGS-10010100,62614,00003,2015-05-23,4192.42,ft,Approved,,2025-03-11 21:31:41.809573+00:00
-112.49690297112,41.2552106532508,82cdac07-b5e0-4bcf-86e0-b792ba5e73ab,2e4657553ff7486d84e1ae1c10a0d34c,USGS-10010100,62614,00003,2015-05-22,4192.39,ft,Approved,,2025-03-11 21:31:41.809573+00:00
-112.49690297112,41.2552106532508,5681bb37-dd1c-498a-b484-2c9e372f4973,2e4657553ff7486d84e1ae1c10a0d34c,USGS-10010100,62614,00003,2015-05-21,4192.35,ft,Approved,,2025-03-11 21:31:41.809573+00:00
-112.49690297112,41.2552106532508,5d4436cb-403f-4b2c-965b-b15115fbce50,2e4657553ff7486d84e1ae1c10a0d34c,USGS-10010100,62614,00003,2015-05-20,4192.38,ft,Approved,,2025-03-11 21:31:41.809573+00:00
-112.49690297112,41.2552106532508,e23bc072-c798-452d-bdd0-d147ceca87cb,2e4657553ff7486d84e1ae1c10a0d34c,USGS-10010100,62614,00003,2015-05-19,4192.39,ft,Approved,,2025-03-11 21:31:41.809573+00:00
-112.49690297112,41.2552106532508,45c0bb86-c5c0-4e67-8d3f-a539add16bf2,2e4657553ff7486d84e1ae1c10a0d34c,USGS-10010100,62614,00003,2015-05-18,4192.35,ft,Approved,,2025-03-11 21:31:41.809573+00:00
-112.49690297112,41.2552106532508,a7bc8572-73d6-4368-b347-025918709033,2e4657553ff7486d84e1ae1c10a0d34c,USGS-10010100,62614,00003,2015-05-17,4192.35,ft,Approved,,2025-03-11 21:31:41.809573+00:00
-112.49690297112,41.2552106532508,4862b9fe-7108-450a-8a16-cdb1187bc0af,2e4657553ff7486d84e1ae1c10a0d34c,USGS-10010100,62614,00003,2015-05-16,4192.24,ft,Approved,,2025-03-11 21:31:41.809573+00:00
-112.49690297112,41.2552106532508,54e71a2d-e472-4713-9129-576767c6c939,2e4657553ff7486d84e1ae1c10a0d34c,USGS-10010100,62614,00003,2015-05-15,4192.20,ft,Approved,,2025-03-11 21:31:41.809573+00:00
-112.49690297112,41.2552106532508,f959cf4c-8083-4985-a034-4bc537d7b773,2e4657553ff7486d84e1ae1c10a0d34c,USGS-10010100,62614,00003,2015-05-14,4192.13,ft,Approved,,2025-03-11 21:31:41.809573+00:00
-112.49690297112,41.2552106532508,97ffbfb8-b5a7-49a3-b44f-c23f1664eee5,2e4657553ff7486d84e1ae1c10a0d34c,USGS-10010100,62614,00003,2015-05-13,4192.32,ft,Approved,,2025-03-11 21:31:41.809573+00:00
-112.49690297112,41.2552106532508,7fadb566-9195-4bbd-bbc5-a5f94784a141,2e4657553ff7486d84e1ae1c10a0d34c,USGS-10010100,62614,00003,2015-05-12,4192.20,ft,Approved,,2025-03-11 21:31:41.809573+00:00
-112.49690297112,41.2552106532508,2223314c-7295-4522-823e-857045f8797b,2e4657553ff7486d84e1ae1c10a0d34c,USGS-10010100,62614,00003,2015-05-11,4192.19,ft,Approved,,2025-03-11 21:31:41.809573+00:00
-112.49690297112,41.2552106532508,9a1a3ec1-bce5-4055-85ce-58c26e9fee99,2e4657553ff7486d84e1ae1c10a0d34c,USGS-10010100,62614,00003,2015-05-10,4192.35,ft,Approved,,2025-03-11 21:31:41.809573+00:00
-112.49690297112,41.2552106532508,88d4c672-29d9-4e97-b6fc-406607a3b356,2e4657553ff7486d84e1ae1c10a0d34c,USGS-10010100,62614,00003,2015-05-09,4192.38,ft,Approved,,2025-03-11 21:31:41.809573+00:00
-112.49690297112,41.2552106532508,44d108f9-ecf6-4377-9d31-640170e99e1e,2e4657553ff7486d84e1ae1c10a0d34c,USGS-10010100,62614,00003,2015-05-08,4192.32,ft,Approved,,2025-03-11 21:31:41.809573+00:00
-112.49690297112,41.2552106532508,6d21eadf-975e-45f4-b149-37e21a6e1483,2e4657553ff7486d84e1ae1c10a0d34c,USGS-10010100,62614,00003,2015-05-07,4192.28,ft,Approved,,2025-03-11 21:31:41.809573+00:00
-112.49690297112,41.2552106532508,30c975ed-0c92-47a4-92f7-5422265ad0ec,2e4657553ff7486d84e1ae1c10a0d34c,USGS-10010100,62614,00003,2015-05-06,4192.28,ft,Approved,,2025-03-11 21:31:41.809573+00:00
-112.49690297112,41.2552106532508,e97d3217-edaa-450a-b170-8ad54b17ac56,2e4657553ff7486d84e1ae1c10a0d34c,USGS-10010100,62614,00003,2015-05-05,4192.26,ft,Approved,,2025-03-11 21:31:41.809573+00:00
-112.49690297112,41.2552106532508,c00b6138-3f1d-4e16-af1f-8330ee5dd533,2e4657553ff7486d84e1ae1c10a0d34c,USGS-10010100,62614,00003,2015-05-04,4192.22,ft,Approved,,2025-03-11 21:31:41.809573+00:00
-112.49690297112,41.2552106532508,1f9598ff-fc27-44fd-a9ae-368cf3bb5cde,2e4657553ff7486d84e1ae1c10a0d34c,USGS-10010100,62614,00003,2015-05-03,4192.28,ft,Approved,,2025-03-11 21:31:41.809573+00:00
-112.49690297112,41.2552106532508,d641c315-47e4-4f71-aa76-03e45b583c9f,2e4657553ff7486d84e1ae1c10a0d34c,USGS-10010100,62614,00003,2015-05-02,4192.28,ft,Approved,,2025-03-11 21:31:41.809573+00:00
-112.49690297112,41.2552106532508,59d263e7-c425-40c1-951b-62fe0cd71a6d,2e4657553ff7486d84e1ae1c10a0d34c,USGS-10010100,62614,00003,2015-05-01,4192.31,ft,Approved,,2025-03-11 21:31:41.809573+00:00
-112.49690297112,41.2552106532508,c7d5b8eb-18b2-41d3-8a36-5ccc436cb193,2e4657553ff7486d84e1ae1c10a0d34c,USGS-10010100,62614,00003,2015-04-30,4192.43,ft,Approved,,2025-03-11 21:31:41.809573+00:00
-112.49690297112,41.2552106532508,f0225407-57dc-40f6-acbb-87f85460bc8b,2e4657553ff7486d84e1ae1c10a0d34c,USGS-10010100,62614,00003,2015-04-29,4192.29,ft,Approved,,2025-03-11 21:31:41.809573+00:00
-112.49690297112,41.2552106532508,4559fbbf-baa5-45ea-9b9c-184adce89220,2e4657553ff7486d84e1ae1c10a0d34c,USGS-10010100,62614,00003,2015-04-28,4192.32,ft,Approved,,2025-03-11 21:31:41.809573+00:00
-112.49690297112,41.2552106532508,0b50b340-5e9b-44a0-89b9-0e86e73e051e,2e4657553ff7486d84e1ae1c10a0d34c,USGS-10010100,62614,00003,2015-04-27,4192.40,ft,Approved,,2025-03-11 21:31:41.809573+00:00
-112.49690297112,41.2552106532508,1caaa6a4-dbec-4cc2-b5fb-59fc73bcb1e1,2e4657553ff7486d84e1ae1c10a0d34c,USGS-10010100,62614,00003,2015-04-26,4192.41,ft,Approved,,2025-03-11 21:31:41.809573+00:00
-112.49690297112,41.2552106532508,5300c09b-3b0a-4ae6-a76d-6d9298da384e,2e4657553ff7486d84e1ae1c10a0d34c,USGS-10010100,62614,00003,2015-04-25,4192.35,ft,Approved,,2025-03-11 21:31:41.809573+00:00
-112.49690297112,41.2552106532508,4dc4706c-a942-42bb-b1fb-63e8a5d4bf40,2e4657553ff7486d84e1ae1c10a0d34c,USGS-10010100,62614,00003,2015-04-24,4192.33,ft,Approved,,2025-03-11 21:31:41.809573+00:00
-112.49690297112,41.2552106532508,ea0f9fa0-0e90-49c3-90db-540d0f09d310,2e4657553ff7486d84e1ae1c10a0d34c,USGS-10010100,62614,00003,2015-04-23,4192.31,ft,Approved,,2025-03-11 21:31:41.809573+00:00
-112.49690297112,41.2552106532508,f576e090-34d8-4dac-be3e-8a99311a5e43,2e4657553ff7486d84e1ae1c10a0d34c,USGS-10010100,62614,00003,2015-04-22,4192.28,ft,Approved,,2025-03-11 21:31:41.809573+00:00
-112.49690297112,41.2552106532508,8ffb1c07-1041-4b77-9795-5ed022929d58,2e4657553ff7486d84e1ae1c10a0d34c,USGS-10010100,62614,00003,2015-04-21,4192.32,ft,Approved,,2025-03-11 21:31:41.809573+00:00
-112.49690297112,41.2552106532508,e194736e-595d-4ff5-b86a-ce5b56ce1a7d,2e4657553ff7486d84e1ae1c10a0d34c,USGS-10010100,62614,00003,2015-04-20,4192.35,ft,Approved,,2025-03-11 21:31:41.809573+00:00
-112.49690297112,41.2552106532508,fa5bd098-a048-449d-9f44-cab0d3cb0b9d,2e4657553ff7486d84e1ae1c10a0d34c,USGS-10010100,62614,00003,2015-04-19,4192.40,ft,Approved,,2025-03-11 21:31:41.809573+00:00
-112.49690297112,41.2552106532508,d1a78c47-477d-4e8f-801c-59bdba11f94f,2e4657553ff7486d84e1ae1c10a0d34c,USGS-10010100,62614,00003,2015-04-18,4192.36,ft,Approved,,2025-03-11 21:31:41.809573+00:00
-112.49690297112,41.2552106532508,06fb1101-b052-4ad4-8836-34e1c505280b,2e4657553ff7486d84e1ae1c10a0d34c,USGS-10010100,62614,00003,2015-04-17,4192.37,ft,Approved,,2025-03-11 21:31:41.809573+00:00
-112.49690297112,41.2552106532508,9c979c74-6bfc-4613-81d2-bacc9d6f3f69,2e4657553ff7486d84e1ae1c10a0d34c,USGS-10010100,62614,00003,2015-04-16,4192.37,ft,Approved,,2025-03-11 21:31:41.809573+00:00
-112.49690297112,41.2552106532508,e9ff8ba1-a5c8-4623-9b00-2c13ad0ebb08,2e4657553ff7486d84e1ae1c10a0d34c,USGS-10010100,62614,00003,2015-04-15,4192.41,ft,Approved,,2025-03-11 21:31:41.809573+00:00
-112.49690297112,41.2552106532508,f0e715c4-b7a8-48ce-b955-1a6083d47f3d,2e4657553ff7486d84e1ae1c10a0d34c,USGS-10010100,62614,00003,2015-04-14,4192.39,ft,Approved,,2025-03-11 21:31:41.809573+00:00
-112.49690297112,41.2552106532508,5b2bbf86-82d2-4d14-9a1b-dc87c9485688,2e4657553ff7486d84e1ae1c10a0d34c,USGS-10010100,62614,00003,2015-04-13,4192.37,ft,Approved,,2025-03-11 21:31:41.809573+00:00
-112.49690297112,41.2552106532508,f6181e1c-cc9a-4589-ba7e-95c688b425be,2e4657553ff7486d84e1ae1c10a0d34c,USGS-10010100,62614,00003,2015-04-12,4192.41,ft,Approved,,2025-03-11 21:31:41.809573+00:00
-112.49690297112,41.2552106532508,38bfc2f2-85f2-4a24-bcdd-d86b936c0bfd,2e4657553ff7486d84e1ae1c10a0d34c,USGS-10010100,62614,00003,2015-04-11,4192.43,ft,Approved,,2025-03-11 21:31:41.809573+00:00
-112.49690297112,41.2552106532508,06ba91de-bd9e-4ac8-ba7a-b9902ce155bb,2e4657553ff7486d84e1ae1c10a0d34c,USGS-10010100,62614,00003,2015-04-10,4192.41,ft,Approved,,2025-03-11 21:31:41.809573+00:00
-112.49690297112,41.2552106532508,11d58576-d388-484a-af91-bab30868d9b9,2e4657553ff7486d84e1ae1c10a0d34c,USGS-10010100,62614,00003,2015-04-09,4192.40,ft,Approved,,2025-03-11 21:31:41.809573+00:00
-112.49690297112,41.2552106532508,2a101e20-0802-4450-9717-465e3d7b5e14,2e4657553ff7486d84e1ae1c10a0d34c,USGS-10010100,62614,00003,2015-04-08,4192.38,ft,Approved,,2025-03-11 21:31:41.809573+00:00
-112.49690297112,41.2552106532508,88429d24-ff42-4298-819b-7d9b06904455,2e4657553ff7486d84e1ae1c10a0d34c,USGS-10010100,62614,00003,2015-04-07,4192.38,ft,Approved,,2025-03-11 21:31:41.809573+00:00
-112.49690297112,41.2552106532508,309e8e2f-e473-4426-a7e7-8bc5c20c3ad6,2e4657553ff7486d84e1ae1c10a0d34c,USGS-10010100,62614,00003,2015-04-06,4192.55,ft,Approved,,2025-03-11 21:31:41.809573+00:00
-112.49690297112,41.2552106532508,12b1335d-b098-4ab9-9331-4d6ccdc8a05c,2e4657553ff7486d84e1ae1c10a0d34c,USGS-10010100,62614,00003,2015-04-05,4192.51,ft,Approved,,2025-03-11 21:31:41.809573+00:00
-112.49690297112,41.2552106532508,b3c7ecb9-c20b-40d0-9aaa-057e590d1e50,2e4657553ff7486d84e1ae1c10a0d34c,USGS-10010100,62614,00003,2015-04-04,4192.46,ft,Approved,,2025-03-11 21:31:41.809573+00:00
-112.49690297112,41.2552106532508,4e68f137-0128-4b74-85bc-f7a44cb87727,2e4657553ff7486d84e1ae1c10a0d34c,USGS-10010100,62614,00003,2015-04-03,4192.45,ft,Approved,,2025-03-11 21:31:41.809573+00:00
-112.49690297112,41.2552106532508,5bcfa674-8027-4e4e-a35b-b688e6f7d723,2e4657553ff7486d84e1ae1c10a0d34c,USGS-10010100,62614,00003,2015-04-02,4192.54,ft,Approved,,2025-03-11 21:31:41.809573+00:00
-112.49690297112,41.2552106532508,ce35251a-14b5-4a9e-8c44-b2b0a2a7ac09,2e4657553ff7486d84e1ae1c10a0d34c,USGS-10010100,62614,00003,2015-04-01,4192.54,ft,Approved,,2025-03-11 21:31:41.809573+00:00
-112.49690297112,41.2552106532508,da5a34fe-04f8-4260-afdd-15859758b6e1,2e4657553ff7486d84e1ae1c10a0d34c,USGS-10010100,62614,00003,2015-03-31,4192.54,ft,Approved,,2025-03-11 21:31:41.809573+00:00
-112.49690297112,41.2552106532508,6762990b-db16-4ed5-88dc-8b1540f48d7d,2e4657553ff7486d84e1ae1c10a0d34c,USGS-10010100,62614,00003,2015-03-30,4192.52,ft,Approved,,2025-03-11 21:31:41.809573+00:00
-112.49690297112,41.2552106532508,f6a5d332-a3c1-4f49-9f72-bebc91497306,2e4657553ff7486d84e1ae1c10a0d34c,USGS-10010100,62614,00003,2015-03-29,4192.55,ft,Approved,,2025-03-11 21:31:41.809573+00:00
-112.49690297112,41.2552106532508,b0cc705a-4541-486f-9a59-91fe4576bf46,2e4657553ff7486d84e1ae1c10a0d34c,USGS-10010100,62614,00003,2015-03-28,4192.53,ft,Approved,,2025-03-11 21:31:41.809573+00:00
-112.49690297112,41.2552106532508,6d42ca65-ab6c-45fe-a05f-9d187651180a,2e4657553ff7486d84e1ae1c10a0d34c,USGS-10010100,62614,00003,2015-03-27,4192.50,ft,Approved,,2025-03-11 21:31:41.809573+00:00
-112.49690297112,41.2552106532508,3c8bde8e-2b68-4461-a825-018a6bfedb60,2e4657553ff7486d84e1ae1c10a0d34c,USGS-10010100,62614,00003,2015-03-26,4192.52,ft,Approved,,2025-03-11 21:31:41.809573+00:00
-112.49690297112,41.2552106532508,7437dc6a-45eb-4f54-9acb-5cb0555c6cff,2e4657553ff7486d84e1ae1c10a0d34c,USGS-10010100,62614,00003,2015-03-25,4192.55,ft,Approved,,2025-03-11 21:31:41.809573+00:00
-112.49690297112,41.2552106532508,73efe582-6e20-4288-a943-3113f82d8bc5,2e4657553ff7486d84e1ae1c10a0d34c,USGS-10010100,62614,00003,2015-03-24,4192.57,ft,Approved,,2025-03-11 21:31:41.809573+00:00
-112.49690297112,41.2552106532508,eebe8826-d08b-4bab-ab97-61fa1b0a3b8d,2e4657553ff7486d84e1ae1c10a0d34c,USGS-10010100,62614,00003,2015-03-23,4192.60,ft,Approved,,2025-03-11 21:31:41.809573+00:00
-112.49690297112,41.2552106532508,9e83574b-9355-4a07-8e92-88af4903f949,2e4657553ff7486d84e1ae1c10a0d34c,USGS-10010100,62614,00003,2015-03-22,4192.56,ft,Approved,,2025-03-11 21:31:41.809573+00:00
-112.49690297112,41.2552106532508,de7caa13-f08f-40b4-a351-abd737dea02b,2e4657553ff7486d84e1ae1c10a0d34c,USGS-10010100,62614,00003,2015-03-21,4192.56,ft,Approved,,2025-03-11 21:31:41.809573+00:00
-112.49690297112,41.2552106532508,23f6d788-89e7-4cde-9067-1149e2e7c290,2e4657553ff7486d84e1ae1c10a0d34c,USGS-10010100,62614,00003,2015-03-20,4192.54,ft,Approved,,2025-03-11 21:31:41.809573+00:00
-112.49690297112,41.2552106532508,9f6ad024-0f4c-4dbd-aa72-d181d3aa7206,2e4657553ff7486d84e1ae1c10a0d34c,USGS-10010100,62614,00003,2015-03-19,4192.60,ft,Approved,,2025-03-11 21:31:41.809573+00:00
-112.49690297112,41.2552106532508,1c827338-6201-4111-ace5-18557ad0e906,2e4657553ff7486d84e1ae1c10a0d34c,USGS-10010100,62614,00003,2015-03-18,4192.60,ft,Approved,,2025-03-11 21:31:41.809573+00:00
-112.49690297112,41.2552106532508,51841902-e377-4317-8ebd-cbfe91617830,2e4657553ff7486d84e1ae1c10a0d34c,USGS-10010100,62614,00003,2015-03-17,4192.57,ft,Approved,,2025-03-11 21:31:41.809573+00:00
-112.49690297112,41.2552106532508,6faab5d5-103a-47cc-aed1-5b8d29a0bb9a,2e4657553ff7486d84e1ae1c10a0d34c,USGS-10010100,62614,00003,2015-03-16,4192.56,ft,Approved,,2025-03-11 21:31:41.809573+00:00
-112.49690297112,41.2552106532508,c628a50b-9f84-4633-872c-41670850122d,2e4657553ff7486d84e1ae1c10a0d34c,USGS-10010100,62614,00003,2015-03-15,4192.53,ft,Approved,,2025-03-11 21:31:41.809573+00:00
-112.49690297112,41.2552106532508,79fc77a1-dfa4-4f90-a1ef-c6235d54a86a,2e4657553ff7486d84e1ae1c10a0d34c,USGS-10010100,62614,00003,2015-03-14,4192.54,ft,Approved,,2025-03-11 21:31:41.809573+00:00
-112.49690297112,41.2552106532508,7447aa31-cd45-4be9-902c-139ccc4a51c2,2e4657553ff7486d84e1ae1c10a0d34c,USGS-10010100,62614,00003,2015-03-13,4192.58,ft,Approved,,2025-03-11 21:31:41.809573+00:00
-112.49690297112,41.2552106532508,311af38f-71bf-4f19-853d-aa15b7ab04bb,2e4657553ff7486d84e1ae1c10a0d34c,USGS-10010100,62614,00003,2015-03-12,4192.56,ft,Approved,,2025-03-11 21:31:41.809573+00:00
-112.49690297112,41.2552106532508,a6c78a48-5ed5-46ad-818b-0605657c093d,2e4657553ff7486d84e1ae1c10a0d34c,USGS-10010100,62614,00003,2015-03-11,4192.54,ft,Approved,,2025-03-11 21:31:41.809573+00:00
-112.49690297112,41.2552106532508,fd99607d-9ab6-4d4b-8746-ba54a54bf42c,2e4657553ff7486d84e1ae1c10a0d34c,USGS-10010100,62614,00003,2015-03-10,4192.54,ft,Approved,,2025-03-11 21:31:41.809573+00:00
-112.49690297112,41.2552106532508,b969ac95-bda5-4dad-a8ce-d5af659089ad,2e4657553ff7486d84e1ae1c10a0d34c,USGS-10010100,62614,00003,2015-03-09,4192.54,ft,Approved,,2025-03-11 21:31:41.809573+00:00
-112.49690297112,41.2552106532508,634b51b2-f462-4a94-be11-1d236c26e246,2e4657553ff7486d84e1ae1c10a0d34c,USGS-10010100,62614,00003,2015-03-08,4192.55,ft,Approved,,2025-03-11 21:31:41.809573+00:00
-112.49690297112,41.2552106532508,4d0fbf13-7c17-42ee-ab48-2a5f7c7af460,2e4657553ff7486d84e1ae1c10a0d34c,USGS-10010100,62614,00003,2015-03-07,4192.54,ft,Approved,,2025-03-11 21:31:41.809573+00:00
-112.49690297112,41.2552106532508,22be16b7-0c58-47c1-8b11-796c399f5ecc,2e4657553ff7486d84e1ae1c10a0d34c,USGS-10010100,62614,00003,2015-03-06,4192.53,ft,Approved,,2025-03-11 21:31:41.809573+00:00
-112.49690297112,41.2552106532508,2b0e37a3-be65-4c8b-bf69-5e949840993c,2e4657553ff7486d84e1ae1c10a0d34c,USGS-10010100,62614,00003,2015-03-05,4192.51,ft,Approved,,2025-03-11 21:31:41.809573+00:00
-112.49690297112,41.2552106532508,1cb0be3a-52ee-4122-808c-90fca1c67643,2e4657553ff7486d84e1ae1c10a0d34c,USGS-10010100,62614,00003,2015-03-04,4192.56,ft,Approved,,2025-03-11 21:31:41.809573+00:00
-112.49690297112,41.2552106532508,68040c6d-8907-4192-95dd-b01ad82e3b38,2e4657553ff7486d84e1ae1c10a0d34c,USGS-10010100,62614,00003,2015-03-03,4192.59,ft,Approved,,2025-03-11 21:31:41.809573+00:00
-112.49690297112,41.2552106532508,6117ff93-58b3-46c6-a184-91259e7a49f6,2e4657553ff7486d84e1ae1c10a0d34c,USGS-10010100,62614,00003,2015-03-02,4192.54,ft,Approved,,2025-03-11 21:31:41.809573+00:00
-112.49690297112,41.2552106532508,c710c77d-86e7-4ea0-a2cd-e87c59d8b429,2e4657553ff7486d84e1ae1c10a0d34c,USGS-10010100,62614,00003,2015-03-01,4192.56,ft,Approved,,2025-03-11 21:31:41.809573+00:00
-112.49690297112,41.2552106532508,ea154a78-9a31-4222-bcd6-d5805a53a277,2e4657553ff7486d84e1ae1c10a0d34c,USGS-10010100,62614,00003,2015-02-28,4192.51,ft,Approved,,2025-03-11 21:31:41.809573+00:00
-112.49690297112,41.2552106532508,1627ae47-0d4e-4d77-8202-8aa55996a5dc,2e4657553ff7486d84e1ae1c10a0d34c,USGS-10010100,62614,00003,2015-02-27,4192.51,ft,Approved,,2025-03-11 21:31:41.809573+00:00
-112.49690297112,41.2552106532508,252f0d98-eb9c-4557-84b5-96b381c39e4f,2e4657553ff7486d84e1ae1c10a0d34c,USGS-10010100,62614,00003,2015-02-26,4192.55,ft,Approved,,2025-03-11 21:31:41.809573+00:00
-112.49690297112,41.2552106532508,50a33b20-2ba8-46c6-a03c-27ad9cb633fb,2e4657553ff7486d84e1ae1c10a0d34c,USGS-10010100,62614,00003,2015-02-25,4192.53,ft,Approved,,2025-03-11 21:31:41.809573+00:00
-112.49690297112,41.2552106532508,13aeccae-b135-486f-a3be-e965748be28d,2e4657553ff7486d84e1ae1c10a0d34c,USGS-10010100,62614,00003,2015-02-24,4192.57,ft,Approved,,2025-03-11 21:31:41.809573+00:00
-112.49690297112,41.2552106532508,ebe99e2d-3b66-450d-9809-9ed476557494,2e4657553ff7486d84e1ae1c10a0d34c,USGS-10010100,62614,00003,2015-02-23,4192.56,ft,Approved,,2025-03-11 21:31:41.809573+00:00
-112.49690297112,41.2552106532508,f7e98ef4-8b59-436c-ac01-1908e0513215,2e4657553ff7486d84e1ae1c10a0d34c,USGS-10010100,62614,00003,2015-02-22,4192.63,ft,Approved,,2025-03-11 21:31:41.809573+00:00
-112.49690297112,41.2552106532508,50dca860-defe-41f0-b900-a8db381c1777,2e4657553ff7486d84e1ae1c10a0d34c,USGS-10010100,62614,00003,2015-02-21,4192.60,ft,Approved,,2025-03-11 21:31:41.809573+00:00
-112.49690297112,41.2552106532508,f8bf8e04-9b05-45e2-920b-e5eb851ae5fd,2e4657553ff7486d84e1ae1c10a0d34c,USGS-10010100,62614,00003,2015-02-20,4192.60,ft,Approved,,2025-03-11 21:31:41.809573+00:00
-112.49690297112,41.2552106532508,447183e0-b30f-42e4-bccd-75e2a0655067,2e4657553ff7486d84e1ae1c10a0d34c,USGS-10010100,62614,00003,2015-02-19,4192.57,ft,Approved,,2025-03-11 21:31:41.809573+00:00
-112.49690297112,41.2552106532508,48a8c99d-17ca-42b0-92f6-9149b0e488a7,2e4657553ff7486d84e1ae1c10a0d34c,USGS-10010100,62614,00003,2015-02-18,4192.59,ft,Approved,,2025-03-11 21:31:41.809573+00:00
-112.49690297112,41.2552106532508,e74676de-4e0c-4cfa-8b70-ad9c7de22b06,2e4657553ff7486d84e1ae1c10a0d34c,USGS-10010100,62614,00003,2015-02-17,4192.58,ft,Approved,,2025-03-11 21:31:41.809573+00:00
-112.49690297112,41.2552106532508,f2c73d92-72c5-4798-bf3b-28a53f069653,2e4657553ff7486d84e1ae1c10a0d34c,USGS-10010100,62614,00003,2015-02-16,4192.66,ft,Approved,,2025-03-11 21:31:41.809573+00:00
-112.49690297112,41.2552106532508,bcc6a418-b96b-49d5-aad1-ceaaef4e2284,2e4657553ff7486d84e1ae1c10a0d34c,USGS-10010100,62614,00003,2015-02-15,4192.62,ft,Approved,,2025-03-11 21:31:41.809573+00:00
-112.49690297112,41.2552106532508,13c3bfda-9108-4350-a6f1-5a25252aacbd,2e4657553ff7486d84e1ae1c10a0d34c,USGS-10010100,62614,00003,2015-02-14,4192.59,ft,Approved,,2025-03-11 21:31:41.809573+00:00
-112.49690297112,41.2552106532508,d877ec15-047d-40d4-82a0-cddf6767d3f0,2e4657553ff7486d84e1ae1c10a0d34c,USGS-10010100,62614,00003,2015-02-13,4192.59,ft,Approved,,2025-03-11 21:31:41.809573+00:00
-112.49690297112,41.2552106532508,9399cba9-667b-4f12-a7bd-69546bf26480,2e4657553ff7486d84e1ae1c10a0d34c,USGS-10010100,62614,00003,2015-02-12,4192.58,ft,Approved,,2025-03-11 21:31:41.809573+00:00
-112.49690297112,41.2552106532508,5c89a3cf-1b85-4ecf-97a1-80b80c4120ad,2e4657553ff7486d84e1ae1c10a0d34c,USGS-10010100,62614,00003,2015-02-11,4192.58,ft,Approved,,2025-03-11 21:31:41.809573+00:00
-112.49690297112,41.2552106532508,7827747a-dbf6-4263-aced-cad4a8e22bc2,2e4657553ff7486d84e1ae1c10a0d34c,USGS-10010100,62614,00003,2015-02-10,4192.59,ft,Approved,,2025-03-11 21:31:41.809573+00:00
-112.49690297112,41.2552106532508,d05cace7-55ad-4863-a123-3739d4fe3f48,2e4657553ff7486d84e1ae1c10a0d34c,USGS-10010100,62614,00003,2015-02-09,4192.55,ft,Approved,,2025-03-11 21:31:41.809573+00:00
-112.49690297112,41.2552106532508,fd559829-bdf1-44f2-95b6-f3d285e22467,2e4657553ff7486d84e1ae1c10a0d34c,USGS-10010100,62614,00003,2015-02-08,4192.56,ft,Approved,,2025-03-11 21:31:41.809573+00:00
-112.49690297112,41.2552106532508,e59b86c4-b9e6-4b8c-9741-0b1f4d8cadc4,2e4657553ff7486d84e1ae1c10a0d34c,USGS-10010100,62614,00003,2015-02-07,4192.52,ft,Approved,,2025-03-11 21:31:41.809573+00:00
-112.49690297112,41.2552106532508,041af002-b57a-440d-a91b-ab8c6675c3a0,2e4657553ff7486d84e1ae1c10a0d34c,USGS-10010100,62614,00003,2015-02-06,4192.52,ft,Approved,,2025-03-11 21:31:41.809573+00:00
-112.49690297112,41.2552106532508,b406fb9d-11e5-4850-9ec0-7e763247e9b9,2e4657553ff7486d84e1ae1c10a0d34c,USGS-10010100,62614,00003,2015-02-05,4192.57,ft,Approved,,2025-03-11 21:31:41.809573+00:00
-112.49690297112,41.2552106532508,110cc260-b11b-417a-beef-791138675c6e,2e4657553ff7486d84e1ae1c10a0d34c,USGS-10010100,62614,00003,2015-02-04,4192.55,ft,Approved,,2025-03-11 21:31:41.809573+00:00
-112.49690297112,41.2552106532508,de510ebd-0593-4c6a-874c-73a817478c22,2e4657553ff7486d84e1ae1c10a0d34c,USGS-10010100,62614,00003,2015-02-03,4192.56,ft,Approved,,2025-03-11 21:31:41.809573+00:00
-112.49690297112,41.2552106532508,79b34bda-ff21-4357-9816-431913bc1bc4,2e4657553ff7486d84e1ae1c10a0d34c,USGS-10010100,62614,00003,2015-02-02,4192.55,ft,Approved,,2025-03-11 21:31:41.809573+00:00
-112.49690297112,41.2552106532508,3cb08c0a-1ad4-4fca-987c-3f15c81e9c96,2e4657553ff7486d84e1ae1c10a0d34c,USGS-10010100,62614,00003,2015-02-01,4192.56,ft,Approved,,2025-03-11 21:31:41.809573+00:00
-112.49690297112,41.2552106532508,c974135f-6caa-4330-a18d-cc656d505819,2e4657553ff7486d84e1ae1c10a0d34c,USGS-10010100,62614,00003,2015-01-31,4192.70,ft,Approved,,2025-03-11 21:31:41.809573+00:00
-112.49690297112,41.2552106532508,b293177e-1c9c-4e06-a286-2b63a116669e,2e4657553ff7486d84e1ae1c10a0d34c,USGS-10010100,62614,00003,2015-01-30,4192.64,ft,Approved,,2025-03-11 21:31:41.809573+00:00
-112.49690297112,41.2552106532508,47cdb790-099b-4dfb-9d57-b87a38a18bcc,2e4657553ff7486d84e1ae1c10a0d34c,USGS-10010100,62614,00003,2015-01-29,4192.59,ft,Approved,,2025-03-11 21:31:41.809573+00:00
-112.49690297112,41.2552106532508,45b40dd8-47bd-4a84-9c76-02e470ee12da,2e4657553ff7486d84e1ae1c10a0d34c,USGS-10010100,62614,00003,2015-01-28,4192.56,ft,Approved,,2025-03-11 21:31:41.809573+00:00
-112.49690297112,41.2552106532508,30968c4b-e2b8-423b-b59e-2f4b05b66307,2e4657553ff7486d84e1ae1c10a0d34c,USGS-10010100,62614,00003,2015-01-27,4192.54,ft,Approved,,2025-03-11 21:31:41.809573+00:00
-112.49690297112,41.2552106532508,3c40ddf7-25c9-47e3-837d-34fdef97339a,2e4657553ff7486d84e1ae1c10a0d34c,USGS-10010100,62614,00003,2015-01-26,4192.54,ft,Approved,,2025-03-11 21:31:41.809573+00:00
-112.49690297112,41.2552106532508,62ca6eb6-c81e-47af-862e-5273becdc99d,2e4657553ff7486d84e1ae1c10a0d34c,USGS-10010100,62614,00003,2015-01-25,4192.55,ft,Approved,,2025-03-11 21:31:41.809573+00:00
-112.49690297112,41.2552106532508,065d04d0-13a2-4f8c-b3ea-0114d203ddce,2e4657553ff7486d84e1ae1c10a0d34c,USGS-10010100,62614,00003,2015-01-24,4192.54,ft,Approved,,2025-03-11 21:31:41.809573+00:00
-112.49690297112,41.2552106532508,b5839744-4940-44ad-a299-b164ec13f168,2e4657553ff7486d84e1ae1c10a0d34c,USGS-10010100,62614,00003,2015-01-23,4192.57,ft,Approved,,2025-03-11 21:31:41.809573+00:00
-112.49690297112,41.2552106532508,0d251b88-a131-44fc-b39d-8222c4225494,2e4657553ff7486d84e1ae1c10a0d34c,USGS-10010100,62614,00003,2015-01-22,4192.56,ft,Approved,,2025-03-11 21:31:41.809573+00:00
-112.49690297112,41.2552106532508,afeb45cb-e533-4a6b-910a-67d0f5251d19,2e4657553ff7486d84e1ae1c10a0d34c,USGS-10010100,62614,00003,2015-01-21,4192.63,ft,Approved,,2025-03-11 21:31:41.809573+00:00
-112.49690297112,41.2552106532508,29b1cfb8-646d-404a-a650-cd4cd956e92a,2e4657553ff7486d84e1ae1c10a0d34c,USGS-10010100,62614,00003,2015-01-20,4192.59,ft,Approved,,2025-03-11 21:31:41.809573+00:00
-112.49690297112,41.2552106532508,e23ff588-c9cd-4019-8714-6d6fcdc5c95c,2e4657553ff7486d84e1ae1c10a0d34c,USGS-10010100,62614,00003,2015-01-19,4192.55,ft,Approved,,2025-03-11 21:31:41.809573+00:00
-112.49690297112,41.2552106532508,f65cf93e-85f8-4458-bdec-8f6b7602635c,2e4657553ff7486d84e1ae1c10a0d34c,USGS-10010100,62614,00003,2015-01-18,4192.53,ft,Approved,,2025-03-11 21:31:41.809573+00:00
-112.49690297112,41.2552106532508,22b33750-f529-4a53-97cc-252a47ccc9dd,2e4657553ff7486d84e1ae1c10a0d34c,USGS-10010100,62614,00003,2015-01-17,4192.52,ft,Approved,,2025-03-11 21:31:41.809573+00:00
-112.49690297112,41.2552106532508,c5523545-cdee-469a-adea-ec43cac6383d,2e4657553ff7486d84e1ae1c10a0d34c,USGS-10010100,62614,00003,2015-01-16,4192.52,ft,Approved,,2025-03-11 21:31:41.809573+00:00
-112.49690297112,41.2552106532508,ce1e8f82-a145-44fa-bfd3-0c97517046b5,2e4657553ff7486d84e1ae1c10a0d34c,USGS-10010100,62614,00003,2015-01-15,4192.55,ft,Approved,,2025-03-11 21:31:41.809573+00:00
-112.49690297112,41.2552106532508,4bd9cc7f-6113-4e04-ac25-ba2b93cb1fda,2e4657553ff7486d84e1ae1c10a0d34c,USGS-10010100,62614,00003,2015-01-14,4192.60,ft,Approved,,2025-03-11 21:31:41.809573+00:00
-112.49690297112,41.2552106532508,1be293dc-90f7-4576-b5ef-5685084721c8,2e4657553ff7486d84e1ae1c10a0d34c,USGS-10010100,62614,00003,2015-01-13,4192.74,ft,Approved,,2025-03-11 21:31:41.809573+00:00
-112.49690297112,41.2552106532508,79f8a8ad-e58b-493f-8d70-f0ef96c60824,2e4657553ff7486d84e1ae1c10a0d34c,USGS-10010100,62614,00003,2015-01-12,4192.51,ft,Approved,,2025-03-11 21:31:41.809573+00:00
-112.49690297112,41.2552106532508,5d878973-9e1c-40a7-b374-2d99e3c7fb94,2e4657553ff7486d84e1ae1c10a0d34c,USGS-10010100,62614,00003,2015-01-11,4192.48,ft,Approved,,2025-03-11 21:31:41.809573+00:00
-112.49690297112,41.2552106532508,0aa17dd7-22af-482c-8f92-ec89180f14fd,2e4657553ff7486d84e1ae1c10a0d34c,USGS-10010100,62614,00003,2015-01-10,4192.49,ft,Approved,,2025-03-11 21:31:41.809573+00:00
-112.49690297112,41.2552106532508,68f95d22-792b-4bb9-8072-96cfbee02e4b,2e4657553ff7486d84e1ae1c10a0d34c,USGS-10010100,62614,00003,2015-01-09,4192.49,ft,Approved,,2025-03-11 21:31:41.809573+00:00
-112.49690297112,41.2552106532508,60372788-5254-4493-a20b-30fb90c6dc47,2e4657553ff7486d84e1ae1c10a0d34c,USGS-10010100,62614,00003,2015-01-08,4192.48,ft,Approved,,2025-03-11 21:31:41.809573+00:00
-112.49690297112,41.2552106532508,e199883b-d497-46fd-a134-fc8b77153476,2e4657553ff7486d84e1ae1c10a0d34c,USGS-10010100,62614,00003,2015-01-07,4192.48,ft,Approved,,2025-03-11 21:31:41.809573+00:00
-112.49690297112,41.2552106532508,b341020c-9398-4c9e-ad49-c123231ad13c,2e4657553ff7486d84e1ae1c10a0d34c,USGS-10010100,62614,00003,2015-01-06,4192.48,ft,Approved,,2025-03-11 21:31:41.809573+00:00
-112.49690297112,41.2552106532508,9652dc04-31df-4f0a-8803-61a9cce80076,2e4657553ff7486d84e1ae1c10a0d34c,USGS-10010100,62614,00003,2015-01-05,4192.46,ft,Approved,,2025-03-11 21:31:41.809573+00:00
-112.49690297112,41.2552106532508,b9d757c3-b62b-4bb0-9aa9-f383fa4d68c3,2e4657553ff7486d84e1ae1c10a0d34c,USGS-10010100,62614,00003,2015-01-04,4192.47,ft,Approved,,2025-03-11 21:31:41.809573+00:00
-112.49690297112,41.2552106532508,d7ab3420-cfee-4198-8945-399d1dfaccd4,2e4657553ff7486d84e1ae1c10a0d34c,USGS-10010100,62614,00003,2015-01-03,4192.50,ft,Approved,,2025-03-11 21:31:41.809573+00:00
-112.49690297112,41.2552106532508,d139c79b-2883-4c38-b4a5-b62d3cf0bfe3,2e4657553ff7486d84e1ae1c10a0d34c,USGS-10010100,62614,00003,2015-01-02,4192.50,ft,Approved,,2025-03-11 21:31:41.809573+00:00
-112.49690297112,41.2552106532508,ff320845-2b9b-4529-8e71-5c06d304114d,2e4657553ff7486d84e1ae1c10a0d34c,USGS-10010100,62614,00003,2015-01-01,4192.58,ft,Approved,,2025-03-11 21:31:41.809573+00:00
-112.49690297112,41.2552106532508,77c0f85f-8e6a-4a42-99fc-3695fb9ef241,2e4657553ff7486d84e1ae1c10a0d34c,USGS-10010100,62614,00003,2017-01-01,4190.6,ft,Approved,,2025-03-11 21:31:41.809573+00:00
-112.49690297112,41.2552106532508,77c0f85f-8e6a-4a42-99fc-3695fb9ef241,2e4657553ff7486d84e1ae1c10a0d34c,USGS-10010100,62614,00003,2017-01-01,4190.6,ft,Approved,,2025-03-11 21:31:41.809573+00:00
-112.49690297112,41.2552106532508,18010b72-3aa7-42d7-9a93-2d84342f9bab,2e4657553ff7486d84e1ae1c10a0d34c,USGS-10010100,62614,00003,2016-12-31,4190.5,ft,Approved,,2025-03-11 21:31:41.809573+00:00
-112.49690297112,41.2552106532508,25d9ff53-5b96-4b5f-9e99-1806a0ee177a,2e4657553ff7486d84e1ae1c10a0d34c,USGS-10010100,62614,00003,2016-12-30,4190.5,ft,Approved,,2025-03-11 21:31:41.809573+00:00
-112.49690297112,41.2552106532508,4280c4da-6a91-4171-b51e-04425610d38a,2e4657553ff7486d84e1ae1c10a0d34c,USGS-10010100,62614,00003,2016-12-29,4190.4,ft,Approved,,2025-03-11 21:31:41.809573+00:00
-112.49690297112,41.2552106532508,7bd6fe4f-5199-4e8a-a54c-44e6739c286e,2e4657553ff7486d84e1ae1c10a0d34c,USGS-10010100,62614,00003,2016-12-28,4190.4,ft,Approved,,2025-03-11 21:31:41.809573+00:00
-112.49690297112,41.2552106532508,faeadecb-e6ac-4dbc-b6f8-2f65259340e9,2e4657553ff7486d84e1ae1c10a0d34c,USGS-10010100,62614,00003,2016-12-27,4190.4,ft,Approved,,2025-03-11 21:31:41.809573+00:00
-112.49690297112,41.2552106532508,42dd0a94-1333-447a-bf25-b7d8b1fda7de,2e4657553ff7486d84e1ae1c10a0d34c,USGS-10010100,62614,00003,2016-12-26,4190.4,ft,Approved,,2025-03-11 21:31:41.809573+00:00
-112.49690297112,41.2552106532508,4fc1b3f0-d698-46bb-80bc-9628c9726039,2e4657553ff7486d84e1ae1c10a0d34c,USGS-10010100,62614,00003,2016-12-25,4190.5,ft,Approved,,2025-03-11 21:31:41.809573+00:00
-112.49690297112,41.2552106532508,d8b2299e-c559-4a41-9e9c-4d134e8dad2f,2e4657553ff7486d84e1ae1c10a0d34c,USGS-10010100,62614,00003,2016-12-24,4190.2,ft,Approved,,2025-03-11 21:31:41.809573+00:00
-112.49690297112,41.2552106532508,cf002298-93a5-42a5-9645-b66c35cb3cf8,2e4657553ff7486d84e1ae1c10a0d34c,USGS-10010100,62614,00003,2016-12-23,4190.1,ft,Approved,,2025-03-11 21:31:41.809573+00:00
-112.49690297112,41.2552106532508,cbe97d73-a862-41fc-9753-43556de7115b,2e4657553ff7486d84e1ae1c10a0d34c,USGS-10010100,62614,00003,2016-12-22,4190.2,ft,Approved,,2025-03-11 21:31:41.809573+00:00
-112.49690297112,41.2552106532508,56d0f614-1cc0-4868-978e-710df4d1741f,2e4657553ff7486d84e1ae1c10a0d34c,USGS-10010100,62614,00003,2016-12-21,4190.2,ft,Approved,,2025-03-11 21:31:41.809573+00:00
-112.49690297112,41.2552106532508,bf80d296-04bc-45c7-a8da-bcbd00a8a70a,2e4657553ff7486d84e1ae1c10a0d34c,USGS-10010100,62614,00003,2016-12-20,4190.0,ft,Approved,,2025-03-11 21:31:41.809573+00:00
-112.49690297112,41.2552106532508,90985a70-031a-484f-afd1-27611b53db2a,2e4657553ff7486d84e1ae1c10a0d34c,USGS-10010100,62614,00003,2016-12-19,4190.0,ft,Approved,,2025-03-11 21:31:41.809573+00:00
-112.49690297112,41.2552106532508,8326a868-700b-4add-a137-016a4c7d96bc,2e4657553ff7486d84e1ae1c10a0d34c,USGS-10010100,62614,00003,2016-12-18,4190.1,ft,Approved,,2025-03-11 21:31:41.809573+00:00
-112.49690297112,41.2552106532508,9cf5d048-f041-4d83-adab-5e685857a283,2e4657553ff7486d84e1ae1c10a0d34c,USGS-10010100,62614,00003,2016-12-17,4190.2,ft,Approved,,2025-03-11 21:31:41.809573+00:00
-112.49690297112,41.2552106532508,32defe5b-85e0-4ed3-a2dd-c939ce9fb954,2e4657553ff7486d84e1ae1c10a0d34c,USGS-10010100,62614,00003,2016-12-16,4189.9,ft,Approved,,2025-03-11 21:31:41.809573+00:00
-112.49690297112,41.2552106532508,7f592a19-1edf-4db1-bbd5-8890ba8f55fc,2e4657553ff7486d84e1ae1c10a0d34c,USGS-10010100,62614,00003,2016-12-15,4189.9,ft,Approved,,2025-03-11 21:31:41.809573+00:00
-112.49690297112,41.2552106532508,7287853c-5705-457d-baa6-30e95f5c7321,2e4657553ff7486d84e1ae1c10a0d34c,USGS-10010100,62614,00003,2016-12-14,4189.8,ft,Approved,,2025-03-11 21:31:41.809573+00:00
-112.49690297112,41.2552106532508,2a7b6be6-6377-4998-b18d-f4b3db44a7d6,2e4657553ff7486d84e1ae1c10a0d34c,USGS-10010100,62614,00003,2016-12-13,4189.7,ft,Approved,,2025-03-11 21:31:41.809573+00:00
-112.49690297112,41.2552106532508,e2793c73-69a2-441e-87bf-af1196ab88b2,2e4657553ff7486d84e1ae1c10a0d34c,USGS-10010100,62614,00003,2016-12-12,4189.7,ft,Approved,,2025-03-11 21:31:41.809573+00:00
-112.49690297112,41.2552106532508,be8931a1-405f-4dc2-a1f6-a8a546050e62,2e4657553ff7486d84e1ae1c10a0d34c,USGS-10010100,62614,00003,2016-12-11,4189.6,ft,Approved,,2025-03-11 21:31:41.809573+00:00
-112.49690297112,41.2552106532508,8e605110-aa34-4fc9-9aeb-10766fed882b,2e4657553ff7486d84e1ae1c10a0d34c,USGS-10010100,62614,00003,2016-12-10,4189.5,ft,Approved,,2025-03-11 21:31:41.809573+00:00
-112.49690297112,41.2552106532508,f21511e4-ba00-44f1-bef3-02c66470f50f,2e4657553ff7486d84e1ae1c10a0d34c,USGS-10010100,62614,00003,2016-12-09,4189.5,ft,Approved,,2025-03-11 21:31:41.809573+00:00
-112.49690297112,41.2552106532508,7b5ea710-7be5-422d-858c-7e3479c9ccce,2e4657553ff7486d84e1ae1c10a0d34c,USGS-10010100,62614,00003,2016-12-08,4189.4,ft,Approved,,2025-03-11 21:31:41.809573+00:00
-112.49690297112,41.2552106532508,117ba247-c571-4845-a5ea-6e9670a67221,2e4657553ff7486d84e1ae1c10a0d34c,USGS-10010100,62614,00003,2016-12-07,4189.5,ft,Approved,,2025-03-11 21:31:41.809573+00:00
-112.49690297112,41.2552106532508,f629aeaf-294d-420e-9e95-b39037735c8f,2e4657553ff7486d84e1ae1c10a0d34c,USGS-10010100,62614,00003,2016-12-06,4189.4,ft,Approved,,2025-03-11 21:31:41.809573+00:00
-112.49690297112,41.2552106532508,9aef9705-8641-4d36-ba29-8bd9c7511248,2e4657553ff7486d84e1ae1c10a0d34c,USGS-10010100,62614,00003,2016-12-05,4189.4,ft,Approved,,2025-03-11 21:31:41.809573+00:00
-112.49690297112,41.2552106532508,e9cfcaea-89e9-450b-a3a5-281a1680fec5,2e4657553ff7486d84e1ae1c10a0d34c,USGS-10010100,62614,00003,2016-12-04,4189.2,ft,Approved,,2025-03-11 21:31:41.809573+00:00
-112.49690297112,41.2552106532508,d8376941-2708-43cd-a520-27e6ed5dc798,2e4657553ff7486d84e1ae1c10a0d34c,USGS-10010100,62614,00003,2016-12-03,4189.2,ft,Approved,,2025-03-11 21:31:41.809573+00:00
-112.49690297112,41.2552106532508,7776fee3-409e-49af-b810-01ff37e66ad1,2e4657553ff7486d84e1ae1c10a0d34c,USGS-10010100,62614,00003,2016-12-02,4189.3,ft,Approved,,2025-03-11 21:31:41.809573+00:00
-112.49690297112,41.2552106532508,98798c3e-7805-49be-86ab-9b6c8454720e,2e4657553ff7486d84e1ae1c10a0d34c,USGS-10010100,62614,00003,2016-12-01,4189.2,ft,Approved,,2025-03-11 21:31:41.809573+00:00
-112.49690297112,41.2552106532508,36417d60-9494-4b6b-b42b-ecc8e809df64,2e4657553ff7486d84e1ae1c10a0d34c,USGS-10010100,62614,00003,2016-11-30,4189.2,ft,Approved,,2025-03-11 21:31:41.809573+00:00
-112.49690297112,41.2552106532508,a6ac99ef-7056-4566-a9e3-7569843fd79b,2e4657553ff7486d84e1ae1c10a0d34c,USGS-10010100,62614,00003,2016-11-29,4189.2,ft,Approved,,2025-03-11 21:31:41.809573+00:00
-112.49690297112,41.2552106532508,e6b72d2d-c315-436c-bd3c-b9c1723a747d,2e4657553ff7486d84e1ae1c10a0d34c,USGS-10010100,62614,00003,2016-11-28,4189.2,ft,Approved,,2025-03-11 21:31:41.809573+00:00
-112.49690297112,41.2552106532508,58866edf-a0fd-4488-9a1f-526ab138c488,2e4657553ff7486d84e1ae1c10a0d34c,USGS-10010100,62614,00003,2016-11-27,4189.2,ft,Approved,,2025-03-11 21:31:41.809573+00:00
-112.49690297112,41.2552106532508,a8c5ea89-b75c-4d2f-ab37-b04f1c836c81,2e4657553ff7486d84e1ae1c10a0d34c,USGS-10010100,62614,00003,2016-11-26,4189.1,ft,Approved,,2025-03-11 21:31:41.809573+00:00
-112.49690297112,41.2552106532508,a29bb099-d6f9-47eb-bf1b-78b7a1182275,2e4657553ff7486d84e1ae1c10a0d34c,USGS-10010100,62614,00003,2016-11-25,4189.2,ft,Approved,,2025-03-11 21:31:41.809573+00:00
-112.49690297112,41.2552106532508,b8aa2319-1f72-4e72-a912-8b8ff6be0cd8,2e4657553ff7486d84e1ae1c10a0d34c,USGS-10010100,62614,00003,2016-11-24,4189.2,ft,Approved,,2025-03-11 21:31:41.809573+00:00
-112.49690297112,41.2552106532508,ba206c0f-cb87-4cd2-896c-710466635b4f,2e4657553ff7486d84e1ae1c10a0d34c,USGS-10010100,62614,00003,2016-11-23,4189.2,ft,Approved,,2025-03-11 21:31:41.809573+00:00
-112.49690297112,41.2552106532508,0ce9ac1d-263c-43a7-b5b8-4b96f8e71ee6,2e4657553ff7486d84e1ae1c10a0d34c,USGS-10010100,62614,00003,2016-11-22,4189.2,ft,Approved,,2025-03-11 21:31:41.809573+00:00
-112.49690297112,41.2552106532508,2b1d7645-0aa0-420f-83f4-1923634b100a,2e4657553ff7486d84e1ae1c10a0d34c,USGS-10010100,62614,00003,2016-11-21,4189.2,ft,Approved,,2025-03-11 21:31:41.809573+00:00
-112.49690297112,41.2552106532508,bec709ab-b3fb-4482-a328-a61f25b557fc,2e4657553ff7486d84e1ae1c10a0d34c,USGS-10010100,62614,00003,2016-11-20,4189.2,ft,Approved,,2025-03-11 21:31:41.809573+00:00
-112.49690297112,41.2552106532508,73a90fa1-604c-46ec-a997-502d85b8b306,2e4657553ff7486d84e1ae1c10a0d34c,USGS-10010100,62614,00003,2016-11-19,4189.2,ft,Approved,,2025-03-11 21:31:41.809573+00:00
-112.49690297112,41.2552106532508,22b39555-b415-4db6-aa5f-9e422bb4eb69,2e4657553ff7486d84e1ae1c10a0d34c,USGS-10010100,62614,00003,2016-11-18,4189.2,ft,Approved,,2025-03-11 21:31:41.809573+00:00
-112.49690297112,41.2552106532508,b775e383-f4f0-464b-9440-1ff63da1278d,2e4657553ff7486d84e1ae1c10a0d34c,USGS-10010100,62614,00003,2016-11-17,4189.2,ft,Approved,,2025-03-11 21:31:41.809573+00:00
-112.49690297112,41.2552106532508,cdb5bc56-4dd2-44d5-882f-031a474e0bfa,2e4657553ff7486d84e1ae1c10a0d34c,USGS-10010100,62614,00003,2016-11-16,4189.4,ft,Approved,,2025-03-11 21:31:41.809573+00:00
-112.49690297112,41.2552106532508,7026286d-250a-43a0-ab72-7fa11c00ce64,2e4657553ff7486d84e1ae1c10a0d34c,USGS-10010100,62614,00003,2016-11-15,4189.2,ft,Approved,,2025-03-11 21:31:41.809573+00:00
-112.49690297112,41.2552106532508,205cee11-3bd8-40e3-ab67-94c2d2b1fe45,2e4657553ff7486d84e1ae1c10a0d34c,USGS-10010100,62614,00003,2016-11-14,4189.2,ft,Approved,,2025-03-11 21:31:41.809573+00:00
-112.49690297112,41.2552106532508,9ca27c7e-82b1-48ab-bde6-5f04ea54a00a,2e4657553ff7486d84e1ae1c10a0d34c,USGS-10010100,62614,00003,2016-11-13,4189.2,ft,Approved,,2025-03-11 21:31:41.809573+00:00
-112.49690297112,41.2552106532508,b770041b-b76f-4b68-9729-d51795e03fd6,2e4657553ff7486d84e1ae1c10a0d34c,USGS-10010100,62614,00003,2016-11-12,4189.2,ft,Approved,,2025-03-11 21:31:41.809573+00:00
-112.49690297112,41.2552106532508,f1ea1f5b-6d4c-4111-9346-cb63a833e93c,2e4657553ff7486d84e1ae1c10a0d34c,USGS-10010100,62614,00003,2016-11-11,4189.2,ft,Approved,,2025-03-11 21:31:41.809573+00:00
-112.49690297112,41.2552106532508,9c0140d6-4971-4e8f-9168-1f2d6e7d799c,2e4657553ff7486d84e1ae1c10a0d34c,USGS-10010100,62614,00003,2016-11-10,4189.2,ft,Approved,,2025-03-11 21:31:41.809573+00:00
-112.49690297112,41.2552106532508,861a1f32-f57c-4da0-8179-5d40407fea67,2e4657553ff7486d84e1ae1c10a0d34c,USGS-10010100,62614,00003,2016-11-09,4189.2,ft,Approved,,2025-03-11 21:31:41.809573+00:00
-112.49690297112,41.2552106532508,66ed69ad-e5ca-40b7-be70-56f6f499170d,2e4657553ff7486d84e1ae1c10a0d34c,USGS-10010100,62614,00003,2016-11-08,4189.2,ft,Approved,,2025-03-11 21:31:41.809573+00:00
-112.49690297112,41.2552106532508,48a3a631-6cfc-458b-ad99-60c6080b85fb,2e4657553ff7486d84e1ae1c10a0d34c,USGS-10010100,62614,00003,2016-11-07,4189.2,ft,Approved,,2025-03-11 21:31:41.809573+00:00
-112.49690297112,41.2552106532508,f7c3b7e6-bdf9-4a53-aacb-2b630657f5a2,2e4657553ff7486d84e1ae1c10a0d34c,USGS-10010100,62614,00003,2016-11-06,4189.2,ft,Approved,,2025-03-11 21:31:41.809573+00:00
-112.49690297112,41.2552106532508,2df60152-f121-41a4-a4d1-ba1530968c43,2e4657553ff7486d84e1ae1c10a0d34c,USGS-10010100,62614,00003,2016-11-05,4189.2,ft,Approved,,2025-03-11 21:31:41.809573+00:00
-112.49690297112,41.2552106532508,7dfec697-d890-4a8c-a85f-5dc5e7cdf5bd,2e4657553ff7486d84e1ae1c10a0d34c,USGS-10010100,62614,00003,2016-11-04,4189.2,ft,Approved,,2025-03-11 21:31:41.809573+00:00
-112.49690297112,41.2552106532508,759c3742-9132-4e4f-9b9e-7d04e1e2afd6,2e4657553ff7486d84e1ae1c10a0d34c,USGS-10010100,62614,00003,2016-11-03,4189.2,ft,Approved,,2025-03-11 21:31:41.809573+00:00
-112.49690297112,41.2552106532508,d8d4cf43-3b1a-45c0-9974-cff209699ee9,2e4657553ff7486d84e1ae1c10a0d34c,USGS-10010100,62614,00003,2016-11-02,4189.2,ft,Approved,,2025-03-11 21:31:41.809573+00:00
-112.49690297112,41.2552106532508,2a4060ae-46f1-4f48-b497-c86907bac441,2e4657553ff7486d84e1ae1c10a0d34c,USGS-10010100,62614,00003,2016-11-01,4189.3,ft,Approved,,2025-03-11 21:31:41.809573+00:00
-112.49690297112,41.2552106532508,7b410490-baaa-465c-bdfe-7b6ef0898f77,2e4657553ff7486d84e1ae1c10a0d34c,USGS-10010100,62614,00003,2016-10-31,4189.3,ft,Approved,,2025-03-11 21:31:41.809573+00:00
-112.49690297112,41.2552106532508,3078f200-f53a-4200-a6db-29e9e6645d29,2e4657553ff7486d84e1ae1c10a0d34c,USGS-10010100,62614,00003,2016-10-30,4189.1,ft,Approved,,2025-03-11 21:31:41.809573+00:00
-112.49690297112,41.2552106532508,942b9335-e3b2-46ef-84fc-de9acf4efb62,2e4657553ff7486d84e1ae1c10a0d34c,USGS-10010100,62614,00003,2016-10-29,4189.2,ft,Approved,,2025-03-11 21:31:41.809573+00:00
-112.49690297112,41.2552106532508,86a505ff-147e-47bb-baf8-96b85fe72d34,2e4657553ff7486d84e1ae1c10a0d34c,USGS-10010100,62614,00003,2016-10-28,4189.2,ft,Approved,,2025-03-11 21:31:41.809573+00:00
-112.49690297112,41.2552106532508,b1fc5b8a-7ae7-40ed-b68c-a2a97f09e2a9,2e4657553ff7486d84e1ae1c10a0d34c,USGS-10010100,62614,00003,2016-10-27,4189.2,ft,Approved,,2025-03-11 21:31:41.809573+00:00
-112.49690297112,41.2552106532508,15a9f190-8e62-4ad8-a6f2-31bf6a042478,2e4657553ff7486d84e1ae1c10a0d34c,USGS-10010100,62614,00003,2016-10-26,4189.17,ft,Approved,,2025-03-11 21:31:41.809573+00:00
-112.49690297112,41.2552106532508,dec08433-e3f6-40ed-8259-2229757e5bf4,2e4657553ff7486d84e1ae1c10a0d34c,USGS-10010100,62614,00003,2016-10-25,4189.14,ft,Approved,,2025-03-11 21:31:41.809573+00:00
-112.49690297112,41.2552106532508,c0553941-1db5-4176-9180-f89eab55d8f4,2e4657553ff7486d84e1ae1c10a0d34c,USGS-10010100,62614,00003,2016-10-24,4188.98,ft,Approved,,2025-03-11 21:31:41.809573+00:00
-112.49690297112,41.2552106532508,8bbaa232-bf3d-4b3d-b3b7-727191f5a48a,2e4657553ff7486d84e1ae1c10a0d34c,USGS-10010100,62614,00003,2016-10-23,4189.18,ft,Approved,,2025-03-11 21:31:41.809573+00:00
-112.49690297112,41.2552106532508,1ed40d38-116f-44f7-985a-5c839382da84,2e4657553ff7486d84e1ae1c10a0d34c,USGS-10010100,62614,00003,2016-10-22,4189.17,ft,Approved,,2025-03-11 21:31:41.809573+00:00
-112.49690297112,41.2552106532508,fb0c806e-d352-468b-9699-002faa58f953,2e4657553ff7486d84e1ae1c10a0d34c,USGS-10010100,62614,00003,2016-10-21,4189.19,ft,Approved,,2025-03-11 21:31:41.809573+00:00
-112.49690297112,41.2552106532508,17e7a94b-cad9-42d3-8cf5-5d8393cf0087,2e4657553ff7486d84e1ae1c10a0d34c,USGS-10010100,62614,00003,2016-10-20,4189.14,ft,Approved,,2025-03-11 21:31:41.809573+00:00
-112.49690297112,41.2552106532508,95d31e2d-9f85-4455-b757-a89a274fb11a,2e4657553ff7486d84e1ae1c10a0d34c,USGS-10010100,62614,00003,2016-10-19,4189.18,ft,Approved,,2025-03-11 21:31:41.809573+00:00
-112.49690297112,41.2552106532508,44f47594-07e1-4015-9714-6b4d1fb89cdb,2e4657553ff7486d84e1ae1c10a0d34c,USGS-10010100,62614,00003,2016-10-18,4189.22,ft,Approved,,2025-03-11 21:31:41.809573+00:00
-112.49690297112,41.2552106532508,54e95ba1-3018-4e87-8cbe-8eaefe7eb39c,2e4657553ff7486d84e1ae1c10a0d34c,USGS-10010100,62614,00003,2016-10-17,4189.32,ft,Approved,,2025-03-11 21:31:41.809573+00:00
-112.49690297112,41.2552106532508,a1e8b632-27ea-4560-bc18-f5cc2794befc,2e4657553ff7486d84e1ae1c10a0d34c,USGS-10010100,62614,00003,2016-10-16,4189.15,ft,Approved,,2025-03-11 21:31:41.809573+00:00
-112.49690297112,41.2552106532508,9e6a2318-1253-416a-a07c-28bd2d5a98c0,2e4657553ff7486d84e1ae1c10a0d34c,USGS-10010100,62614,00003,2016-10-15,4189.11,ft,Approved,,2025-03-11 21:31:41.809573+00:00
-112.49690297112,41.2552106532508,1c1ae3b8-e201-450c-9595-e569a40468f7,2e4657553ff7486d84e1ae1c10a0d34c,USGS-10010100,62614,00003,2016-10-14,4189.09,ft,Approved,,2025-03-11 21:31:41.809573+00:00
-112.49690297112,41.2552106532508,ed3b6ba9-50b7-4272-b04b-1b248e778227,2e4657553ff7486d84e1ae1c10a0d34c,USGS-10010100,62614,00003,2016-10-13,4189.16,ft,Approved,,2025-03-11 21:31:41.809573+00:00
-112.49690297112,41.2552106532508,858ff3bc-1a59-459e-80c7-92e551daa893,2e4657553ff7486d84e1ae1c10a0d34c,USGS-10010100,62614,00003,2016-10-12,4189.21,ft,Approved,,2025-03-11 21:31:41.809573+00:00
-112.49690297112,41.2552106532508,b9d96f93-fd35-4a2f-8a54-8d09d93baf9e,2e4657553ff7486d84e1ae1c10a0d34c,USGS-10010100,62614,00003,2016-10-11,4189.20,ft,Approved,,2025-03-11 21:31:41.809573+00:00
-112.49690297112,41.2552106532508,663eabda-d480-4805-bbf4-72d4da9b3486,2e4657553ff7486d84e1ae1c10a0d34c,USGS-10010100,62614,00003,2016-10-10,4189.17,ft,Approved,,2025-03-11 21:31:41.809573+00:00
-112.49690297112,41.2552106532508,bf140610-6237-48d0-912c-b57798884d35,2e4657553ff7486d84e1ae1c10a0d34c,USGS-10010100,62614,00003,2016-10-09,4189.17,ft,Approved,,2025-03-11 21:31:41.809573+00:00
-112.49690297112,41.2552106532508,514e0dc3-3db8-4be2-b6e5-c61b0550e580,2e4657553ff7486d84e1ae1c10a0d34c,USGS-10010100,62614,00003,2016-10-08,4189.20,ft,Approved,,2025-03-11 21:31:41.809573+00:00
-112.49690297112,41.2552106532508,b157bb94-ad05-4d17-990c-4e819b2f0872,2e4657553ff7486d84e1ae1c10a0d34c,USGS-10010100,62614,00003,2016-10-07,4189.15,ft,Approved,,2025-03-11 21:31:41.809573+00:00
-112.49690297112,41.2552106532508,8aa7cdbe-61ea-4945-b57c-db7c3d3dceca,2e4657553ff7486d84e1ae1c10a0d34c,USGS-10010100,62614,00003,2016-10-06,4189.17,ft,Approved,,2025-03-11 21:31:41.809573+00:00
-112.49690297112,41.2552106532508,6e5b3ad5-5193-49b5-988c-749edbc1acea,2e4657553ff7486d84e1ae1c10a0d34c,USGS-10010100,62614,00003,2016-10-05,4189.21,ft,Approved,,2025-03-11 21:31:41.809573+00:00
-112.49690297112,41.2552106532508,1ee92eab-bb8d-44ee-880b-b3f98aeea043,2e4657553ff7486d84e1ae1c10a0d34c,USGS-10010100,62614,00003,2016-10-04,4189.25,ft,Approved,,2025-03-11 21:31:41.809573+00:00
-112.49690297112,41.2552106532508,a83cfa37-0c6e-4afa-ae3a-3cdf92e5d828,2e4657553ff7486d84e1ae1c10a0d34c,USGS-10010100,62614,00003,2016-10-03,4189.42,ft,Approved,,2025-03-11 21:31:41.809573+00:00
-112.49690297112,41.2552106532508,e2d44c9d-7142-472a-96bb-bbca772f26c2,2e4657553ff7486d84e1ae1c10a0d34c,USGS-10010100,62614,00003,2016-10-02,4189.15,ft,Approved,,2025-03-11 21:31:41.809573+00:00
-112.49690297112,41.2552106532508,373b6b80-825f-4d86-9e4b-b46d8f8b05ad,2e4657553ff7486d84e1ae1c10a0d34c,USGS-10010100,62614,00003,2016-10-01,4189.15,ft,Approved,,2025-03-11 21:31:41.809573+00:00
-112.49690297112,41.2552106532508,2c42d92c-ab6e-4ed1-b64f-2d15af5af050,2e4657553ff7486d84e1ae1c10a0d34c,USGS-10010100,62614,00003,2016-09-30,4189.20,ft,Approved,,2025-03-11 21:31:41.809573+00:00
-112.49690297112,41.2552106532508,efa8930e-1f57-4c83-8a38-4ac833d1ee98,2e4657553ff7486d84e1ae1c10a0d34c,USGS-10010100,62614,00003,2016-09-29,4189.17,ft,Approved,,2025-03-11 21:31:41.809573+00:00
-112.49690297112,41.2552106532508,d8710785-98e6-48a6-aa3a-bef4db439165,2e4657553ff7486d84e1ae1c10a0d34c,USGS-10010100,62614,00003,2016-09-28,4189.24,ft,Approved,,2025-03-11 21:31:41.809573+00:00
-112.49690297112,41.2552106532508,b64fd90b-d9cf-4d0f-8ff2-f41603b29842,2e4657553ff7486d84e1ae1c10a0d34c,USGS-10010100,62614,00003,2016-09-27,4189.26,ft,Approved,,2025-03-11 21:31:41.809573+00:00
-112.49690297112,41.2552106532508,8b539103-9065-4a85-b732-8e743ef02272,2e4657553ff7486d84e1ae1c10a0d34c,USGS-10010100,62614,00003,2016-09-26,4189.28,ft,Approved,,2025-03-11 21:31:41.809573+00:00
-112.49690297112,41.2552106532508,da2607fc-0ff4-4342-9f0d-b8220d9ca2f4,2e4657553ff7486d84e1ae1c10a0d34c,USGS-10010100,62614,00003,2016-09-25,4189.28,ft,Approved,,2025-03-11 21:31:41.809573+00:00
-112.49690297112,41.2552106532508,a331129b-dcfa-4a85-a555-64095d0e39ed,2e4657553ff7486d84e1ae1c10a0d34c,USGS-10010100,62614,00003,2016-09-24,4189.33,ft,Approved,,2025-03-11 21:31:41.809573+00:00
-112.49690297112,41.2552106532508,81990467-06a1-4c2d-bb3f-5fce356e1b02,2e4657553ff7486d84e1ae1c10a0d34c,USGS-10010100,62614,00003,2016-09-23,4189.24,ft,Approved,,2025-03-11 21:31:41.809573+00:00
-112.49690297112,41.2552106532508,8bfa6977-1045-4efa-9bad-95c65c9f64a2,2e4657553ff7486d84e1ae1c10a0d34c,USGS-10010100,62614,00003,2016-09-22,4189.18,ft,Approved,,2025-03-11 21:31:41.809573+00:00
-112.49690297112,41.2552106532508,2bf5a8ce-d326-45a7-9b3e-19d36019af4a,2e4657553ff7486d84e1ae1c10a0d34c,USGS-10010100,62614,00003,2016-09-21,4188.98,ft,Approved,,2025-03-11 21:31:41.809573+00:00
-112.49690297112,41.2552106532508,0b43ae98-fa77-4ddb-acb2-eb80403361b8,2e4657553ff7486d84e1ae1c10a0d34c,USGS-10010100,62614,00003,2016-09-20,4189.03,ft,Approved,,2025-03-11 21:31:41.809573+00:00
-112.49690297112,41.2552106532508,f41f6ab4-3c3a-43b3-bf5e-c90124cad691,2e4657553ff7486d84e1ae1c10a0d34c,USGS-10010100,62614,00003,2016-09-19,4189.04,ft,Approved,,2025-03-11 21:31:41.809573+00:00
-112.49690297112,41.2552106532508,ca88dc0f-5e4c-4169-8f1d-1d088ec5cc81,2e4657553ff7486d84e1ae1c10a0d34c,USGS-10010100,62614,00003,2016-09-18,4189.02,ft,Approved,,2025-03-11 21:31:41.809573+00:00
-112.49690297112,41.2552106532508,17786c2b-2eef-4587-91e4-cbf09f7ca754,2e4657553ff7486d84e1ae1c10a0d34c,USGS-10010100,62614,00003,2016-09-17,4189.02,ft,Approved,,2025-03-11 21:31:41.809573+00:00
-112.49690297112,41.2552106532508,1e6bc128-3155-47f4-bbc0-14b13ed9ac35,2e4657553ff7486d84e1ae1c10a0d34c,USGS-10010100,62614,00003,2016-09-16,4189.10,ft,Approved,,2025-03-11 21:31:41.809573+00:00
-112.49690297112,41.2552106532508,52bc4e6b-09be-40c4-a133-60abab42421d,2e4657553ff7486d84e1ae1c10a0d34c,USGS-10010100,62614,00003,2016-09-15,4189.10,ft,Approved,,2025-03-11 21:31:41.809573+00:00
-112.49690297112,41.2552106532508,16de5902-e7fd-42af-969d-acbbc2903703,2e4657553ff7486d84e1ae1c10a0d34c,USGS-10010100,62614,00003,2016-09-14,4189.09,ft,Approved,,2025-03-11 21:31:41.809573+00:00
-112.49690297112,41.2552106532508,43a24405-71dc-4fed-b4ff-6da712cebb37,2e4657553ff7486d84e1ae1c10a0d34c,USGS-10010100,62614,00003,2016-09-13,4189.23,ft,Approved,,2025-03-11 21:31:41.809573+00:00
-112.49690297112,41.2552106532508,f14c14a1-6c92-4354-99b9-cc5c2e74dc5e,2e4657553ff7486d84e1ae1c10a0d34c,USGS-10010100,62614,00003,2016-09-12,4189.28,ft,Approved,,2025-03-11 21:31:41.809573+00:00
-112.49690297112,41.2552106532508,4e406b14-1e29-47c7-b43c-54d548be52df,2e4657553ff7486d84e1ae1c10a0d34c,USGS-10010100,62614,00003,2016-09-11,4189.05,ft,Approved,,2025-03-11 21:31:41.809573+00:00
-112.49690297112,41.2552106532508,010c2859-3a40-4177-83c2-6967dbbcf7e3,2e4657553ff7486d84e1ae1c10a0d34c,USGS-10010100,62614,00003,2016-09-10,4189.06,ft,Approved,,2025-03-11 21:31:41.809573+00:00
-112.49690297112,41.2552106532508,395904c4-80ba-44c9-ac64-4b3f8214099c,2e4657553ff7486d84e1ae1c10a0d34c,USGS-10010100,62614,00003,2016-09-09,4189.14,ft,Approved,,2025-03-11 21:31:41.809573+00:00
-112.49690297112,41.2552106532508,0f577dcc-339d-4393-aed5-951a8a922e5c,2e4657553ff7486d84e1ae1c10a0d34c,USGS-10010100,62614,00003,2016-09-08,4189.12,ft,Approved,,2025-03-11 21:31:41.809573+00:00
-112.49690297112,41.2552106532508,90a4240e-7f38-4412-806f-4fcd6517955f,2e4657553ff7486d84e1ae1c10a0d34c,USGS-10010100,62614,00003,2016-09-07,4189.15,ft,Approved,,2025-03-11 21:31:41.809573+00:00
-112.49690297112,41.2552106532508,295657b1-1b62-4df9-a597-6304d862b721,2e4657553ff7486d84e1ae1c10a0d34c,USGS-10010100,62614,00003,2016-09-06,4189.16,ft,Approved,,2026-01-16 00:24:01.973802+00:00
-112.49690297112,41.2552106532508,af21d56f-9814-4bc6-9ff8-e2f5c4e3fd9f,2e4657553ff7486d84e1ae1c10a0d34c,USGS-10010100,62614,00003,2016-09-05,4189.20,ft,Approved,['ESTIMATED'],2025-03-11 21:31:41.809573+00:00
-112.49690297112,41.2552106532508,fe7e77fd-db37-482c-9dd3-febeef67edaf,2e4657553ff7486d84e1ae1c10a0d34c,USGS-10010100,62614,00003,2016-09-04,4189.33,ft,Approved,,2025-03-11 21:31:41.809573+00:00
-112.49690297112,41.2552106532508,765eab54-eba7-4c52-bc91-fbc4b3e5d1e7,2e4657553ff7486d84e1ae1c10a0d34c,USGS-10010100,62614,00003,2016-09-03,4189.30,ft,Approved,,2025-03-11 21:31:41.809573+00:00
-112.49690297112,41.2552106532508,c0336207-5468-4b20-a7e9-43b8468b80da,2e4657553ff7486d84e1ae1c10a0d34c,USGS-10010100,62614,00003,2016-09-02,4189.19,ft,Approved,,2026-01-16 00:24:01.973802+00:00
-112.49690297112,41.2552106532508,681f512a-3966-4b33-ade7-7f3c094a690e,2e4657553ff7486d84e1ae1c10a0d34c,USGS-10010100,62614,00003,2016-09-01,4189.10,ft,Approved,['ESTIMATED'],2026-01-16 00:24:01.973802+00:00
-112.49690297112,41.2552106532508,e7aa655a-3a9b-4da8-8041-4d993928f1e5,2e4657553ff7486d84e1ae1c10a0d34c,USGS-10010100,62614,00003,2016-08-31,4189.10,ft,Approved,['ESTIMATED'],2025-03-11 21:31:41.809573+00:00
-112.49690297112,41.2552106532508,f0703d19-42ed-4457-b34a-2f8a87122b5f,2e4657553ff7486d84e1ae1c10a0d34c,USGS-10010100,62614,00003,2016-08-30,4189.20,ft,Approved,['ESTIMATED'],2025-03-11 21:31:41.809573+00:00
-112.49690297112,41.2552106532508,b012a0b9-1175-4b0f-870f-e3f152c9719f,2e4657553ff7486d84e1ae1c10a0d34c,USGS-10010100,62614,00003,2016-08-29,4189.30,ft,Approved,['ESTIMATED'],2025-03-11 21:31:41.809573+00:00
-112.49690297112,41.2552106532508,099f3def-f0ba-4319-9b2d-b2ebda089350,2e4657553ff7486d84e1ae1c10a0d34c,USGS-10010100,62614,00003,2016-08-28,4189.20,ft,Approved,['ESTIMATED'],2025-03-11 21:31:41.809573+00:00
-112.49690297112,41.2552106532508,3014e1de-fbe8-4103-adfd-60d9b9ff4368,2e4657553ff7486d84e1ae1c10a0d34c,USGS-10010100,62614,00003,2016-08-27,4189.20,ft,Approved,['ESTIMATED'],2026-01-16 00:24:01.973802+00:00
-112.49690297112,41.2552106532508,3663a3aa-0117-4ab0-976b-8296fa06086f,2e4657553ff7486d84e1ae1c10a0d34c,USGS-10010100,62614,00003,2016-08-26,4189.26,ft,Approved,,2025-03-11 21:31:41.809573+00:00
-112.49690297112,41.2552106532508,a44fb810-3b6c-4385-8c73-57d5aa1a92fb,2e4657553ff7486d84e1ae1c10a0d34c,USGS-10010100,62614,00003,2016-08-25,4189.32,ft,Approved,,2025-03-11 21:31:41.809573+00:00
-112.49690297112,41.2552106532508,a76b518c-4583-4c7e-9bf1-bb8c0fcd537f,2e4657553ff7486d84e1ae1c10a0d34c,USGS-10010100,62614,00003,2016-08-24,4189.38,ft,Approved,,2026-01-16 00:24:01.973802+00:00
-112.49690297112,41.2552106532508,92e58ce2-cf79-4d40-ba7a-e0b40daa08d4,2e4657553ff7486d84e1ae1c10a0d34c,USGS-10010100,62614,00003,2016-08-23,4189.40,ft,Approved,['ESTIMATED'],2025-03-11 21:31:41.809573+00:00
-112.49690297112,41.2552106532508,6b59b931-5d55-4bc2-bbd9-e9bbb368ef35,2e4657553ff7486d84e1ae1c10a0d34c,USGS-10010100,62614,00003,2016-08-22,4189.40,ft,Approved,,2026-01-16 00:24:01.973802+00:00
-112.49690297112,41.2552106532508,240c4eab-764b-4692-ab29-955a4600847c,2e4657553ff7486d84e1ae1c10a0d34c,USGS-10010100,62614,00003,2016-08-21,4189.40,ft,Approved,['ESTIMATED'],2026-01-16 00:24:01.973802+00:00
-112.49690297112,41.2552106532508,247ca4af-b81f-42b4-a442-d38dfa7603ff,2e4657553ff7486d84e1ae1c10a0d34c,USGS-10010100,62614,00003,2016-08-20,4189.40,ft,Approved,['ESTIMATED'],2026-01-16 00:24:01.973802+00:00
-112.49690297112,41.2552106532508,bcc598cb-32e8-44a5-86c4-715f8051c6fa,2e4657553ff7486d84e1ae1c10a0d34c,USGS-10010100,62614,00003,2016-08-19,4189.46,ft,Approved,,2025-03-11 21:31:41.809573+00:00
-112.49690297112,41.2552106532508,a098f2fe-4a28-49dc-a07a-2e4367f173de,2e4657553ff7486d84e1ae1c10a0d34c,USGS-10010100,62614,00003,2016-08-18,4189.41,ft,Approved,,2025-03-11 21:31:41.809573+00:00
-112.49690297112,41.2552106532508,5153896d-9818-4cd2-9da1-3d0776ff2cd7,2e4657553ff7486d84e1ae1c10a0d34c,USGS-10010100,62614,00003,2016-08-17,4189.46,ft,Approved,,2025-03-11 21:31:41.809573+00:00
-112.49690297112,41.2552106532508,b453b934-bf82-48f4-a0cd-17aa804625bf,2e4657553ff7486d84e1ae1c10a0d34c,USGS-10010100,62614,00003,2016-08-16,4189.47,ft,Approved,,2025-03-11 21:31:41.809573+00:00
-112.49690297112,41.2552106532508,7c292a6f-5be9-42b4-9923-980f13b43256,2e4657553ff7486d84e1ae1c10a0d34c,USGS-10010100,62614,00003,2016-08-15,4189.47,ft,Approved,,2025-03-11 21:31:41.809573+00:00
-112.49690297112,41.2552106532508,32a3f10c-9bbd-4d41-a445-257743e32b35,2e4657553ff7486d84e1ae1c10a0d34c,USGS-10010100,62614,00003,2016-08-14,4189.42,ft,Approved,,2025-03-11 21:31:41.809573+00:00
-112.49690297112,41.2552106532508,b72bdabf-7263-4207-a65d-afedbcaec706,2e4657553ff7486d84e1ae1c10a0d34c,USGS-10010100,62614,00003,2016-08-13,4189.48,ft,Approved,,2025-03-11 21:31:41.809573+00:00
-112.49690297112,41.2552106532508,669c8949-c46a-4d3f-9bf9-18af49bafd95,2e4657553ff7486d84e1ae1c10a0d34c,USGS-10010100,62614,00003,2016-08-12,4189.49,ft,Approved,,2025-03-11 21:31:41.809573+00:00
-112.49690297112,41.2552106532508,5b3c17cc-1eb7-4ab8-9890-4a225cf28478,2e4657553ff7486d84e1ae1c10a0d34c,USGS-10010100,62614,00003,2016-08-11,4189.50,ft,Approved,,2025-03-11 21:31:41.809573+00:00
-112.49690297112,41.2552106532508,c66cb1c4-638b-4642-b729-2d2b0e53b9cb,2e4657553ff7486d84e1ae1c10a0d34c,USGS-10010100,62614,00003,2016-08-10,4189.70,ft,Approved,,2025-03-11 21:31:41.809573+00:00
-112.49690297112,41.2552106532508,44204f8e-5613-46ae-81ca-ac7f3622de49,2e4657553ff7486d84e1ae1c10a0d34c,USGS-10010100,62614,00003,2016-08-09,4189.70,ft,Approved,,2025-03-11 21:31:41.809573+00:00
-112.49690297112,41.2552106532508,40691793-2635-4f99-8cd9-e63d9a0ef2c7,2e4657553ff7486d84e1ae1c10a0d34c,USGS-10010100,62614,00003,2016-08-08,4189.65,ft,Approved,,2025-03-11 21:31:41.809573+00:00
-112.49690297112,41.2552106532508,b082dc7b-5453-4e3b-9e13-32280fc8757b,2e4657553ff7486d84e1ae1c10a0d34c,USGS-10010100,62614,00003,2016-08-07,4189.57,ft,Approved,,2025-03-11 21:31:41.809573+00:00
-112.49690297112,41.2552106532508,6d420e34-e338-4674-b7ad-6b5a1813de57,2e4657553ff7486d84e1ae1c10a0d34c,USGS-10010100,62614,00003,2016-08-06,4189.60,ft,Approved,,2025-03-11 21:31:41.809573+00:00
-112.49690297112,41.2552106532508,60c6f367-feb3-4128-b0ac-daca75d647b8,2e4657553ff7486d84e1ae1c10a0d34c,USGS-10010100,62614,00003,2016-08-05,4189.70,ft,Approved,,2025-03-11 21:31:41.809573+00:00
-112.49690297112,41.2552106532508,3d652d60-ce8c-471c-93d7-67cb67be0f92,2e4657553ff7486d84e1ae1c10a0d34c,USGS-10010100,62614,00003,2016-08-04,4189.79,ft,Approved,,2025-03-11 21:31:41.809573+00:00
-112.49690297112,41.2552106532508,f94f0db2-d609-43ed-b46f-184c9005c25a,2e4657553ff7486d84e1ae1c10a0d34c,USGS-10010100,62614,00003,2016-08-03,4189.84,ft,Approved,,2025-03-11 21:31:41.809573+00:00
-112.49690297112,41.2552106532508,bd802044-9eb6-4bc4-9df0-eaa9953797ba,2e4657553ff7486d84e1ae1c10a0d34c,USGS-10010100,62614,00003,2016-08-02,4189.78,ft,Approved,,2025-03-11 21:31:41.809573+00:00
-112.49690297112,41.2552106532508,90425ec1-5eec-4d9a-9a97-2b00ea1bb0ce,2e4657553ff7486d84e1ae1c10a0d34c,USGS-10010100,62614,00003,2016-08-01,4189.81,ft,Approved,,2025-03-11 21:31:41.809573+00:00
-112.49690297112,41.2552106532508,ee923f7d-8825-4b8a-aa92-1d31e04fd85e,2e4657553ff7486d84e1ae1c10a0d34c,USGS-10010100,62614,00003,2016-07-31,4189.81,ft,Approved,,2025-03-11 21:31:41.809573+00:00
-112.49690297112,41.2552106532508,3fd793f8-7f7a-4f7d-8a28-114acdbeeffb,2e4657553ff7486d84e1ae1c10a0d34c,USGS-10010100,62614,00003,2016-07-30,4189.83,ft,Approved,,2025-03-11 21:31:41.809573+00:00
-112.49690297112,41.2552106532508,3e7c75de-44fb-4cb6-9e20-b3bdb9f5223a,2e4657553ff7486d84e1ae1c10a0d34c,USGS-10010100,62614,00003,2016-07-29,4189.86,ft,Approved,,2025-03-11 21:31:41.809573+00:00
-112.49690297112,41.2552106532508,02745302-91c5-4aae-8365-4fd1b0a06d17,2e4657553ff7486d84e1ae1c10a0d34c,USGS-10010100,62614,00003,2016-07-28,4189.91,ft,Approved,,2025-03-11 21:31:41.809573+00:00
-112.49690297112,41.2552106532508,0165d372-7754-42b8-aab5-68a4fa0beb38,2e4657553ff7486d84e1ae1c10a0d34c,USGS-10010100,62614,00003,2016-07-27,4189.86,ft,Approved,,2025-03-11 21:31:41.809573+00:00
-112.49690297112,41.2552106532508,b15baeb7-6d32-4258-8694-7e752d9acda1,2e4657553ff7486d84e1ae1c10a0d34c,USGS-10010100,62614,00003,2016-07-26,4189.92,ft,Approved,,2025-03-11 21:31:41.809573+00:00
-112.49690297112,41.2552106532508,bbb2b09c-43b1-4a3d-9663-c5934584dd11,2e4657553ff7486d84e1ae1c10a0d34c,USGS-10010100,62614,00003,2016-07-25,4189.94,ft,Approved,,2025-03-11 21:31:41.809573+00:00
-112.49690297112,41.2552106532508,efe95b8e-d9eb-4803-96cb-b6221b6044de,2e4657553ff7486d84e1ae1c10a0d34c,USGS-10010100,62614,00003,2016-07-24,4189.96,ft,Approved,,2025-03-11 21:31:41.809573+00:00
-112.49690297112,41.2552106532508,38e23185-1678-4d22-b30b-807c01a4da3e,2e4657553ff7486d84e1ae1c10a0d34c,USGS-10010100,62614,00003,2016-07-23,4189.99,ft,Approved,,2025-03-11 21:31:41.809573+00:00
-112.49690297112,41.2552106532508,2e738229-24b4-4c74-b8ed-344d8d02b01b,2e4657553ff7486d84e1ae1c10a0d34c,USGS-10010100,62614,00003,2016-07-22,4189.92,ft,Approved,,2025-03-11 21:31:41.809573+00:00
-112.49690297112,41.2552106532508,1fc51432-cb4f-49a3-a373-a7ed88f9fdb6,2e4657553ff7486d84e1ae1c10a0d34c,USGS-10010100,62614,00003,2016-07-21,4189.99,ft,Approved,,2025-03-11 21:31:41.809573+00:00
-112.49690297112,41.2552106532508,bca481be-91df-4b01-ab6c-ef8ff9649916,2e4657553ff7486d84e1ae1c10a0d34c,USGS-10010100,62614,00003,2016-07-20,4189.97,ft,Approved,,2025-03-11 21:31:41.809573+00:00
-112.49690297112,41.2552106532508,719f1039-d2fb-4920-b760-9c30a6e1d201,2e4657553ff7486d84e1ae1c10a0d34c,USGS-10010100,62614,00003,2016-07-19,4189.94,ft,Approved,,2025-03-11 21:31:41.809573+00:00
-112.49690297112,41.2552106532508,b0d65d87-430f-4662-9f9e-8376ffc3b9ff,2e4657553ff7486d84e1ae1c10a0d34c,USGS-10010100,62614,00003,2016-07-18,4189.92,ft,Approved,,2025-03-11 21:31:41.809573+00:00
-112.49690297112,41.2552106532508,59def236-43f0-4628-a437-22e24e1def95,2e4657553ff7486d84e1ae1c10a0d34c,USGS-10010100,62614,00003,2016-07-17,4190.05,ft,Approved,,2025-03-11 21:31:41.809573+00:00
-112.49690297112,41.2552106532508,439c0e52-a6f4-4d34-9c11-1f70ed077079,2e4657553ff7486d84e1ae1c10a0d34c,USGS-10010100,62614,00003,2016-07-16,4190.14,ft,Approved,,2025-03-11 21:31:41.809573+00:00
-112.49690297112,41.2552106532508,d0444db1-7078-40eb-a86c-4919673f0440,2e4657553ff7486d84e1ae1c10a0d34c,USGS-10010100,62614,00003,2016-07-15,4190.09,ft,Approved,,2025-03-11 21:31:41.809573+00:00
-112.49690297112,41.2552106532508,d9a07f72-6d31-4e6f-a3c7-f50ec06de679,2e4657553ff7486d84e1ae1c10a0d34c,USGS-10010100,62614,00003,2016-07-14,4190.13,ft,Approved,,2025-03-11 21:31:41.809573+00:00
-112.49690297112,41.2552106532508,e1c58c92-2ac1-4ffc-91da-d0def034d4ae,2e4657553ff7486d84e1ae1c10a0d34c,USGS-10010100,62614,00003,2016-07-13,4190.17,ft,Approved,,2025-03-11 21:31:41.809573+00:00
-112.49690297112,41.2552106532508,3618b782-af3f-4fb5-89ea-c21806bf2bc2,2e4657553ff7486d84e1ae1c10a0d34c,USGS-10010100,62614,00003,2016-07-12,4190.15,ft,Approved,,2025-03-11 21:31:41.809573+00:00
-112.49690297112,41.2552106532508,44d77a2b-8903-4140-a949-961ada928b29,2e4657553ff7486d84e1ae1c10a0d34c,USGS-10010100,62614,00003,2016-07-11,4190.20,ft,Approved,,2025-03-11 21:31:41.809573+00:00
-112.49690297112,41.2552106532508,50d2efed-3c9d-4c24-bd3c-17ebf554caf7,2e4657553ff7486d84e1ae1c10a0d34c,USGS-10010100,62614,00003,2016-07-10,4190.35,ft,Approved,,2025-03-11 21:31:41.809573+00:00
-112.49690297112,41.2552106532508,b7049c08-a91b-4c8d-98e5-ddf6b1031625,2e4657553ff7486d84e1ae1c10a0d34c,USGS-10010100,62614,00003,2016-07-09,4190.25,ft,Approved,,2025-03-11 21:31:41.809573+00:00
-112.49690297112,41.2552106532508,746a5099-fdae-4963-ba7e-bab6b9ad0ee1,2e4657553ff7486d84e1ae1c10a0d34c,USGS-10010100,62614,00003,2016-07-08,4190.20,ft,Approved,,2025-03-11 21:31:41.809573+00:00
-112.49690297112,41.2552106532508,1103e9e0-b9c0-4291-b280-00fa6b7e21fa,2e4657553ff7486d84e1ae1c10a0d34c,USGS-10010100,62614,00003,2016-07-07,4190.28,ft,Approved,,2025-03-11 21:31:41.809573+00:00
-112.49690297112,41.2552106532508,5395e971-47d1-4048-b09c-cecea3aa1a32,2e4657553ff7486d84e1ae1c10a0d34c,USGS-10010100,62614,00003,2016-07-06,4190.39,ft,Approved,,2025-03-11 21:31:41.809573+00:00
-112.49690297112,41.2552106532508,24532777-1abb-4cae-8413-274e3fa6cedb,2e4657553ff7486d84e1ae1c10a0d34c,USGS-10010100,62614,00003,2016-07-05,4190.39,ft,Approved,,2025-03-11 21:31:41.809573+00:00
-112.49690297112,41.2552106532508,98e88742-2fca-40ff-ad96-fc4a4a19051a,2e4657553ff7486d84e1ae1c10a0d34c,USGS-10010100,62614,00003,2016-07-04,4190.36,ft,Approved,,2025-03-11 21:31:41.809573+00:00
-112.49690297112,41.2552106532508,aa95c09e-5691-40ad-9e6f-c7294e81885d,2e4657553ff7486d84e1ae1c10a0d34c,USGS-10010100,62614,00003,2016-07-03,4190.30,ft,Approved,,2025-03-11 21:31:41.809573+00:00
-112.49690297112,41.2552106532508,7ec63c34-304e-414c-b328-079fc152ed55,2e4657553ff7486d84e1ae1c10a0d34c,USGS-10010100,62614,00003,2016-07-02,4190.37,ft,Approved,,2025-03-11 21:31:41.809573+00:00
-112.49690297112,41.2552106532508,9467fc53-9790-4759-b805-3d77e2dab071,2e4657553ff7486d84e1ae1c10a0d34c,USGS-10010100,62614,00003,2016-07-01,4190.43,ft,Approved,,2025-03-11 21:31:41.809573+00:00
-112.49690297112,41.2552106532508,ecdb9c10-3547-4653-a43f-097aa93779f8,2e4657553ff7486d84e1ae1c10a0d34c,USGS-10010100,62614,00003,2016-06-30,4190.40,ft,Approved,,2025-03-11 21:31:41.809573+00:00
-112.49690297112,41.2552106532508,257f833c-b691-4300-aea0-158927e35ea4,2e4657553ff7486d84e1ae1c10a0d34c,USGS-10010100,62614,00003,2016-06-29,4190.38,ft,Approved,,2025-03-11 21:31:41.809573+00:00
-112.49690297112,41.2552106532508,958a7c26-25a6-48fe-98fd-174dafb82b1b,2e4657553ff7486d84e1ae1c10a0d34c,USGS-10010100,62614,00003,2016-06-28,4190.44,ft,Approved,,2025-03-11 21:31:41.809573+00:00
-112.49690297112,41.2552106532508,e676ab83-af0d-434a-b9ee-e790e3d3f9cd,2e4657553ff7486d84e1ae1c10a0d34c,USGS-10010100,62614,00003,2016-06-27,4190.44,ft,Approved,,2025-03-11 21:31:41.809573+00:00
-112.49690297112,41.2552106532508,49d9a9b6-e719-4e63-af3b-3d59d4fc16d9,2e4657553ff7486d84e1ae1c10a0d34c,USGS-10010100,62614,00003,2016-06-26,4190.45,ft,Approved,,2025-03-11 21:31:41.809573+00:00
-112.49690297112,41.2552106532508,5a3cc6ca-5ccd-4b9b-9823-9de19a588e45,2e4657553ff7486d84e1ae1c10a0d34c,USGS-10010100,62614,00003,2016-06-25,4190.51,ft,Approved,,2025-03-11 21:31:41.809573+00:00
-112.49690297112,41.2552106532508,446774fe-6dfb-4730-8ceb-a15f89ca7e3d,2e4657553ff7486d84e1ae1c10a0d34c,USGS-10010100,62614,00003,2016-06-24,4190.58,ft,Approved,,2025-03-11 21:31:41.809573+00:00
-112.49690297112,41.2552106532508,d267ab47-27fe-4944-a916-c8f2234df024,2e4657553ff7486d84e1ae1c10a0d34c,USGS-10010100,62614,00003,2016-06-23,4190.53,ft,Approved,,2025-03-11 21:31:41.809573+00:00
-112.49690297112,41.2552106532508,0dae0ee1-71e6-484a-abda-cac815ef1ba2,2e4657553ff7486d84e1ae1c10a0d34c,USGS-10010100,62614,00003,2016-06-22,4190.56,ft,Approved,,2025-03-11 21:31:41.809573+00:00
-112.49690297112,41.2552106532508,57cb2d01-5e6d-4c20-abe5-3c5de762dd3e,2e4657553ff7486d84e1ae1c10a0d34c,USGS-10010100,62614,00003,2016-06-21,4190.58,ft,Approved,,2025-03-11 21:31:41.809573+00:00
-112.49690297112,41.2552106532508,5333a928-df57-4572-8935-fd780febb4ab,2e4657553ff7486d84e1ae1c10a0d34c,USGS-10010100,62614,00003,2016-06-20,4190.56,ft,Approved,,2025-03-11 21:31:41.809573+00:00
-112.49690297112,41.2552106532508,dab1c790-2b6f-4857-9393-5421fbb0f7d1,2e4657553ff7486d84e1ae1c10a0d34c,USGS-10010100,62614,00003,2016-06-19,4190.72,ft,Approved,,2025-03-11 21:31:41.809573+00:00
-112.49690297112,41.2552106532508,9e984514-a43c-4e6a-9bb8-bc2fd2c2786d,2e4657553ff7486d84e1ae1c10a0d34c,USGS-10010100,62614,00003,2016-06-18,4190.54,ft,Approved,,2025-03-11 21:31:41.809573+00:00
-112.49690297112,41.2552106532508,e90b293d-f70e-4cf8-ad72-9ce2f191e4b3,2e4657553ff7486d84e1ae1c10a0d34c,USGS-10010100,62614,00003,2016-06-17,4190.63,ft,Approved,,2025-03-11 21:31:41.809573+00:00
-112.49690297112,41.2552106532508,ea189db8-0204-4105-95ae-c4f698d3e587,2e4657553ff7486d84e1ae1c10a0d34c,USGS-10010100,62614,00003,2016-06-16,4190.75,ft,Approved,,2025-03-11 21:31:41.809573+00:00
-112.49690297112,41.2552106532508,30a23b35-c5ae-45bf-979f-d921b7030568,2e4657553ff7486d84e1ae1c10a0d34c,USGS-10010100,62614,00003,2016-06-15,4190.67,ft,Approved,,2025-03-11 21:31:41.809573+00:00
-112.49690297112,41.2552106532508,1ff3fac8-fb62-466b-8dcb-778b2bbb7111,2e4657553ff7486d84e1ae1c10a0d34c,USGS-10010100,62614,00003,2016-06-14,4190.59,ft,Approved,,2025-03-11 21:31:41.809573+00:00
-112.49690297112,41.2552106532508,775fca64-590d-4876-89f1-4259ab1056ee,2e4657553ff7486d84e1ae1c10a0d34c,USGS-10010100,62614,00003,2016-06-13,4190.60,ft,Approved,,2025-03-11 21:31:41.809573+00:00
-112.49690297112,41.2552106532508,69c838e6-2029-4f7c-bfe7-9039e19959b2,2e4657553ff7486d84e1ae1c10a0d34c,USGS-10010100,62614,00003,2016-06-12,4190.72,ft,Approved,,2025-03-11 21:31:41.809573+00:00
-112.49690297112,41.2552106532508,f29e680c-a74c-4876-8072-a801ac844d86,2e4657553ff7486d84e1ae1c10a0d34c,USGS-10010100,62614,00003,2016-06-11,4190.72,ft,Approved,,2025-03-11 21:31:41.809573+00:00
-112.49690297112,41.2552106532508,eb38b907-7599-454d-ad5a-55f31d874f4e,2e4657553ff7486d84e1ae1c10a0d34c,USGS-10010100,62614,00003,2016-06-10,4190.60,ft,Approved,,2025-03-11 21:31:41.809573+00:00
-112.49690297112,41.2552106532508,aa977b72-a753-4f4c-8714-916df543fa19,2e4657553ff7486d84e1ae1c10a0d34c,USGS-10010100,62614,00003,2016-06-09,4190.69,ft,Approved,,2025-03-11 21:31:41.809573+00:00
-112.49690297112,41.2552106532508,b8b0ab05-e887-442f-83e0-dd529b24856e,2e4657553ff7486d84e1ae1c10a0d34c,USGS-10010100,62614,00003,2016-06-08,4190.66,ft,Approved,,2025-03-11 21:31:41.809573+00:00
-112.49690297112,41.2552106532508,c5ef5699-aee2-4408-aabc-067bf30a30b5,2e4657553ff7486d84e1ae1c10a0d34c,USGS-10010100,62614,00003,2016-06-07,4190.74,ft,Approved,,2025-03-11 21:31:41.809573+00:00
-112.49690297112,41.2552106532508,afd0a34e-b418-4124-849a-5b1b12cc7905,2e4657553ff7486d84e1ae1c10a0d34c,USGS-10010100,62614,00003,2016-06-06,4190.65,ft,Approved,,2025-03-11 21:31:41.809573+00:00
-112.49690297112,41.2552106532508,f7eb967a-7c68-44da-9ce9-3ddce9f2b93a,2e4657553ff7486d84e1ae1c10a0d34c,USGS-10010100,62614,00003,2016-06-05,4190.73,ft,Approved,,2025-03-11 21:31:41.809573+00:00
-112.49690297112,41.2552106532508,adab6603-4b28-47c5-b014-8245c9978719,2e4657553ff7486d84e1ae1c10a0d34c,USGS-10010100,62614,00003,2016-06-04,4190.76,ft,Approved,,2025-03-11 21:31:41.809573+00:00
-112.49690297112,41.2552106532508,b6ac4322-503b-456d-9466-5f0acabe8e56,2e4657553ff7486d84e1ae1c10a0d34c,USGS-10010100,62614,00003,2016-06-03,4190.76,ft,Approved,,2025-03-11 21:31:41.809573+00:00
-112.49690297112,41.2552106532508,70ab616a-4956-4c19-ba8f-bd7361284053,2e4657553ff7486d84e1ae1c10a0d34c,USGS-10010100,62614,00003,2016-06-02,4190.73,ft,Approved,,2025-03-11 21:31:41.809573+00:00
-112.49690297112,41.2552106532508,4dec55ed-19c4-4b68-aef6-00dc9af11ee0,2e4657553ff7486d84e1ae1c10a0d34c,USGS-10010100,62614,00003,2016-06-01,4190.77,ft,Approved,,2025-03-11 21:31:41.809573+00:00
-112.49690297112,41.2552106532508,0b581d23-b218-45de-9f59-e1060b5798c2,2e4657553ff7486d84e1ae1c10a0d34c,USGS-10010100,62614,00003,2016-05-31,4190.83,ft,Approved,,2025-03-11 21:31:41.809573+00:00
-112.49690297112,41.2552106532508,d4cf12bf-ba69-4c76-8120-7778d310c17e,2e4657553ff7486d84e1ae1c10a0d34c,USGS-10010100,62614,00003,2016-05-30,4190.76,ft,Approved,,2025-03-11 21:31:41.809573+00:00
-112.49690297112,41.2552106532508,4ad1daf5-658d-4920-ac64-c4cf4796f7eb,2e4657553ff7486d84e1ae1c10a0d34c,USGS-10010100,62614,00003,2016-05-29,4190.82,ft,Approved,,2025-03-11 21:31:41.809573+00:00
-112.49690297112,41.2552106532508,bee7725d-08a5-4298-9c67-0d874fcd8ba9,2e4657553ff7486d84e1ae1c10a0d34c,USGS-10010100,62614,00003,2016-05-28,4190.85,ft,Approved,,2025-03-11 21:31:41.809573+00:00
-112.49690297112,41.2552106532508,78359c11-7a53-497e-b7b2-86e225ba0786,2e4657553ff7486d84e1ae1c10a0d34c,USGS-10010100,62614,00003,2016-05-27,4190.86,ft,Approved,,2025-03-11 21:31:41.809573+00:00
-112.49690297112,41.2552106532508,10b6ab2c-4b4f-40cc-bc86-3a9c3160de53,2e4657553ff7486d84e1ae1c10a0d34c,USGS-10010100,62614,00003,2016-05-26,4190.87,ft,Approved,,2025-03-11 21:31:41.809573+00:00
-112.49690297112,41.2552106532508,2b6bd303-ef0d-428c-a2e0-b2bbdb98c715,2e4657553ff7486d84e1ae1c10a0d34c,USGS-10010100,62614,00003,2016-05-25,4190.88,ft,Approved,,2025-03-11 21:31:41.809573+00:00
-112.49690297112,41.2552106532508,32207122-8842-480d-b198-aba7a8ed394b,2e4657553ff7486d84e1ae1c10a0d34c,USGS-10010100,62614,00003,2016-05-24,4190.85,ft,Approved,,2025-03-11 21:31:41.809573+00:00
-112.49690297112,41.2552106532508,3412888d-2732-4dc6-bff4-ac46483d0272,2e4657553ff7486d84e1ae1c10a0d34c,USGS-10010100,62614,00003,2016-05-23,4190.88,ft,Approved,,2025-03-11 21:31:41.809573+00:00
-112.49690297112,41.2552106532508,18990998-b9be-4c00-8d4c-71f957894fa0,2e4657553ff7486d84e1ae1c10a0d34c,USGS-10010100,62614,00003,2016-05-22,4190.85,ft,Approved,,2025-03-11 21:31:41.809573+00:00
-112.49690297112,41.2552106532508,4f0ac96c-fd5b-4424-aba4-d7b57ff0da69,2e4657553ff7486d84e1ae1c10a0d34c,USGS-10010100,62614,00003,2016-05-21,4190.85,ft,Approved,,2025-03-11 21:31:41.809573+00:00
-112.49690297112,41.2552106532508,e59db620-4557-4e45-a1e9-0e74e0237ea1,2e4657553ff7486d84e1ae1c10a0d34c,USGS-10010100,62614,00003,2016-05-20,4190.90,ft,Approved,,2025-03-11 21:31:41.809573+00:00
-112.49690297112,41.2552106532508,b8bc8f89-7172-40d0-9d1a-6ab1b17d9c3c,2e4657553ff7486d84e1ae1c10a0d34c,USGS-10010100,62614,00003,2016-05-19,4190.76,ft,Approved,,2025-03-11 21:31:41.809573+00:00
-112.49690297112,41.2552106532508,9c71a6bc-7a02-4bd7-adc5-a450886bed8b,2e4657553ff7486d84e1ae1c10a0d34c,USGS-10010100,62614,00003,2016-05-18,4190.82,ft,Approved,,2025-03-11 21:31:41.809573+00:00
-112.49690297112,41.2552106532508,e8d50775-981d-4c35-af44-0c3cbde5e23d,2e4657553ff7486d84e1ae1c10a0d34c,USGS-10010100,62614,00003,2016-05-17,4190.82,ft,Approved,,2025-03-11 21:31:41.809573+00:00
-112.49690297112,41.2552106532508,56b36c8b-ae5a-4172-95f7-618d669cf7fe,2e4657553ff7486d84e1ae1c10a0d34c,USGS-10010100,62614,00003,2016-05-16,4190.92,ft,Approved,,2025-03-11 21:31:41.809573+00:00
-112.49690297112,41.2552106532508,c86c61f0-5a07-4ec4-bcd2-883301a175d2,2e4657553ff7486d84e1ae1c10a0d34c,USGS-10010100,62614,00003,2016-05-15,4190.98,ft,Approved,,2025-03-11 21:31:41.809573+00:00
-112.49690297112,41.2552106532508,631c53e4-f688-476c-96cd-fde86dc79782,2e4657553ff7486d84e1ae1c10a0d34c,USGS-10010100,62614,00003,2016-05-14,4190.84,ft,Approved,,2025-03-11 21:31:41.809573+00:00
-112.49690297112,41.2552106532508,11a62c96-4f1a-4bfe-9166-7947f1443673,2e4657553ff7486d84e1ae1c10a0d34c,USGS-10010100,62614,00003,2016-05-13,4190.86,ft,Approved,,2025-03-11 21:31:41.809573+00:00
-112.49690297112,41.2552106532508,6757c2b0-d5af-40ec-a6fd-6ba9fb6f8853,2e4657553ff7486d84e1ae1c10a0d34c,USGS-10010100,62614,00003,2016-05-12,4190.82,ft,Approved,,2025-03-11 21:31:41.809573+00:00
-112.49690297112,41.2552106532508,75026f08-e7f9-44a3-999c-7949f8802d5d,2e4657553ff7486d84e1ae1c10a0d34c,USGS-10010100,62614,00003,2016-05-11,4190.89,ft,Approved,,2025-03-11 21:31:41.809573+00:00
-112.49690297112,41.2552106532508,11e2506f-b527-4162-9142-749ef2fd2f36,2e4657553ff7486d84e1ae1c10a0d34c,USGS-10010100,62614,00003,2016-05-10,4190.94,ft,Approved,,2025-03-11 21:31:41.809573+00:00
-112.49690297112,41.2552106532508,3d81ae18-971e-433c-bb11-03836251a1b8,2e4657553ff7486d84e1ae1c10a0d34c,USGS-10010100,62614,00003,2016-05-09,4190.99,ft,Approved,,2025-03-11 21:31:41.809573+00:00
-112.49690297112,41.2552106532508,4a2cc238-6997-4891-8d4c-bf040d4a5abd,2e4657553ff7486d84e1ae1c10a0d34c,USGS-10010100,62614,00003,2016-05-08,4190.80,ft,Approved,,2025-03-11 21:31:41.809573+00:00
-112.49690297112,41.2552106532508,acec15ac-703f-4fbd-81e3-8b8c82630840,2e4657553ff7486d84e1ae1c10a0d34c,USGS-10010100,62614,00003,2016-05-07,4190.87,ft,Approved,,2025-03-11 21:31:41.809573+00:00
-112.49690297112,41.2552106532508,bf8c5b8c-77e2-4e92-b7db-8badfb43122e,2e4657553ff7486d84e1ae1c10a0d34c,USGS-10010100,62614,00003,2016-05-06,4190.76,ft,Approved,,2025-03-11 21:31:41.809573+00:00
-112.49690297112,41.2552106532508,e0e824e3-b11d-4c47-b97f-04c06bf7c36d,2e4657553ff7486d84e1ae1c10a0d34c,USGS-10010100,62614,00003,2016-05-05,4190.85,ft,Approved,,2025-03-11 21:31:41.809573+00:00
-112.49690297112,41.2552106532508,d122881a-d4c7-40bc-a43c-dc0911a0f5e1,2e4657553ff7486d84e1ae1c10a0d34c,USGS-10010100,62614,00003,2016-05-04,4190.88,ft,Approved,,2025-03-11 21:31:41.809573+00:00
-112.49690297112,41.2552106532508,3cfc4a65-fb7d-41a5-bc3c-4dce80d02b72,2e4657553ff7486d84e1ae1c10a0d34c,USGS-10010100,62614,00003,2016-05-03,4190.90,ft,Approved,,2025-03-11 21:31:41.809573+00:00
-112.49690297112,41.2552106532508,91163a09-4f51-49f6-94d7-72aa66a79948,2e4657553ff7486d84e1ae1c10a0d34c,USGS-10010100,62614,00003,2016-05-02,4190.90,ft,Approved,,2025-03-11 21:31:41.809573+00:00
-112.49690297112,41.2552106532508,6a6cac08-9c4b-4cfe-883f-59d9f34e5a26,2e4657553ff7486d84e1ae1c10a0d34c,USGS-10010100,62614,00003,2016-05-01,4190.72,ft,Approved,,2025-03-11 21:31:41.809573+00:00
-112.49690297112,41.2552106532508,209aaf09-7213-4825-aefd-a05b900a832a,2e4657553ff7486d84e1ae1c10a0d34c,USGS-10010100,62614,00003,2016-04-30,4190.99,ft,Approved,,2025-03-11 21:31:41.809573+00:00
-112.49690297112,41.2552106532508,ea5c2ad8-5bba-43ca-b1c6-1f63e3dd2924,2e4657553ff7486d84e1ae1c10a0d34c,USGS-10010100,62614,00003,2016-04-29,4190.90,ft,Approved,,2025-03-11 21:31:41.809573+00:00
-112.49690297112,41.2552106532508,badeaa0f-3232-4969-b268-f08297c14f1f,2e4657553ff7486d84e1ae1c10a0d34c,USGS-10010100,62614,00003,2016-04-28,4190.92,ft,Approved,,2025-03-11 21:31:41.809573+00:00
-112.49690297112,41.2552106532508,81db8baf-f5d8-41d4-bae7-fefc5ee30366,2e4657553ff7486d84e1ae1c10a0d34c,USGS-10010100,62614,00003,2016-04-27,4190.94,ft,Approved,,2025-03-11 21:31:41.809573+00:00
-112.49690297112,41.2552106532508,a97beab8-75e9-4a0b-a9ff-213282cdacc3,2e4657553ff7486d84e1ae1c10a0d34c,USGS-10010100,62614,00003,2016-04-26,4191.12,ft,Approved,,2025-03-11 21:31:41.809573+00:00
-112.49690297112,41.2552106532508,50859413-e012-4364-a352-5d963691cdd7,2e4657553ff7486d84e1ae1c10a0d34c,USGS-10010100,62614,00003,2016-04-25,4190.91,ft,Approved,,2025-03-11 21:31:41.809573+00:00
-112.49690297112,41.2552106532508,98f5aed2-fe19-4ea7-b413-76d4bc39a0aa,2e4657553ff7486d84e1ae1c10a0d34c,USGS-10010100,62614,00003,2016-04-24,4190.94,ft,Approved,,2025-03-11 21:31:41.809573+00:00
-112.49690297112,41.2552106532508,9636a635-a3df-4f2c-861a-3048764673dd,2e4657553ff7486d84e1ae1c10a0d34c,USGS-10010100,62614,00003,2016-04-23,4190.97,ft,Approved,,2025-03-11 21:31:41.809573+00:00
-112.49690297112,41.2552106532508,6f25b03a-ad8b-4a89-af67-0f4bf5e140c7,2e4657553ff7486d84e1ae1c10a0d34c,USGS-10010100,62614,00003,2016-04-22,4190.76,ft,Approved,,2025-03-11 21:31:41.809573+00:00
-112.49690297112,41.2552106532508,12eb9a56-3aa3-45c8-b98d-35b938968305,2e4657553ff7486d84e1ae1c10a0d34c,USGS-10010100,62614,00003,2016-04-21,4190.91,ft,Approved,,2025-03-11 21:31:41.809573+00:00
-112.49690297112,41.2552106532508,223be40d-1adb-4edc-a5e8-35bc6abbf998,2e4657553ff7486d84e1ae1c10a0d34c,USGS-10010100,62614,00003,2016-04-20,4190.91,ft,Approved,,2025-03-11 21:31:41.809573+00:00
-112.49690297112,41.2552106532508,9aa00bbc-b444-4d47-b064-f63daa271aaa,2e4657553ff7486d84e1ae1c10a0d34c,USGS-10010100,62614,00003,2016-04-19,4190.92,ft,Approved,,2025-03-11 21:31:41.809573+00:00
-112.49690297112,41.2552106532508,620f21f0-ded2-46eb-84cc-13976c256d43,2e4657553ff7486d84e1ae1c10a0d34c,USGS-10010100,62614,00003,2016-04-18,4190.92,ft,Approved,,2025-03-11 21:31:41.809573+00:00
-112.49690297112,41.2552106532508,1a639b2d-8108-45f1-b4bc-d833c7b8cd52,2e4657553ff7486d84e1ae1c10a0d34c,USGS-10010100,62614,00003,2016-04-17,4190.95,ft,Approved,,2025-03-11 21:31:41.809573+00:00
-112.49690297112,41.2552106532508,c0c51b90-72a9-4934-bbf0-9f7a76d5d154,2e4657553ff7486d84e1ae1c10a0d34c,USGS-10010100,62614,00003,2016-04-16,4191.13,ft,Approved,,2025-03-11 21:31:41.809573+00:00
-112.49690297112,41.2552106532508,b753cca1-eabe-4291-81ca-cd5e2864b270,2e4657553ff7486d84e1ae1c10a0d34c,USGS-10010100,62614,00003,2016-04-15,4191.06,ft,Approved,,2025-03-11 21:31:41.809573+00:00
-112.49690297112,41.2552106532508,d2ab3f4d-6302-4886-8f2a-a7caeaa48239,2e4657553ff7486d84e1ae1c10a0d34c,USGS-10010100,62614,00003,2016-04-14,4190.90,ft,Approved,,2025-03-11 21:31:41.809573+00:00
-112.49690297112,41.2552106532508,1f68a0f4-f6d8-44d5-9a60-36efa56d3c8a,2e4657553ff7486d84e1ae1c10a0d34c,USGS-10010100,62614,00003,2016-04-13,4190.86,ft,Approved,,2025-03-11 21:31:41.809573+00:00
-112.49690297112,41.2552106532508,e63f740d-11a6-4847-b949-ef3561811734,2e4657553ff7486d84e1ae1c10a0d34c,USGS-10010100,62614,00003,2016-04-12,4190.90,ft,Approved,,2025-03-11 21:31:41.809573+00:00
-112.49690297112,41.2552106532508,2ec905ec-5665-4a8f-b621-a303777873fb,2e4657553ff7486d84e1ae1c10a0d34c,USGS-10010100,62614,00003,2016-04-11,4190.91,ft,Approved,,2025-03-11 21:31:41.809573+00:00
-112.49690297112,41.2552106532508,cabb44bd-13d1-43fd-9d90-4f84637925ed,2e4657553ff7486d84e1ae1c10a0d34c,USGS-10010100,62614,00003,2016-04-10,4190.88,ft,Approved,,2025-03-11 21:31:41.809573+00:00
-112.49690297112,41.2552106532508,466a9f8d-9e7e-45ee-851b-471c20829a6f,2e4657553ff7486d84e1ae1c10a0d34c,USGS-10010100,62614,00003,2016-04-09,4190.84,ft,Approved,,2025-03-11 21:31:41.809573+00:00
-112.49690297112,41.2552106532508,198485e2-df16-409c-b8a4-2f7bf3d7cd44,2e4657553ff7486d84e1ae1c10a0d34c,USGS-10010100,62614,00003,2016-04-08,4190.91,ft,Approved,,2025-03-11 21:31:41.809573+00:00
-112.49690297112,41.2552106532508,aeaa5f67-cc1e-4245-bbe1-42ccc4839af2,2e4657553ff7486d84e1ae1c10a0d34c,USGS-10010100,62614,00003,2016-04-07,4190.91,ft,Approved,,2025-03-11 21:31:41.809573+00:00
-112.49690297112,41.2552106532508,6f9222bd-b620-4da4-b907-55e60d65621c,2e4657553ff7486d84e1ae1c10a0d34c,USGS-10010100,62614,00003,2016-04-06,4190.93,ft,Approved,,2025-03-11 21:31:41.809573+00:00
-112.49690297112,41.2552106532508,2f75056b-e9ec-4bf2-9a34-cbfeba09245d,2e4657553ff7486d84e1ae1c10a0d34c,USGS-10010100,62614,00003,2016-04-05,4190.94,ft,Approved,,2025-03-11 21:31:41.809573+00:00
-112.49690297112,41.2552106532508,2b10f50b-24d9-4ef9-b216-bca4ecb8abfc,2e4657553ff7486d84e1ae1c10a0d34c,USGS-10010100,62614,00003,2016-04-04,4190.93,ft,Approved,,2025-03-11 21:31:41.809573+00:00
-112.49690297112,41.2552106532508,3de723aa-2c80-45f7-9428-c31848290a76,2e4657553ff7486d84e1ae1c10a0d34c,USGS-10010100,62614,00003,2016-04-03,4190.91,ft,Approved,,2025-03-11 21:31:41.809573+00:00
-112.49690297112,41.2552106532508,98438f7b-2201-4584-9772-ecbb82acd65c,2e4657553ff7486d84e1ae1c10a0d34c,USGS-10010100,62614,00003,2016-04-02,4190.92,ft,Approved,,2025-03-11 21:31:41.809573+00:00
-112.49690297112,41.2552106532508,e471f457-21b8-431e-8b98-f53fc54cc970,2e4657553ff7486d84e1ae1c10a0d34c,USGS-10010100,62614,00003,2016-04-01,4190.94,ft,Approved,,2025-03-11 21:31:41.809573+00:00
-112.49690297112,41.2552106532508,a939efee-c0a6-4129-aa51-7b3e9201a9b6,2e4657553ff7486d84e1ae1c10a0d34c,USGS-10010100,62614,00003,2016-03-31,4190.94,ft,Approved,,2025-03-11 21:31:41.809573+00:00
-112.49690297112,41.2552106532508,c791de78-a98a-4cad-9821-69f709fa8ae8,2e4657553ff7486d84e1ae1c10a0d34c,USGS-10010100,62614,00003,2016-03-30,4190.90,ft,Approved,,2025-03-11 21:31:41.809573+00:00
-112.49690297112,41.2552106532508,6bd89c8d-ac01-4c54-b158-f8e59795ffae,2e4657553ff7486d84e1ae1c10a0d34c,USGS-10010100,62614,00003,2016-03-29,4190.88,ft,Approved,,2025-03-11 21:31:41.809573+00:00
-112.49690297112,41.2552106532508,fd98cbc9-5d09-4aad-a49b-4d9da9242c65,2e4657553ff7486d84e1ae1c10a0d34c,USGS-10010100,62614,00003,2016-03-28,4190.98,ft,Approved,,2025-03-11 21:31:41.809573+00:00
-112.49690297112,41.2552106532508,df7e9141-2d1e-4766-aad8-5071ede8d2f2,2e4657553ff7486d84e1ae1c10a0d34c,USGS-10010100,62614,00003,2016-03-27,4190.80,ft,Approved,,2025-03-11 21:31:41.809573+00:00
-112.49690297112,41.2552106532508,92f01897-f35c-4125-be36-6327a490a7d0,2e4657553ff7486d84e1ae1c10a0d34c,USGS-10010100,62614,00003,2016-03-26,4190.88,ft,Approved,,2025-03-11 21:31:41.809573+00:00
-112.49690297112,41.2552106532508,5ce6515b-9641-4590-9de7-9e8e451a550a,2e4657553ff7486d84e1ae1c10a0d34c,USGS-10010100,62614,00003,2016-03-25,4190.86,ft,Approved,,2025-03-11 21:31:41.809573+00:00
-112.49690297112,41.2552106532508,ae453a33-56c3-4cb4-989f-ec0315e59f34,2e4657553ff7486d84e1ae1c10a0d34c,USGS-10010100,62614,00003,2016-03-24,4190.83,ft,Approved,,2025-03-11 21:31:41.809573+00:00
-112.49690297112,41.2552106532508,96dfdc16-a56a-44c3-8972-004f498e2234,2e4657553ff7486d84e1ae1c10a0d34c,USGS-10010100,62614,00003,2016-03-23,4190.84,ft,Approved,,2025-03-11 21:31:41.809573+00:00
-112.49690297112,41.2552106532508,7043a12c-a446-4166-b59a-448344238e58,2e4657553ff7486d84e1ae1c10a0d34c,USGS-10010100,62614,00003,2016-03-22,4190.90,ft,Approved,,2025-03-11 21:31:41.809573+00:00
-112.49690297112,41.2552106532508,88bcdc4e-4af5-4a15-84ec-f39985ced51e,2e4657553ff7486d84e1ae1c10a0d34c,USGS-10010100,62614,00003,2016-03-21,4190.86,ft,Approved,,2025-03-11 21:31:41.809573+00:00
-112.49690297112,41.2552106532508,157bc433-5a4c-4f38-8f89-6280cb47f222,2e4657553ff7486d84e1ae1c10a0d34c,USGS-10010100,62614,00003,2016-03-20,4190.88,ft,Approved,,2025-03-11 21:31:41.809573+00:00
-112.49690297112,41.2552106532508,5ebff660-1fc4-4055-9cf6-9b732ca6ed08,2e4657553ff7486d84e1ae1c10a0d34c,USGS-10010100,62614,00003,2016-03-19,4190.90,ft,Approved,,2025-03-11 21:31:41.809573+00:00
-112.49690297112,41.2552106532508,39b28b7f-cc1a-4865-808d-536db778cd74,2e4657553ff7486d84e1ae1c10a0d34c,USGS-10010100,62614,00003,2016-03-18,4190.93,ft,Approved,,2025-03-11 21:31:41.809573+00:00
-112.49690297112,41.2552106532508,9d40e7ff-b311-4ca0-9329-44900a0b677d,2e4657553ff7486d84e1ae1c10a0d34c,USGS-10010100,62614,00003,2016-03-17,4190.91,ft,Approved,,2025-03-11 21:31:41.809573+00:00
-112.49690297112,41.2552106532508,49623953-a7a9-460c-8b6b-edcc95158b22,2e4657553ff7486d84e1ae1c10a0d34c,USGS-10010100,62614,00003,2016-03-16,4190.90,ft,Approved,,2025-03-11 21:31:41.809573+00:00
-112.49690297112,41.2552106532508,a7e10f70-1749-496d-899d-686b8cebacc8,2e4657553ff7486d84e1ae1c10a0d34c,USGS-10010100,62614,00003,2016-03-15,4190.91,ft,Approved,,2025-03-11 21:31:41.809573+00:00
-112.49690297112,41.2552106532508,d76c2c05-dbb5-4659-b061-a308a113f413,2e4657553ff7486d84e1ae1c10a0d34c,USGS-10010100,62614,00003,2016-03-14,4190.97,ft,Approved,,2025-03-11 21:31:41.809573+00:00
-112.49690297112,41.2552106532508,6461eaa8-3f2f-486c-8a2f-caf8866f50f8,2e4657553ff7486d84e1ae1c10a0d34c,USGS-10010100,62614,00003,2016-03-13,4190.86,ft,Approved,,2025-03-11 21:31:41.809573+00:00
-112.49690297112,41.2552106532508,be7d2569-957d-43a5-814f-8ddc558acf14,2e4657553ff7486d84e1ae1c10a0d34c,USGS-10010100,62614,00003,2016-03-12,4190.91,ft,Approved,,2025-03-11 21:31:41.809573+00:00
-112.49690297112,41.2552106532508,5e96c8a2-199b-47ca-863e-1e2377c3de01,2e4657553ff7486d84e1ae1c10a0d34c,USGS-10010100,62614,00003,2016-03-11,4190.85,ft,Approved,,2025-03-11 21:31:41.809573+00:00
-112.49690297112,41.2552106532508,84580b80-b9da-45af-8e7e-068c03fbb2bb,2e4657553ff7486d84e1ae1c10a0d34c,USGS-10010100,62614,00003,2016-03-10,4190.83,ft,Approved,,2025-03-11 21:31:41.809573+00:00
-112.49690297112,41.2552106532508,14b3e904-a91f-4512-90bb-bd8b9d237ec8,2e4657553ff7486d84e1ae1c10a0d34c,USGS-10010100,62614,00003,2016-03-09,4190.88,ft,Approved,,2025-03-11 21:31:41.809573+00:00
-112.49690297112,41.2552106532508,f6ca46ce-0de4-44b1-9724-a3fc09d056a3,2e4657553ff7486d84e1ae1c10a0d34c,USGS-10010100,62614,00003,2016-03-08,4190.89,ft,Approved,,2025-03-11 21:31:41.809573+00:00
-112.49690297112,41.2552106532508,26c0958b-8e86-4493-b2ea-6a25720074bf,2e4657553ff7486d84e1ae1c10a0d34c,USGS-10010100,62614,00003,2016-03-07,4190.88,ft,Approved,,2025-03-11 21:31:41.809573+00:00
-112.49690297112,41.2552106532508,941d1ca2-2376-4bc4-9fb2-21dea5783e40,2e4657553ff7486d84e1ae1c10a0d34c,USGS-10010100,62614,00003,2016-03-06,4190.82,ft,Approved,,2025-03-11 21:31:41.809573+00:00
-112.49690297112,41.2552106532508,ba1e2d88-ac1c-4407-af40-c01a85f0194a,2e4657553ff7486d84e1ae1c10a0d34c,USGS-10010100,62614,00003,2016-03-05,4190.82,ft,Approved,,2025-03-11 21:31:41.809573+00:00
-112.49690297112,41.2552106532508,09817642-b69b-43e9-860f-3ec071d298ca,2e4657553ff7486d84e1ae1c10a0d34c,USGS-10010100,62614,00003,2016-03-04,4190.86,ft,Approved,,2025-03-11 21:31:41.809573+00:00
-112.49690297112,41.2552106532508,c5fc8fd2-dbb9-4e3a-b05a-42d88b8e6d2f,2e4657553ff7486d84e1ae1c10a0d34c,USGS-10010100,62614,00003,2016-03-03,4190.84,ft,Approved,,2025-03-11 21:31:41.809573+00:00
-112.49690297112,41.2552106532508,f508a7b6-0358-4a39-b444-dc794c3e409e,2e4657553ff7486d84e1ae1c10a0d34c,USGS-10010100,62614,00003,2016-03-02,4190.83,ft,Approved,,2025-03-11 21:31:41.809573+00:00
-112.49690297112,41.2552106532508,3dab7be4-aeb4-4124-a521-7b0cadd424a7,2e4657553ff7486d84e1ae1c10a0d34c,USGS-10010100,62614,00003,2016-03-01,4190.83,ft,Approved,,2025-03-11 21:31:41.809573+00:00
-112.49690297112,41.2552106532508,1e4cb88b-aa04-4066-a184-12b0f34add2d,2e4657553ff7486d84e1ae1c10a0d34c,USGS-10010100,62614,00003,2016-02-29,4190.85,ft,Approved,,2025-03-11 21:31:41.809573+00:00
-112.49690297112,41.2552106532508,7369fa0d-d7eb-48cc-a169-d04f05ae0771,2e4657553ff7486d84e1ae1c10a0d34c,USGS-10010100,62614,00003,2016-02-28,4190.85,ft,Approved,,2025-03-11 21:31:41.809573+00:00
-112.49690297112,41.2552106532508,ede76189-b782-48d3-92e7-128be514ad55,2e4657553ff7486d84e1ae1c10a0d34c,USGS-10010100,62614,00003,2016-02-27,4190.87,ft,Approved,,2025-03-11 21:31:41.809573+00:00
-112.49690297112,41.2552106532508,638b9c53-756a-466d-9e67-6231dfd2dd4d,2e4657553ff7486d84e1ae1c10a0d34c,USGS-10010100,62614,00003,2016-02-26,4190.86,ft,Approved,,2025-03-11 21:31:41.809573+00:00
-112.49690297112,41.2552106532508,4fca1217-1632-4d8a-9808-867dc2ce4a03,2e4657553ff7486d84e1ae1c10a0d34c,USGS-10010100,62614,00003,2016-02-25,4190.86,ft,Approved,,2025-03-11 21:31:41.809573+00:00
-112.49690297112,41.2552106532508,6a0d83c1-34c8-404f-8fe8-f38209843d5d,2e4657553ff7486d84e1ae1c10a0d34c,USGS-10010100,62614,00003,2016-02-24,4190.84,ft,Approved,,2025-03-11 21:31:41.809573+00:00
-112.49690297112,41.2552106532508,b4e6ed3f-2a90-44af-92bf-84c8616a7e6d,2e4657553ff7486d84e1ae1c10a0d34c,USGS-10010100,62614,00003,2016-02-23,4190.88,ft,Approved,,2025-03-11 21:31:41.809573+00:00
-112.49690297112,41.2552106532508,16dca7d1-10ef-42b8-bd0a-0a205e45a958,2e4657553ff7486d84e1ae1c10a0d34c,USGS-10010100,62614,00003,2016-02-22,4190.90,ft,Approved,,2025-03-11 21:31:41.809573+00:00
-112.49690297112,41.2552106532508,11de9d33-d85b-45c8-9bd7-f207ebc5b6ca,2e4657553ff7486d84e1ae1c10a0d34c,USGS-10010100,62614,00003,2016-02-21,4190.87,ft,Approved,,2025-03-11 21:31:41.809573+00:00
-112.49690297112,41.2552106532508,6b2de373-dbe5-4038-8bd9-80bc03c86a41,2e4657553ff7486d84e1ae1c10a0d34c,USGS-10010100,62614,00003,2016-02-20,4190.90,ft,Approved,,2025-03-11 21:31:41.809573+00:00
-112.49690297112,41.2552106532508,cae6059a-7806-4ac4-bf42-6670e66e19f6,2e4657553ff7486d84e1ae1c10a0d34c,USGS-10010100,62614,00003,2016-02-19,4190.83,ft,Approved,,2025-03-11 21:31:41.809573+00:00
-112.49690297112,41.2552106532508,fd935c90-e466-4f87-87b0-75d6e8041af6,2e4657553ff7486d84e1ae1c10a0d34c,USGS-10010100,62614,00003,2016-02-18,4190.79,ft,Approved,,2025-03-11 21:31:41.809573+00:00
-112.49690297112,41.2552106532508,6513392e-75a7-494e-b9c0-2e86b33ac243,2e4657553ff7486d84e1ae1c10a0d34c,USGS-10010100,62614,00003,2016-02-17,4190.80,ft,Approved,,2025-03-11 21:31:41.809573+00:00
-112.49690297112,41.2552106532508,4e37e5cf-6e30-480e-82a1-f7529d15d6c7,2e4657553ff7486d84e1ae1c10a0d34c,USGS-10010100,62614,00003,2016-02-16,4190.82,ft,Approved,,2025-03-11 21:31:41.809573+00:00
-112.49690297112,41.2552106532508,13206c76-5314-4e73-b579-be882df5a05c,2e4657553ff7486d84e1ae1c10a0d34c,USGS-10010100,62614,00003,2016-02-15,4190.85,ft,Approved,,2025-03-11 21:31:41.809573+00:00
-112.49690297112,41.2552106532508,7e7c5832-e4ba-4110-9b35-d5b13482d9c0,2e4657553ff7486d84e1ae1c10a0d34c,USGS-10010100,62614,00003,2016-02-14,4190.78,ft,Approved,,2025-03-11 21:31:41.809573+00:00
-112.49690297112,41.2552106532508,423efa50-9d44-4b0d-ab8c-333dd19151e5,2e4657553ff7486d84e1ae1c10a0d34c,USGS-10010100,62614,00003,2016-02-13,4190.81,ft,Approved,,2025-03-11 21:31:41.809573+00:00
-112.49690297112,41.2552106532508,00359c20-156c-4d7a-81e8-89e5a31877a2,2e4657553ff7486d84e1ae1c10a0d34c,USGS-10010100,62614,00003,2016-02-12,4190.80,ft,Approved,,2025-03-11 21:31:41.809573+00:00
-112.49690297112,41.2552106532508,505f87dc-884b-4988-a804-0ece688a59e2,2e4657553ff7486d84e1ae1c10a0d34c,USGS-10010100,62614,00003,2016-02-11,4190.81,ft,Approved,,2025-03-11 21:31:41.809573+00:00
-112.49690297112,41.2552106532508,d52cd9fb-0e0d-4543-9c4d-d727e5701bff,2e4657553ff7486d84e1ae1c10a0d34c,USGS-10010100,62614,00003,2016-02-10,4190.80,ft,Approved,,2025-03-11 21:31:41.809573+00:00
-112.49690297112,41.2552106532508,ab85d2df-026a-4e0a-8a0b-2c53189f6fec,2e4657553ff7486d84e1ae1c10a0d34c,USGS-10010100,62614,00003,2016-02-09,4190.82,ft,Approved,,2025-03-11 21:31:41.809573+00:00
-112.49690297112,41.2552106532508,f27fd834-2086-4c2b-ba29-88d47f8e166b,2e4657553ff7486d84e1ae1c10a0d34c,USGS-10010100,62614,00003,2016-02-08,4190.80,ft,Approved,,2025-03-11 21:31:41.809573+00:00
-112.49690297112,41.2552106532508,b3f0de53-5b3f-4514-bebc-54d9a73fc90a,2e4657553ff7486d84e1ae1c10a0d34c,USGS-10010100,62614,00003,2016-02-07,4190.81,ft,Approved,,2025-03-11 21:31:41.809573+00:00
-112.49690297112,41.2552106532508,cd5f98b1-715a-435a-a2f0-93739fc29ef4,2e4657553ff7486d84e1ae1c10a0d34c,USGS-10010100,62614,00003,2016-02-06,4190.80,ft,Approved,,2025-03-11 21:31:41.809573+00:00
-112.49690297112,41.2552106532508,04aae688-ddc4-4938-8d11-8e9ced19e827,2e4657553ff7486d84e1ae1c10a0d34c,USGS-10010100,62614,00003,2016-02-05,4190.80,ft,Approved,,2025-03-11 21:31:41.809573+00:00
-112.49690297112,41.2552106532508,1d04312a-3a6a-4147-98b6-ecc25568afe0,2e4657553ff7486d84e1ae1c10a0d34c,USGS-10010100,62614,00003,2016-02-04,4190.80,ft,Approved,,2025-03-11 21:31:41.809573+00:00
-112.49690297112,41.2552106532508,8a31e198-a262-41d9-a43b-732edeb68de4,2e4657553ff7486d84e1ae1c10a0d34c,USGS-10010100,62614,00003,2016-02-03,4190.81,ft,Approved,,2025-03-11 21:31:41.809573+00:00
-112.49690297112,41.2552106532508,bfb29a6a-6247-4848-9257-8be0c8e175eb,2e4657553ff7486d84e1ae1c10a0d34c,USGS-10010100,62614,00003,2016-02-02,4190.82,ft,Approved,,2025-03-11 21:31:41.809573+00:00
-112.49690297112,41.2552106532508,42a8f863-2724-4ab4-950b-7b7a3f0eeaaf,2e4657553ff7486d84e1ae1c10a0d34c,USGS-10010100,62614,00003,2016-02-01,4191.13,ft,Approved,,2025-03-11 21:31:41.809573+00:00
-112.49690297112,41.2552106532508,c347561d-56d9-4742-9aa2-1d14c7798305,2e4657553ff7486d84e1ae1c10a0d34c,USGS-10010100,62614,00003,2016-01-31,4190.86,ft,Approved,,2025-03-11 21:31:41.809573+00:00
-112.49690297112,41.2552106532508,aff663d3-5896-4967-832a-104355222c4d,2e4657553ff7486d84e1ae1c10a0d34c,USGS-10010100,62614,00003,2016-01-30,4190.83,ft,Approved,,2025-03-11 21:31:41.809573+00:00
-112.49690297112,41.2552106532508,808882ca-a932-4b03-b2e3-d8a7337ba3bd,2e4657553ff7486d84e1ae1c10a0d34c,USGS-10010100,62614,00003,2016-01-29,4190.75,ft,Approved,,2025-03-11 21:31:41.809573+00:00
-112.49690297112,41.2552106532508,33bec2d8-3462-4be6-b3e3-051ef7f2352a,2e4657553ff7486d84e1ae1c10a0d34c,USGS-10010100,62614,00003,2016-01-28,4190.75,ft,Approved,,2025-03-11 21:31:41.809573+00:00
-112.49690297112,41.2552106532508,896ee772-1b74-443c-900e-3d215cc778ea,2e4657553ff7486d84e1ae1c10a0d34c,USGS-10010100,62614,00003,2016-01-27,4190.79,ft,Approved,,2025-03-11 21:31:41.809573+00:00
-112.49690297112,41.2552106532508,cc27246b-a7ff-4483-8845-77e679c002ce,2e4657553ff7486d84e1ae1c10a0d34c,USGS-10010100,62614,00003,2016-01-26,4190.79,ft,Approved,,2025-03-11 21:31:41.809573+00:00
-112.49690297112,41.2552106532508,0cc7ef9e-1a7b-4412-a6ea-280b9e80cdb4,2e4657553ff7486d84e1ae1c10a0d34c,USGS-10010100,62614,00003,2016-01-25,4190.80,ft,Approved,,2025-03-11 21:31:41.809573+00:00
-112.49690297112,41.2552106532508,1efaa0cf-b041-4ae2-a969-5e88c1d63182,2e4657553ff7486d84e1ae1c10a0d34c,USGS-10010100,62614,00003,2016-01-24,4190.79,ft,Approved,,2025-03-11 21:31:41.809573+00:00
-112.49690297112,41.2552106532508,c44b9ce9-32f6-4959-8d66-c2fbbe4d9c40,2e4657553ff7486d84e1ae1c10a0d34c,USGS-10010100,62614,00003,2016-01-23,4190.75,ft,Approved,,2025-03-11 21:31:41.809573+00:00
-112.49690297112,41.2552106532508,14697f5f-b1ab-4bc1-9739-ce0c035c3738,2e4657553ff7486d84e1ae1c10a0d34c,USGS-10010100,62614,00003,2016-01-22,4190.76,ft,Approved,,2025-03-11 21:31:41.809573+00:00
-112.49690297112,41.2552106532508,73181484-6364-4d7a-b7c8-6c8daac80076,2e4657553ff7486d84e1ae1c10a0d34c,USGS-10010100,62614,00003,2016-01-21,4190.75,ft,Approved,,2025-03-11 21:31:41.809573+00:00
-112.49690297112,41.2552106532508,897c568b-f276-4aa7-a70f-7a7bfbe168aa,2e4657553ff7486d84e1ae1c10a0d34c,USGS-10010100,62614,00003,2016-01-20,4190.78,ft,Approved,,2025-03-11 21:31:41.809573+00:00
-112.49690297112,41.2552106532508,5bf01e94-e3a5-4e5b-9fd1-bce1c158a9be,2e4657553ff7486d84e1ae1c10a0d34c,USGS-10010100,62614,00003,2016-01-19,4190.66,ft,Approved,,2025-03-11 21:31:41.809573+00:00
-112.49690297112,41.2552106532508,2a05ad81-8649-400d-b864-ad6453d0341a,2e4657553ff7486d84e1ae1c10a0d34c,USGS-10010100,62614,00003,2016-01-18,4190.70,ft,Approved,,2025-03-11 21:31:41.809573+00:00
-112.49690297112,41.2552106532508,082b39c5-06c8-4751-9e7c-b292a1c96529,2e4657553ff7486d84e1ae1c10a0d34c,USGS-10010100,62614,00003,2016-01-17,4190.69,ft,Approved,,2025-03-11 21:31:41.809573+00:00
-112.49690297112,41.2552106532508,723c7b04-7c6d-45ce-a268-428bbeba5bbc,2e4657553ff7486d84e1ae1c10a0d34c,USGS-10010100,62614,00003,2016-01-16,4190.67,ft,Approved,,2025-03-11 21:31:41.809573+00:00
-112.49690297112,41.2552106532508,33b1f707-d3a7-4b06-a45a-7e8f74b5e31b,2e4657553ff7486d84e1ae1c10a0d34c,USGS-10010100,62614,00003,2016-01-15,4190.69,ft,Approved,,2025-03-11 21:31:41.809573+00:00
-112.49690297112,41.2552106532508,5f0690dd-584a-4610-bd50-4c1d80a1ad3d,2e4657553ff7486d84e1ae1c10a0d34c,USGS-10010100,62614,00003,2016-01-14,4190.68,ft,Approved,,2025-03-11 21:31:41.809573+00:00
-112.49690297112,41.2552106532508,c7d503f7-ad99-4937-95bf-fe3feb8de884,2e4657553ff7486d84e1ae1c10a0d34c,USGS-10010100,62614,00003,2016-01-13,4190.69,ft,Approved,,2025-03-11 21:31:41.809573+00:00
-112.49690297112,41.2552106532508,c1feafa7-fdf3-4222-a6c5-34246189387e,2e4657553ff7486d84e1ae1c10a0d34c,USGS-10010100,62614,00003,2016-01-12,4190.70,ft,Approved,,2025-03-11 21:31:41.809573+00:00
-112.49690297112,41.2552106532508,a1ce948a-49ff-495b-928f-9d1e5854979f,2e4657553ff7486d84e1ae1c10a0d34c,USGS-10010100,62614,00003,2016-01-11,4190.71,ft,Approved,,2025-03-11 21:31:41.809573+00:00
-112.49690297112,41.2552106532508,8e25e197-b191-4d43-ba1e-64f28763ad73,2e4657553ff7486d84e1ae1c10a0d34c,USGS-10010100,62614,00003,2016-01-10,4190.74,ft,Approved,,2025-03-11 21:31:41.809573+00:00
-112.49690297112,41.2552106532508,9fd726ed-1df8-47c7-bb48-0f18a2c72c63,2e4657553ff7486d84e1ae1c10a0d34c,USGS-10010100,62614,00003,2016-01-09,4190.76,ft,Approved,,2025-03-11 21:31:41.809573+00:00
-112.49690297112,41.2552106532508,baa1e9ff-2f27-4e1b-bab4-d57ab8bf9cad,2e4657553ff7486d84e1ae1c10a0d34c,USGS-10010100,62614,00003,2016-01-08,4190.82,ft,Approved,,2025-03-11 21:31:41.809573+00:00
-112.49690297112,41.2552106532508,8835dac9-7118-4faf-8b43-9838f751d0ce,2e4657553ff7486d84e1ae1c10a0d34c,USGS-10010100,62614,00003,2016-01-07,4190.73,ft,Approved,,2025-03-11 21:31:41.809573+00:00
-112.49690297112,41.2552106532508,da70dc30-7dce-4ad5-8cd2-8c09a43a81fb,2e4657553ff7486d84e1ae1c10a0d34c,USGS-10010100,62614,00003,2016-01-06,4190.67,ft,Approved,,2025-03-11 21:31:41.809573+00:00
-112.49690297112,41.2552106532508,9236ea32-6c40-4d63-91c3-fc10f568813f,2e4657553ff7486d84e1ae1c10a0d34c,USGS-10010100,62614,00003,2016-01-05,4190.66,ft,Approved,,2025-03-11 21:31:41.809573+00:00
-112.49690297112,41.2552106532508,ab22da6b-c76a-427f-8d86-df752c4d0bff,2e4657553ff7486d84e1ae1c10a0d34c,USGS-10010100,62614,00003,2016-01-04,4190.66,ft,Approved,,2025-03-11 21:31:41.809573+00:00
-112.49690297112,41.2552106532508,5b9a0219-82ac-4d27-9323-ad98ca7cff71,2e4657553ff7486d84e1ae1c10a0d34c,USGS-10010100,62614,00003,2016-01-03,4190.66,ft,Approved,,2025-03-11 21:31:41.809573+00:00
-112.49690297112,41.2552106532508,5013ec63-a921-4d26-bdc0-d5d857e12958,2e4657553ff7486d84e1ae1c10a0d34c,USGS-10010100,62614,00003,2016-01-02,4190.67,ft,Approved,,2025-03-11 21:31:41.809573+00:00
-112.49690297112,41.2552106532508,283ae825-807e-4e02-a347-5034f45fcb4d,2e4657553ff7486d84e1ae1c10a0d34c,USGS-10010100,62614,00003,2016-01-01,4190.69,ft,Approved,,2025-03-11 21:31:41.809573+00:00
