elev_ft_NAVD88,elev_ft_NGVD29,area_ft2,area_m2,area_km2,area_mi2,area_acre,volume_ft3,volume_m3,volume_km3,volume_mi3,volume_acreft
4170,4166.94,0,0,0,0,0,0,0,0,0,0
4170.01,4166.95,0,0,0,0,0,0,0,0,0,0
4170.02,4166.96,0,0,0,0,0,0,0,0,0,0
4170.03,4166.97,0,0,0,0,0,0,0,0,0,0
4170.04,4166.98,0,0,0,0,0,0,0,0,0,0
4170.05,4166.99,0,0,0,0,0,0,0,0,0,0
4170.06,4167,0,0,0,0,0,0,0,0,0,0
4170.07,4167.01,0,0,0,0,0,0,0,0,0,0
4170.08,4167.02,0,0,0,0,0,0,0,0,0,0
4170.09,4167.03,9687.52,900,0,0,0.22,4.86,0.14,0,0,0
4170.1,4167.04,168186.1,15625,0.02,0.01,3.86,993.09,28.12,0,0,0.02
4170.11,4167.05,261293.93,24275,0.02,0.01,6,3119.33,88.33,0,0,0.07
4170.12,4167.06,334488.52,31075,0.03,0.01,7.68,6189.91,175.28,0,0,0.14
4170.13,4167.07,399610.17,37125,0.04,0.01,9.17,9737.32,275.73,0,0,0.22
4170.14,4167.08,470382.89,43700,0.04,0.02,10.8,14228.68,402.91,0,0,0.33
4170.15,4167.09,571832.74,53125,0.05,0.02,13.13,19206.46,543.87,0,0,0.44
4170.16,4167.1,750513.65,69725,0.07,0.03,17.23,25601.6,724.96,0,0,0.59
4170.17,4167.11,964446.37,89600,0.09,0.03,22.14,33941.27,961.11,0,0,0.78
4170.18,4167.12,3549399.46,329750,0.33,0.13,81.48,55706.92,1577.44,0,0,1.28
4170.19,4167.13,13795834.88,1281675,1.28,0.49,316.71,133927.51,3792.4,0,0,3.07
4170.2,4167.14,23308171.62,2165400,2.17,0.84,535.08,317900.64,9001.94,0,0,7.3
4170.21,4167.15,31565705.49,2932550,2.93,1.13,724.65,582293.13,16488.71,0,0,13.37
4170.22,4167.16,40850923.72,3795175,3.8,1.47,937.8,952750.21,26978.88,0,0,21.87
4170.23,4167.17,48028030.08,4461950,4.46,1.72,1102.57,1374804.43,38930.13,0,0,31.56
4170.24,4167.18,69432873.24,6450525,6.45,2.49,1593.95,1986200.98,56242.95,0,0,45.6
4170.25,4167.19,98303026.47,9132650,9.13,3.53,2256.72,2821679.36,79901.06,0,0,64.78
4170.26,4167.2,108423524.1,10072875,10.07,3.89,2489.05,3833294.58,108546.81,0,0,88
4170.27,4167.21,122299281.1,11361975,11.36,4.39,2807.59,5012203.32,141929.79,0,0,115.06
4170.28,4167.22,132794631.9,12337025,12.34,4.76,3048.53,6255172.19,177126.75,0,0,143.6
4170.29,4167.23,141456350.6,13141725,13.14,5.07,3247.38,7671669.82,217237.5,0,0,176.12
4170.3,4167.24,146706986.1,13629525,13.63,5.26,3367.92,9076774.41,257025.63,0,0,208.37
4170.31,4167.25,150738070.6,14004025,14,5.41,3460.46,10601419.39,300198.77,0,0,243.38
4170.32,4167.26,154769693.2,14378575,14.38,5.55,3553.01,12091516.04,342393.6,0,0,277.58
4170.33,4167.27,158148753.8,14692500,14.69,5.67,3630.58,13695458.92,387812.21,0,0,314.41
4170.34,4167.28,160087334.1,14872600,14.87,5.74,3675.08,15249241.35,431810.43,0,0,350.08
4170.35,4167.29,162080272.1,15057750,15.06,5.81,3720.84,16900298.8,478563.17,0,0,387.98
4170.36,4167.3,164255389.3,15259825,15.26,5.89,3770.77,18492680.33,523654.39,0,0,424.53
4170.37,4167.31,166707946.3,15487675,15.49,5.98,3827.07,20188325.63,571669.72,0,0,463.46
4170.38,4167.32,168763584.1,15678650,15.68,6.05,3874.26,21825799.56,618037.82,0,0,501.05
4170.39,4167.33,171938937.6,15973650,15.97,6.17,3947.16,23570456.53,667441,0,0,541.1
4170.4,4167.34,175344369.8,16290025,16.29,6.29,4025.34,25264721.52,715417.24,0,0,580
4170.41,4167.35,179102320,16639150,16.64,6.42,4111.61,27081763.28,766870.14,0,0,621.71
4170.42,4167.36,182310234.4,16937175,16.94,6.54,4185.25,28846909.12,816853.5,0,0,662.24
4170.43,4167.37,185051533.3,17191850,17.19,6.64,4248.18,30730303.58,870185.29,0,0,705.47
4170.44,4167.38,187423091.9,17412175,17.41,6.72,4302.62,32548583.35,921673.24,0,0,747.21
4170.45,4167.39,189701542.6,17623850,17.62,6.8,4354.93,34481211.15,976399.17,0,0,791.58
4170.46,4167.4,192296452.3,17864925,17.86,6.9,4414.5,36345411.11,1029187.43,0,0,834.38
4170.47,4167.41,195206744.6,18135300,18.14,7,4481.31,38330455.28,1085397.62,0,0,879.95
4170.48,4167.42,198742151,18463750,18.46,7.13,4562.47,40253251.28,1139845.14,0,0,924.09
4170.49,4167.43,201710299.3,18739500,18.74,7.24,4630.61,42305820.2,1197967.42,0,0,971.21
4170.5,4167.44,204061944.6,18957975,18.96,7.32,4684.6,44286704.79,1254059.83,0,0,1016.69
4170.51,4167.45,206247287.5,19161000,19.16,7.4,4734.77,46288947.57,1310757.03,0,0,1062.65
4170.52,4167.46,209408648,19454700,19.45,7.51,4807.34,48418472.8,1371058.47,0,0,1111.54
4170.53,4167.47,212273462.7,19720850,19.72,7.61,4873.11,50477463.54,1429362.59,0,0,1158.81
4170.54,4167.48,214630759.1,19939850,19.94,7.7,4927.22,52666146.26,1491339.18,0,0,1209.05
4170.55,4167.49,217489653.7,20205450,20.21,7.8,4992.86,54774068.51,1551028.9,0,0,1257.44
4170.56,4167.5,220646439.6,20498725,20.5,7.91,5065.32,57020161.82,1614631.17,0,0,1309.01
4170.57,4167.51,223238658.3,20739550,20.74,8.01,5124.83,59187705.78,1676009.18,0,0,1358.77
4170.58,4167.52,225495043,20949175,20.95,8.09,5176.63,61487864.75,1741142.43,0,0,1411.57
4170.59,4167.53,227557408.2,21140775,21.14,8.16,5223.98,63699635.35,1803772.8,0,0,1462.35
4170.6,4167.54,230442943.5,21408850,21.41,8.27,5290.22,66045410.58,1870197.76,0,0,1516.2
4170.61,4167.55,233372879.9,21681050,21.68,8.37,5357.48,68308717.08,1934287.46,0,0,1568.16
4170.62,4167.56,235916661.1,21917375,21.92,8.46,5415.88,70714933.02,2002423.91,0,0,1623.4
4170.63,4167.57,238322126,22140850,22.14,8.55,5471.1,73029998.92,2067979.28,0,0,1676.54
4170.64,4167.58,241023329.3,22391800,22.39,8.65,5533.11,75487193.25,2137559.27,0,0,1732.95
4170.65,4167.59,243499566.9,22621850,22.62,8.73,5589.96,77851993.62,2204522.96,0,0,1787.24
4170.66,4167.6,245835873.6,22838900,22.84,8.82,5643.59,80360381.43,2275552.59,0,0,1844.83
4170.67,4167.61,247933221.6,23033750,23.03,8.89,5691.74,82770731.33,2343806.1,0,0,1900.16
4170.68,4167.62,251340268.3,23350275,23.35,9.02,5769.96,85330389.62,2416287.55,0,0,1958.92
4170.69,4167.63,254044162.6,23601475,23.6,9.11,5832.03,87797810.19,2486157.12,0,0,2015.57
4170.7,4167.64,256512058.2,23830750,23.83,9.2,5888.68,90414657.27,2560257.98,0,0,2075.64
4170.71,4167.65,259819269.6,24138000,24.14,9.32,5964.61,92934629.29,2631615.64,0,0,2133.49
4170.72,4167.66,263302471.1,24461600,24.46,9.44,6044.57,95615971.02,2707542.78,0,0,2195.05
4170.73,4167.67,265943127.4,24706925,24.71,9.54,6105.19,98200313.24,2780723.21,0,0,2254.37
4170.74,4167.68,268160492.9,24912925,24.91,9.62,6156.09,100938382.4,2858256.69,0,0,2317.23
4170.75,4167.69,270122753.8,25095225,25.1,9.69,6201.14,103566429.7,2932674.7,0,0,2377.56
4170.76,4167.7,272945320.2,25357450,25.36,9.79,6265.94,106215929.9,3007700.19,0,0,2438.39
4170.77,4167.71,275735864,25616700,25.62,9.89,6330,109028419.9,3087341.04,0,0,2502.95
4170.78,4167.72,278188421,25844550,25.84,9.98,6386.3,111732707.2,3163917.93,0,0,2565.04
4170.79,4167.73,280864598.2,26093175,26.09,10.07,6447.74,114598525.7,3245068.87,0,0,2630.83
4170.8,4167.74,283299394.7,26319375,26.32,10.16,6503.63,117352744,3323059.65,0,0,2694.06
4170.81,4167.75,286040155.4,26574000,26.57,10.26,6566.55,120271110,3405698.57,0,0,2761.05
4170.82,4167.76,288932687.2,26842725,26.84,10.36,6632.96,123077775.4,3485174.48,0,0,2825.48
4170.83,4167.77,291485886.8,27079925,27.08,10.46,6691.57,126053411,3569435.1,0,0,2893.8
4170.84,4167.78,293929832.7,27306975,27.31,10.54,6747.67,128911260.2,3650360.38,0,0,2959.4
4170.85,4167.79,296315922.5,27528650,27.53,10.63,6802.45,131937187.2,3736045.09,0,0,3028.87
4170.86,4167.8,298525484.2,27733925,27.73,10.71,6853.17,134841603,3818288.99,0,0,3095.55
4170.87,4167.81,301161027.7,27978775,27.98,10.8,6913.68,137915044.9,3905319.17,0,0,3166.1
4170.88,4167.82,304027457,28245075,28.25,10.91,6979.48,140868114.4,3988940.78,0,0,3233.9
4170.89,4167.83,307218956.5,28541575,28.54,11.02,7052.75,144001298.9,4077662.69,0,0,3305.82
4170.9,4167.84,309833241.2,28784450,28.78,11.11,7112.76,147014037.7,4162973.95,0,0,3374.99
4170.91,4167.85,312488428.8,29031125,29.03,11.21,7173.72,150204052.9,4253305.12,0,0,3448.22
4170.92,4167.86,315648982,29324750,29.32,11.32,7246.27,153268434.5,4340078.75,0,0,3518.57
4170.93,4167.87,318991714.4,29635300,29.64,11.44,7323.01,156522751,4432230.73,0,0,3593.28
4170.94,4167.88,321508047.5,29869075,29.87,11.53,7380.78,159649596,4520773.12,0,0,3665.06
4170.95,4167.89,324072549.2,30107325,30.11,11.62,7439.65,162958968.9,4614484.12,0,0,3741.03
4170.96,4167.9,326337814.1,30317775,30.32,11.71,7491.66,166134172.4,4704395.87,0,0,3813.93
4170.97,4167.91,329298965.9,30592875,30.59,11.81,7559.63,169495623,4799581.55,0,0,3891.09
4170.98,4167.92,331717885.7,30817600,30.82,11.9,7615.16,172722705.5,4890962.35,0,0,3965.18
4170.99,4167.93,334912076.1,31114350,31.11,12.01,7688.49,176138897.5,4987698.14,0,0,4043.6
4171,4167.94,337658487.8,31369500,31.37,12.11,7751.54,179422453.8,5080678.1,0.01,0,4118.98
4171.01,4167.95,340199578,31605575,31.61,12.2,7809.88,182731823.4,5174389.01,0.01,0,4194.96
4171.02,4167.96,343500062,31912200,31.91,12.32,7885.64,186235862.9,5273612.36,0.01,0,4275.4
4171.03,4167.97,347060763.6,32243000,32.24,12.45,7967.39,189607070.6,5369074.33,0.01,0,4352.79
4171.04,4167.98,350903748.7,32600025,32.6,12.59,8055.61,193185033,5470390.94,0.01,0,4434.93
4171.05,4167.99,353952895.4,32883300,32.88,12.7,8125.61,196627269.2,5567864.22,0.01,0,4513.95
4171.06,4168,356936651.4,33160500,33.16,12.8,8194.11,200271543.2,5671058.57,0.01,0,4597.61
4171.07,4168.01,359549859.7,33403275,33.4,12.9,8254.1,203769810.1,5770118.45,0.01,0,4677.92
4171.08,4168.02,362600621,33686700,33.69,13.01,8324.13,207471711.1,5874944.61,0.01,0,4762.91
4171.09,4168.03,366271652.7,34027750,34.03,13.14,8408.41,211029781.2,5975697.94,0.01,0,4844.59
4171.1,4168.04,371561038.3,34519150,34.52,13.33,8529.83,214810890.3,6082767.03,0.01,0,4931.39
4171.11,4168.05,374756305.1,34816000,34.82,13.44,8603.19,218455355.6,6185966.79,0.01,0,5015.06
4171.12,4168.06,377916320.1,35109575,35.11,13.56,8675.73,222313412.9,6295214.81,0.01,0,5103.63
4171.13,4168.07,381384452,35431775,35.43,13.68,8755.35,226020608.5,6400190.9,0.01,0,5188.73
4171.14,4168.08,384618738,35732250,35.73,13.8,8829.6,229948138.6,6511406.16,0.01,0,5278.9
4171.15,4168.09,387336894.5,35984775,35.98,13.89,8892,233717036.9,6618129.48,0.01,0,5365.42
4171.16,4168.1,390520051.9,36280500,36.28,14.01,8965.07,237703991.7,6731027.47,0.01,0,5456.95
4171.17,4168.11,397086575.4,36890550,36.89,14.24,9115.82,241541499.3,6839693.58,0.01,0,5545.04
4171.18,4168.12,410272634.8,38115575,38.12,14.72,9418.53,245662354.8,6956383.22,0.01,0,5639.65
4171.19,4168.13,419103077.8,38935950,38.94,15.03,9621.24,249717547.3,7071213.48,0.01,0,5732.74
4171.2,4168.14,429190207.3,39873075,39.87,15.4,9852.81,254077287.6,7194667.58,0.01,0,5832.83
4171.21,4168.15,434964238,40409500,40.41,15.6,9985.36,258301259.4,7314277.14,0.01,0,5929.8
4171.22,4168.16,438690165.6,40755650,40.76,15.74,10070.9,262781298.7,7441137.72,0.01,0,6032.64
4171.23,4168.17,443019948.5,41157900,41.16,15.89,10170.3,267083923.2,7562974.48,0.01,0,6131.42
4171.24,4168.18,447864515.5,41607975,41.61,16.06,10281.51,271649707.3,7692263.09,0.01,0,6236.24
4171.25,4168.19,451400998.3,41936525,41.94,16.19,10362.7,276041591.9,7816627.41,0.01,0,6337.06
4171.26,4168.2,456231841.3,42385325,42.39,16.37,10473.6,280476210.2,7942201.82,0.01,0,6438.86
4171.27,4168.21,459960459.9,42731725,42.73,16.5,10559.2,285170607.7,8075132.35,0.01,0,6546.63
4171.28,4168.22,465606130.9,43256225,43.26,16.7,10688.8,289686585.9,8203010.61,0.01,0,6650.31
4171.29,4168.23,470373197.7,43699100,43.7,16.87,10798.24,294485115.9,8338889.85,0.01,0,6760.47
4171.3,4168.24,473787241,44016275,44.02,16.99,10876.61,299094758.2,8469420.38,0.01,0,6866.29
4171.31,4168.25,477608160.1,44371250,44.37,17.13,10964.33,303971603.2,8607517.26,0.01,0,6978.25
4171.32,4168.26,482127657,44791125,44.79,17.29,11068.08,308656162.1,8740169.19,0.01,0,7085.79
4171.33,4168.27,485229008.7,45079250,45.08,17.41,11139.28,313615406.5,8880599.36,0.01,0,7199.64
4171.34,4168.28,489892203.7,45512475,45.51,17.57,11246.33,318375966,9015403.39,0.01,0,7308.93
4171.35,4168.29,494928368.3,45980350,45.98,17.75,11361.95,323427243.3,9158439.63,0.01,0,7424.89
4171.36,4168.3,498408609.7,46303675,46.3,17.88,11441.84,328277777.2,9295791.46,0.01,0,7536.24
4171.37,4168.31,501235481.6,46566300,46.57,17.98,11506.74,333402274.8,9440901.07,0.01,0,7653.88
4171.38,4168.32,504521165.3,46871550,46.87,18.1,11582.17,338312798.9,9579951.63,0.01,0,7766.61
4171.39,4168.33,507686562.3,47165625,47.17,18.21,11654.83,343502042.1,9726894.63,0.01,0,7885.74
4171.4,4168.34,511696657.1,47538175,47.54,18.35,11746.89,348477469.7,9867783.05,0.01,0,7999.96
4171.41,4168.35,515364997.7,47878975,47.88,18.49,11831.11,353741665,10016848.46,0.01,0,8120.81
4171.42,4168.36,518863268.6,48203975,48.2,18.61,11911.41,358791611.9,10159847.03,0.01,0,8236.74
4171.43,4168.37,522859101.3,48575200,48.58,18.75,12003.15,364128685.2,10310976.12,0.01,0,8359.27
4171.44,4168.38,526921132,48952575,48.95,18.9,12096.4,369254498.7,10456122.99,0.01,0,8476.94
4171.45,4168.39,530433934.1,49278925,49.28,19.03,12177.04,374676925.2,10609669.01,0.01,0,8601.42
4171.46,4168.4,532873843.5,49505600,49.51,19.11,12233.05,379868424.2,10756675.89,0.01,0,8720.6
4171.47,4168.41,535043847.9,49707200,49.71,19.19,12282.87,385342771.9,10911692.16,0.01,0,8846.28
4171.48,4168.42,537808827.4,49964075,49.96,19.29,12346.34,390580235.2,11060000.6,0.01,0,8966.51
4171.49,4168.43,541543366.1,50311025,50.31,19.43,12432.08,396114553.6,11216715.05,0.01,0,9093.56
4171.5,4168.44,545089805.5,50640500,50.64,19.55,12513.49,401420186.9,11366953.85,0.01,0,9215.36
4171.51,4168.45,548725316.2,50978250,50.98,19.68,12596.95,406761123.2,11518192.32,0.01,0,9337.97
4171.52,4168.46,551650678,51250025,51.25,19.79,12664.11,412402667.5,11677943.07,0.01,0,9467.49
4171.53,4168.47,554695250,51532875,51.53,19.9,12734,417804207.9,11830897.66,0.01,0,9591.49
4171.54,4168.48,558438130.8,51880600,51.88,20.03,12819.92,423508775.2,11992433.02,0.01,0,9722.45
4171.55,4168.49,561874509.2,52199850,52.2,20.15,12898.81,428978899.9,12147329.7,0.01,0,9848.03
4171.56,4168.5,564256831.6,52421175,52.42,20.24,12953.5,434752786.9,12310827.97,0.01,0,9980.58
4171.57,4168.51,566585065.5,52637475,52.64,20.32,13006.95,440273897.9,12467168.42,0.01,0,10107.32
4171.58,4168.52,570016869.2,52956300,52.96,20.45,13085.73,446099873.9,12632141.69,0.01,0,10241.07
4171.59,4168.53,573281025,53259550,53.26,20.56,13160.67,451681155.6,12790185.99,0.01,0,10369.2
4171.6,4168.54,576201812.1,53530900,53.53,20.67,13227.72,457574505.2,12957067.07,0.01,0,10504.49
4171.61,4168.55,579052095.6,53795700,53.8,20.77,13293.15,463215503.3,13116802.35,0.01,0,10633.99
4171.62,4168.56,581990912.3,54068725,54.07,20.88,13360.62,469167406,13285341.46,0.01,0,10770.63
4171.63,4168.57,584997272.4,54348025,54.35,20.98,13429.64,474865572.1,13446695.56,0.01,0,10901.44
4171.64,4168.58,588362070.8,54660625,54.66,21.1,13506.88,480880915.4,13617031.11,0.01,0,11039.54
4171.65,4168.59,591390227.9,54941950,54.94,21.21,13576.4,486641164.1,13780143.19,0.01,0,11171.77
4171.66,4168.6,594222481.9,55205075,55.21,21.31,13641.42,492718818.1,13952243.18,0.01,0,11311.3
4171.67,4168.61,597453538.7,55505250,55.51,21.43,13715.59,498537494.9,14117009.76,0.01,0,11444.88
4171.68,4168.62,600544395.5,55792400,55.79,21.54,13786.55,504678737.4,14290910.39,0.01,0,11585.86
4171.69,4168.63,604042666.4,56117400,56.12,21.67,13866.86,510559345.1,14457430.65,0.01,0,11720.86
4171.7,4168.64,607894531.8,56475250,56.48,21.81,13955.28,516771229.3,14633331.62,0.01,0,11863.47
4171.71,4168.65,611282472.6,56790000,56.79,21.93,14033.06,522724167.4,14801900.06,0.01,0,12000.13
4171.72,4168.66,614470473.7,57086175,57.09,22.04,14106.24,529008729.7,14979859.05,0.01,0,12144.4
4171.73,4168.67,616808933.3,57303425,57.3,22.12,14159.93,535020185.5,15150084.52,0.02,0,12282.4
4171.74,4168.68,619453895.2,57549150,57.55,22.22,14220.65,541357551.7,15329538.74,0.02,0,12427.89
4171.75,4168.69,622778867.1,57858050,57.86,22.34,14296.98,547422390.1,15501275.84,0.02,0,12567.12
4171.76,4168.7,625871607.7,58145375,58.15,22.45,14367.98,553518570.3,15673900.44,0.02,0,12707.07
4171.77,4168.71,629587847.7,58490625,58.49,22.58,14453.29,559952744.4,15856095.96,0.02,0,12854.78
4171.78,4168.72,632333990.4,58745750,58.75,22.68,14516.33,566113668.3,16030553.9,0.02,0,12996.21
4171.79,4168.73,635681028.3,59056700,59.06,22.8,14593.17,572614239.2,16214629.57,0.02,0,13145.45
4171.8,4168.74,638848578,59350975,59.35,22.92,14665.89,578836420.9,16390822.13,0.02,0,13288.29
4171.81,4168.75,642188619.5,59661275,59.66,23.04,14742.56,585403894.5,16576792.28,0.02,0,13439.06
4171.82,4168.76,645607506.5,59978900,59.98,23.16,14821.05,591690819.8,16754818.18,0.02,0,13583.39
4171.83,4168.77,649005673,60294600,60.29,23.28,14899.06,598326959.2,16942732.71,0.02,0,13735.73
4171.84,4168.78,652234038.8,60594525,60.59,23.4,14973.17,604679633.6,17122620.42,0.02,0,13881.57
4171.85,4168.79,655856363.8,60931050,60.93,23.53,15056.33,611384808.2,17312489.82,0.02,0,14035.5
4171.86,4168.8,659610815.8,61279850,61.28,23.66,15142.52,617808322.8,17494383.5,0.02,0,14182.96
4171.87,4168.81,663266777.9,61619500,61.62,23.79,15226.45,624588645.4,17686380.86,0.02,0,14338.62
4171.88,4168.82,666330455.9,61904125,61.9,23.9,15296.78,631080117,17870198.86,0.02,0,14487.64
4171.89,4168.83,669020088,62154000,62.15,24,15358.53,637925442.1,18064036.88,0.02,0,14644.79
4171.9,4168.84,671883826.4,62420050,62.42,24.1,15424.27,644471426.7,18249398.52,0.02,0,14795.07
4171.91,4168.85,675103312,62719150,62.72,24.22,15498.18,651375515.3,18444900.54,0.02,0,14953.56
4171.92,4168.86,678023022.7,62990400,62.99,24.32,15565.2,657981537.7,18631962.26,0.02,0,15105.22
4171.93,4168.87,680928471.2,63260325,63.26,24.42,15631.9,664948667.4,18829249.41,0.02,0,15265.16
4171.94,4168.88,683141531.2,63465925,63.47,24.5,15682.71,671608111.8,19017823.87,0.02,0,15418.04
4171.95,4168.89,686054245.4,63736525,63.74,24.61,15749.58,678625979.3,19216547.75,0.02,0,15579.15
4171.96,4168.9,689062758.3,64016025,64.02,24.72,15818.64,685338946.9,19406637.82,0.02,0,15733.26
4171.97,4168.91,692241072,64311300,64.31,24.83,15891.6,692419798.9,19607145.22,0.02,0,15895.81
4171.98,4168.92,695811730.2,64643025,64.64,24.96,15973.58,699195352.3,19799007.53,0.02,0,16051.36
4171.99,4168.93,699701269.2,65004375,65,25.1,16062.87,706348003.3,20001548.05,0.02,0,16215.56
4172,4168.94,703807162.8,65385825,65.39,25.25,16157.12,713200629.8,20195592.82,0.02,0,16372.88
4172.01,4168.95,708557814.7,65827175,65.83,25.42,16266.18,720095254.1,20390826.84,0.02,0,16531.15
4172.02,4168.96,713159924.6,66254725,66.25,25.58,16371.83,727383511.5,20597207.31,0.02,0,16698.47
4172.03,4168.97,717748041.4,66680975,66.68,25.75,16477.16,734369605.5,20795031.46,0.02,0,16858.85
4172.04,4168.98,721869542.7,67063875,67.06,25.89,16571.78,741749694.2,21004012.3,0.02,0.01,17028.27
4172.05,4168.99,725420825.8,67393800,67.39,26.02,16653.3,748814251.1,21204058.27,0.02,0.01,17190.45
4172.06,4169,731112781.7,67922600,67.92,26.23,16783.97,756277685.1,21415399.19,0.02,0.01,17361.79
4172.07,4169.01,737712942.4,68535775,68.54,26.46,16935.49,763454693.7,21618629.44,0.02,0.01,17526.55
4172.08,4169.02,743623136.6,69084850,69.08,26.67,17071.17,771047895.5,21833644.97,0.02,0.01,17700.87
4172.09,4169.03,750802126.6,69751800,69.75,26.93,17235.98,778337541.8,22040064.77,0.02,0.01,17868.22
4172.1,4169.04,757773911.4,70399500,70.4,27.18,17396.03,786069523.2,22259010.1,0.02,0.01,18045.72
4172.11,4169.05,765276356.9,71096500,71.1,27.45,17568.26,793507421.7,22469627.93,0.02,0.01,18216.47
4172.12,4169.06,773235999.6,71835975,71.84,27.74,17750.99,801393893.2,22692947.93,0.02,0.01,18397.52
4172.13,4169.07,780510788.5,72511825,72.51,28,17917.99,808977279.8,22907685.53,0.02,0.01,18571.61
4172.14,4169.08,792029249,73581925,73.58,28.41,18182.42,817036664.3,23135901.88,0.02,0.01,18756.63
4172.15,4169.09,800733485.2,74390575,74.39,28.72,18382.24,824809419,23356001.78,0.02,0.01,18935.07
4172.16,4169.1,819988506.3,76179425,76.18,29.41,18824.27,833090607.8,23590498.94,0.02,0.01,19125.18
4172.17,4169.11,837033965.7,77763000,77.76,30.02,19215.58,841182579.3,23819638.05,0.02,0.01,19310.94
4172.18,4169.12,854957222.1,79428125,79.43,30.67,19627.04,849862623.9,24065429.54,0.02,0.01,19510.21
4172.19,4169.13,873768501,81175750,81.18,31.34,20058.88,858299058.2,24304322.76,0.02,0.01,19703.89
4172.2,4169.14,888853852.4,82577225,82.58,31.88,20405.2,867330691.6,24560070.14,0.02,0.01,19911.22
4172.21,4169.15,899274124.9,83545300,83.55,32.26,20644.41,876051926.4,24807028.01,0.02,0.01,20111.44
4172.22,4169.16,907809905.9,84338300,84.34,32.56,20840.36,885321048.9,25069500.33,0.03,0.01,20324.23
4172.23,4169.17,915360250.9,85039750,85.04,32.83,21013.7,894221786.5,25321541.15,0.03,0.01,20528.56
4172.24,4169.18,925535106.3,85985025,85.99,33.2,21247.28,903654506.3,25588646.03,0.03,0.01,20745.11
4172.25,4169.19,933294809.3,86705925,86.71,33.48,21425.41,912732353.3,25845702.03,0.03,0.01,20953.51
4172.26,4169.2,939783025.4,87308700,87.31,33.71,21574.36,921875781.7,26104615.09,0.03,0.01,21163.41
4172.27,4169.21,948082538.5,88079750,88.08,34.01,21764.89,931553265,26378650.9,0.03,0.01,21385.58
4172.28,4169.22,954227385.9,88650625,88.65,34.23,21905.96,940840330.7,26641631.31,0.03,0.01,21598.78
4172.29,4169.23,962293591.3,89400000,89.4,34.52,22091.13,950669765.4,26919969.91,0.03,0.01,21824.43
4172.3,4169.24,969963146.5,90112525,90.11,34.79,22267.2,960103774.5,27187111.29,0.03,0.01,22041.01
4172.31,4169.25,976906406.9,90757575,90.76,35.04,22426.6,970082378.5,27469673.89,0.03,0.01,22270.08
4172.32,4169.26,984391092.1,91452925,91.45,35.31,22598.42,979660235.6,27740888.6,0.03,0.01,22489.96
4172.33,4169.27,990761712.4,92044775,92.04,35.54,22744.67,989782970,28027532.52,0.03,0.01,22722.35
4172.34,4169.28,996171653.8,92547375,92.55,35.73,22868.86,999485055.7,28302264.99,0.03,0.01,22945.08
4172.35,4169.29,1001475032,93040075,93.04,35.92,22990.61,1009722989,28592170.99,0.03,0.01,23180.11
4172.36,4169.3,1008446548,93687750,93.69,36.17,23150.65,1019544989,28870299.04,0.03,0.01,23405.59
4172.37,4169.31,1014384190,94239375,94.24,36.39,23286.96,1029915181,29163950.18,0.03,0.01,23643.66
4172.38,4169.32,1018901265,94659025,94.66,36.55,23390.66,1039844790,29445125.39,0.03,0.01,23871.61
4172.39,4169.33,1024346189,95164875,95.16,36.74,23515.66,1050316518,29741651.72,0.03,0.01,24112.01
4172.4,4169.34,1028845773,95582900,95.58,36.9,23618.95,1060344344,30025608.12,0.03,0.01,24342.22
4172.41,4169.35,1034350437,96094300,96.09,37.1,23745.32,1070921362,30325115.92,0.03,0.01,24585.03
4172.42,4169.36,1039540794,96576500,96.58,37.29,23864.48,1081047536,30611857.22,0.03,0.01,24817.5
4172.43,4169.37,1045118384,97094675,97.09,37.49,23992.52,1091732496,30914421.62,0.03,0.01,25062.79
4172.44,4169.38,1049663445,97516925,97.52,37.65,24096.86,1101960822,31204055.54,0.03,0.01,25297.6
4172.45,4169.39,1054301614,97947825,97.95,37.82,24203.34,1112748222,31509520.71,0.03,0.01,25545.25
4172.46,4169.4,1057823834,98275050,98.28,37.94,24284.2,1123060823,31801541.03,0.03,0.01,25782
4172.47,4169.41,1061574788,98623525,98.62,38.08,24370.31,1133925167,32109185.01,0.03,0.01,26031.41
4172.48,4169.42,1065573312,98995000,99,38.22,24462.1,1144312776,32403329.33,0.03,0.01,26269.87
4172.49,4169.43,1069681358,99376650,99.38,38.37,24556.41,1155258569,32713279.68,0.03,0.01,26521.16
4172.5,4169.44,1074165603,99793250,99.79,38.53,24659.35,1165725223,33009662.32,0.03,0.01,26761.44
4172.51,4169.45,1078404969,100187100,100.19,38.68,24756.67,1176234059,33307239.41,0.03,0.01,27002.69
4172.52,4169.46,1083923626,100699800,100.7,38.88,24883.36,1187325202,33621305.6,0.03,0.01,27257.31
4172.53,4169.47,1088027367,101081050,101.08,39.03,24977.57,1197929409,33921583.31,0.03,0.01,27500.75
4172.54,4169.48,1092628939,101508550,101.51,39.19,25083.21,1209111105,34238213.68,0.03,0.01,27757.44
4172.55,4169.49,1095972209,101819150,101.82,39.31,25159.96,1219796688,34540795.68,0.03,0.01,28002.75
4172.56,4169.5,1099866323,102180925,102.18,39.45,25249.36,1231054004,34859567.37,0.03,0.01,28261.18
4172.57,4169.51,1103074507,102478975,102.48,39.57,25323,1241809773,35164136.85,0.04,0.01,28508.1
4172.58,4169.52,1106689835,102814850,102.81,39.7,25406,1253138125,35484920.06,0.04,0.01,28768.17
4172.59,4169.53,1110365979,103156375,103.16,39.83,25490.39,1263962913,35791443.9,0.04,0.01,29016.67
4172.6,4169.54,1115050702,103591600,103.59,40,25597.94,1275371166,36114489.65,0.04,0.01,29278.57
4172.61,4169.55,1119039808,103962200,103.96,40.14,25689.52,1286277708,36423328.53,0.04,0.01,29528.95
4172.62,4169.56,1124007621,104423725,104.42,40.32,25803.56,1297775499,36748909.71,0.04,0.01,29792.9
4172.63,4169.57,1128347361,104826900,104.83,40.47,25903.19,1308772174,37060300.86,0.04,0.01,30045.35
4172.64,4169.58,1133006519,105259750,105.26,40.64,26010.15,1320363454,37388529.37,0.04,0.01,30311.45
4172.65,4169.59,1137048906,105635300,105.64,40.79,26102.95,1331447379,37702391.17,0.04,0.01,30565.9
4172.66,4169.6,1140920954,105995025,106,40.92,26191.84,1343125244,38033071.49,0.04,0.01,30833.99
4172.67,4169.61,1144214172,106300975,106.3,41.04,26267.44,1354282651,38349014.08,0.04,0.01,31090.13
4172.68,4169.62,1147702217,106625025,106.63,41.17,26347.51,1366032047,38681719.92,0.04,0.01,31359.86
4172.69,4169.63,1150921434,106924100,106.92,41.28,26421.41,1377254910,38999516.01,0.04,0.01,31617.5
4172.7,4169.64,1154047812,107214550,107.21,41.4,26493.19,1389071363,39334120.69,0.04,0.01,31888.77
4172.71,4169.65,1157030222,107491625,107.49,41.5,26561.65,1400355324,39653646.89,0.04,0.01,32147.82
4172.72,4169.66,1160697486,107832325,107.83,41.63,26645.84,1412235905,39990067.47,0.04,0.01,32420.56
4172.73,4169.67,1164057979,108144525,108.14,41.75,26722.99,1423586552,40311482.01,0.04,0.01,32681.13
4172.74,4169.68,1168169793,108526525,108.53,41.9,26817.38,1435541387,40650005.23,0.04,0.01,32955.58
4172.75,4169.69,1171752022,108859325,108.86,42.03,26899.62,1446965949,40973512.79,0.04,0.01,33217.85
4172.76,4169.7,1175443505,109202275,109.2,42.16,26984.36,1458424937,41297995.22,0.04,0.01,33480.92
4172.77,4169.71,1179432880,109572900,109.57,42.31,27075.94,1470498519,41639880.96,0.04,0.01,33758.09
4172.78,4169.72,1182982817,109902700,109.9,42.43,27157.44,1482032556,41966488.53,0.04,0.01,34022.87
4172.79,4169.73,1187523842,110324575,110.32,42.6,27261.69,1494184909,42310604.85,0.04,0.01,34301.85
4172.8,4169.74,1191378667,110682700,110.68,42.73,27350.18,1505799193,42639484.74,0.04,0.01,34568.48
4172.81,4169.75,1195473259,111063100,111.06,42.88,27444.18,1518035687,42985983.67,0.04,0.01,34849.39
4172.82,4169.76,1199924136,111476600,111.48,43.04,27546.36,1529730402,43317141.12,0.04,0.01,35117.87
4172.83,4169.77,1205683635,112011675,112.01,43.25,27678.58,1542062229,43666339.57,0.04,0.01,35400.97
4172.84,4169.78,1209933227,112406475,112.41,43.4,27776.13,1553855661,44000292.38,0.04,0.01,35671.71
4172.85,4169.79,1215415018,112915750,112.92,43.6,27901.98,1566287799,44352331.34,0.04,0.01,35957.11
4172.86,4169.8,1219956311,113337650,113.34,43.76,28006.23,1578178087,44689026.79,0.04,0.01,36230.08
4172.87,4169.81,1225120567,113817425,113.82,43.95,28124.79,1590712996,45043975.88,0.05,0.01,36517.84
4172.88,4169.82,1229223769,114198625,114.2,44.09,28218.98,1602695071,45383270.45,0.05,0.01,36792.91
4172.89,4169.83,1234571280,114695425,114.7,44.28,28341.74,1615324038,45740882.99,0.05,0.01,37082.83
4172.9,4169.84,1238892452,115096875,115.1,44.44,28440.94,1627400328,46082845.44,0.05,0.01,37360.07
4172.91,4169.85,1244153313,115585625,115.59,44.63,28561.72,1640129382,46443292.1,0.05,0.01,37652.29
4172.92,4169.86,1249160953,116050850,116.05,44.81,28676.67,1652301431,46787966.13,0.05,0.01,37931.72
4172.93,4169.87,1255377111,116628350,116.63,45.03,28819.38,1665141091,47151544.83,0.05,0.01,38226.48
4172.94,4169.88,1260388250,117093900,117.09,45.21,28934.42,1677423717,47499350.05,0.05,0.01,38508.45
4172.95,4169.89,1265798999,117596575,117.6,45.4,29058.63,1690373202,47866038.63,0.05,0.01,38805.73
4172.96,4169.9,1271017881,118081425,118.08,45.59,29178.44,1702759287,48216773.52,0.05,0.01,39090.07
4172.97,4169.91,1276319376,118573950,118.57,45.78,29300.14,1715818221,48586561.34,0.05,0.01,39389.87
4172.98,4169.92,1281421469,119047950,119.05,45.96,29417.27,1728305108,48940150.6,0.05,0.01,39676.53
4172.99,4169.93,1286631202,119531950,119.53,46.15,29536.87,1741470391,49312949.91,0.05,0.01,39978.76
4173,4169.94,1291546003,119988550,119.99,46.33,29649.7,1754058091,49669393.88,0.05,0.01,40267.74
4173.01,4169.95,1296784529,120475225,120.48,46.52,29769.96,1766695053,50027232.79,0.05,0.01,40557.84
4173.02,4169.96,1302821468,121036075,121.04,46.73,29908.55,1780022792,50404632.33,0.05,0.01,40863.81
4173.03,4169.97,1309094137,121618825,121.62,46.96,30052.55,1792775230,50765741.16,0.05,0.01,41156.56
4173.04,4169.98,1315812701,122243000,122.24,47.2,30206.78,1806231825,51146789.5,0.05,0.01,41465.48
4173.05,4169.99,1322535301,122867550,122.87,47.44,30361.11,1819112445,51511528.04,0.05,0.01,41761.18
4173.06,4170,1330338598,123592500,123.59,47.72,30540.25,1832711202,51896601.96,0.05,0.01,42073.37
4173.07,4170.01,1337315227,124240650,124.24,47.97,30700.41,1845736219,52265429.36,0.05,0.01,42372.38
4173.08,4170.02,1343697149,124833550,124.83,48.2,30846.92,1859480685,52654629.29,0.05,0.01,42687.91
4173.09,4170.03,1352123407,125616375,125.62,48.5,31040.36,1872640775,53027281.55,0.05,0.01,42990.03
4173.1,4170.04,1359617242,126312575,126.31,48.77,31212.39,1886541182,53420897.25,0.05,0.01,43309.14
4173.11,4170.05,1369240447,127206600,127.21,49.11,31433.31,1899862389,53798111.8,0.05,0.01,43614.95
4173.12,4170.06,1377920733,128013025,128.01,49.43,31632.58,1913947978,54196971.27,0.05,0.01,43938.31
4173.13,4170.07,1389867059,129122875,129.12,49.85,31906.83,1927454349,54579429.12,0.05,0.01,44248.38
4173.14,4170.08,1404833200,130513275,130.51,50.39,32250.4,1941794216,54985488.93,0.05,0.01,44577.58
4173.15,4170.09,1415630479,131516375,131.52,50.78,32498.27,1955560539,55375307.79,0.06,0.01,44893.61
4173.16,4170.1,1431974670,133034800,133.03,51.37,32873.48,1970151920,55788489.69,0.06,0.01,45228.58
4173.17,4170.11,1445081345,134252450,134.25,51.84,33174.37,1984201175,56186320.27,0.06,0.01,45551.11
4173.18,4170.12,1454638621,135140350,135.14,52.18,33393.77,1999067181,56607278.68,0.06,0.01,45892.39
4173.19,4170.13,1465353018,136135750,136.14,52.56,33639.74,2013318074,57010819.04,0.06,0.01,46219.54
4173.2,4170.14,1477222651,137238475,137.24,52.99,33912.23,2028407561,57438105.74,0.06,0.01,46565.95
4173.21,4170.15,1485849925,138039975,138.04,53.3,34110.28,2042872577,57847709.36,0.06,0.01,46898.02
4173.22,4170.16,1495736307,138958450,138.96,53.65,34337.24,2058159141,58280576.66,0.06,0.01,47248.95
4173.23,4170.17,1504635909,139785250,139.79,53.97,34541.55,2072807726,58695378.39,0.06,0.01,47585.24
4173.24,4170.18,1515693943,140812575,140.81,54.37,34795.41,2088292661,59133862.92,0.06,0.01,47940.73
4173.25,4170.19,1522887195,141480850,141.48,54.63,34960.54,2103127827,59553948.05,0.06,0.01,48281.3
4173.26,4170.2,1530242444,142164175,142.16,54.89,35129.39,2118033388,59976026.53,0.06,0.01,48623.48
4173.27,4170.21,1540783542,143143475,143.14,55.27,35371.38,2133770792,60421660.19,0.06,0.01,48984.76
4173.28,4170.22,1552149155,144199375,144.2,55.68,35632.3,2148879791,60849499.39,0.06,0.01,49331.62
4173.29,4170.23,1559040479,144839600,144.84,55.92,35790.5,2164830470,61301172.31,0.06,0.01,49697.8
4173.3,4170.24,1566511440,145533675,145.53,56.19,35962.01,2180088268,61733225.05,0.06,0.01,50048.07
4173.31,4170.25,1577305759,146536500,146.54,56.58,36209.81,2196206659,62189647.03,0.06,0.01,50418.1
4173.32,4170.26,1584079488,147165800,147.17,56.82,36365.32,2211643333,62626764.99,0.06,0.02,50772.47
4173.33,4170.27,1592246874,147924575,147.92,57.11,36552.81,2227925258,63087817.75,0.06,0.02,51146.26
4173.34,4170.28,1602085626,148838625,148.84,57.47,36778.68,2243515799,63529292.71,0.06,0.02,51504.17
4173.35,4170.29,1610101241,149583300,149.58,57.75,36962.69,2259990093,63995792.77,0.06,0.02,51882.37
4173.36,4170.3,1615635775,150097475,150.1,57.95,37089.75,2275740210,64441786.42,0.06,0.02,52243.94
4173.37,4170.31,1624703293,150939875,150.94,58.28,37297.91,2292344538,64911968.62,0.06,0.02,52625.12
4173.38,4170.32,1631654088,151585625,151.59,58.53,37457.47,2308248611,65362321.81,0.07,0.02,52990.23
4173.39,4170.33,1636124340,152000925,152,58.69,37560.1,2325002715,65836745.19,0.07,0.02,53374.85
4173.4,4170.34,1640547769,152411875,152.41,58.85,37661.64,2341001051,66289767.63,0.07,0.02,53742.13
4173.41,4170.35,1647959529,153100450,153.1,59.11,37831.79,2357859774,66767153.49,0.07,0.02,54129.15
4173.42,4170.36,1653003228,153569025,153.57,59.29,37947.58,2373977299,67223550.99,0.07,0.02,54499.16
4173.43,4170.37,1656862897,153927600,153.93,59.43,38036.19,2390946577,67704067.42,0.07,0.02,54888.72
4173.44,4170.38,1660682202,154282425,154.28,59.57,38123.86,2407145061,68162757.42,0.07,0.02,55260.59
4173.45,4170.39,1664544024,154641200,154.64,59.71,38212.52,2424193628,68645519.08,0.07,0.02,55651.97
4173.46,4170.4,1668129213,154974275,154.97,59.84,38294.82,2440465504,69106287.3,0.07,0.02,56025.52
4173.47,4170.41,1672215732,155353925,155.35,59.98,38388.64,2457590359,69591209.19,0.07,0.02,56418.66
4173.48,4170.42,1676302519,155733600,155.73,60.13,38482.46,2473939905,70054176.76,0.07,0.02,56793.99
4173.49,4170.43,1680013646,156078375,156.08,60.26,38567.65,2491148871,70541480.43,0.07,0.02,57189.06
4173.5,4170.44,1683482586,156400650,156.4,60.39,38647.29,2507570114,71006478.23,0.07,0.02,57566.04
4173.51,4170.45,1687460389,156770200,156.77,60.53,38738.61,2524032361,71472637.15,0.07,0.02,57943.96
4173.52,4170.46,1690622018,157063925,157.06,60.64,38811.19,2541349677,71963008.95,0.07,0.02,58341.51
4173.53,4170.47,1694987591,157469500,157.47,60.8,38911.41,2557879912,72431093.06,0.07,0.02,58720.99
4173.54,4170.48,1698080870,157756875,157.76,60.91,38982.42,2575275223,72923673.43,0.07,0.02,59120.34
4173.55,4170.49,1701348255,158060425,158.06,61.03,39057.43,2591872544,73393657.21,0.07,0.02,59501.36
4173.56,4170.5,1705482942,158444550,158.44,61.18,39152.34,2609336047,73888168.56,0.07,0.02,59902.27
4173.57,4170.51,1710219601,158884600,158.88,61.35,39261.08,2626013396,74360418.49,0.07,0.02,60285.13
4173.58,4170.52,1714147890,159249550,159.25,61.49,39351.26,2643568001,74857509.55,0.07,0.02,60688.13
4173.59,4170.53,1719386685,159736250,159.74,61.67,39471.53,2660333406,75332252.94,0.08,0.02,61073.01
4173.6,4170.54,1722864774,160059375,160.06,61.8,39551.37,2677980748,75831970.02,0.08,0.02,61478.14
4173.61,4170.55,1726538227,160400650,160.4,61.93,39635.71,2694822037,76308862.2,0.08,0.02,61864.76
4173.62,4170.56,1730203339,160741150,160.74,62.06,39719.84,2712543885,76810689.06,0.08,0.02,62271.6
4173.63,4170.57,1734756742,161164175,161.16,62.23,39824.38,2729460520,77289714.81,0.08,0.02,62659.95
4173.64,4170.58,1738271697,161490725,161.49,62.35,39905.07,2747266492,77793923.79,0.08,0.02,63068.72
4173.65,4170.59,1742165003,161852425,161.85,62.49,39994.45,2764259574,78275114.29,0.08,0.02,63458.83
4173.66,4170.6,1746612651,162265625,162.27,62.65,40096.55,2782144250,78781551.91,0.08,0.02,63869.41
4173.67,4170.61,1750690559,162644475,162.64,62.8,40190.16,2799218867,79265051.23,0.08,0.02,64261.39
4173.68,4170.62,1754726218,163019400,163.02,62.94,40282.81,2817190160,79773941.59,0.08,0.02,64673.95
4173.69,4170.63,1758966122,163413300,163.41,63.09,40380.14,2834345307,80259721.24,0.08,0.02,65067.78
4173.7,4170.64,1762197179,163713475,163.71,63.21,40454.32,2852397853,80770912.43,0.08,0.02,65482.21
4173.71,4170.65,1765481517,164018600,164.02,63.33,40529.72,2869621131,81258621.35,0.08,0.02,65877.61
4173.72,4170.66,1769460935,164388300,164.39,63.47,40621.07,2887742019,81771747.74,0.08,0.02,66293.6
4173.73,4170.67,1773114206,164727700,164.73,63.6,40704.94,2905038808,82261538.27,0.08,0.02,66690.69
4173.74,4170.68,1777780361,165161200,165.16,63.77,40812.06,2923244055,82777053.45,0.08,0.02,67108.62
4173.75,4170.69,1781290203,165487275,165.49,63.89,40892.63,2940621050,83269115.15,0.08,0.02,67507.54
4173.76,4170.7,1784580462,165792950,165.79,64.01,40968.17,2958031560,83762125.91,0.08,0.02,67907.23
4173.77,4170.71,1788255530,166134375,166.13,64.14,41052.53,2976348484,84280803.43,0.08,0.02,68327.73
4173.78,4170.72,1792606571,166538600,166.54,64.3,41152.42,2993829524,84775811.34,0.08,0.02,68729.04
4173.79,4170.73,1796673715,166916450,166.92,64.45,41245.79,3012230524,85296869.65,0.09,0.02,69151.47
4173.8,4170.74,1800336943,167256775,167.26,64.58,41329.88,3029792128,85794158.9,0.09,0.02,69554.63
4173.81,4170.75,1804138218,167609925,167.61,64.71,41417.15,3048271309,86317431.02,0.09,0.02,69978.86
4173.82,4170.76,1807731480,167943750,167.94,64.84,41499.64,3065905527,86816776.48,0.09,0.02,70383.69
4173.83,4170.77,1812104050,168349975,168.35,65,41600.02,3084462405,87342248.75,0.09,0.02,70809.69
4173.84,4170.78,1816699163,168776875,168.78,65.17,41705.51,3102179075,87843928.97,0.09,0.02,71216.41
4173.85,4170.79,1820755812,169153750,169.15,65.31,41798.63,3120828891,88372032.94,0.09,0.02,71644.56
4173.86,4170.8,1824410428,169493275,169.49,65.44,41882.53,3138627430,88876031.46,0.09,0.02,72053.16
4173.87,4170.81,1828183717,169843825,169.84,65.58,41969.16,3157353969,89406307.97,0.09,0.02,72483.06
4173.88,4170.82,1832188699,170215900,170.22,65.72,42061.1,3175225163,89912363.85,0.09,0.02,72893.33
4173.89,4170.83,1836578491,170623725,170.62,65.88,42161.87,3194034833,90444994.38,0.09,0.02,73325.14
4173.9,4170.84,1840454037,170983775,170.98,66.02,42250.84,3211988688,90953390.92,0.09,0.02,73737.3
4173.91,4170.85,1843957151,171309225,171.31,66.14,42331.26,3230878331,91488286.06,0.09,0.02,74170.95
4173.92,4170.86,1847700301,171656975,171.66,66.28,42417.19,3248903575,91998704.13,0.09,0.02,74584.75
4173.93,4170.87,1851392053,171999950,172,66.41,42501.94,3267868400,92535728.15,0.09,0.02,75020.13
4173.94,4170.88,1855284553,172361575,172.36,66.55,42591.3,3285966424,93048207.14,0.09,0.02,75435.6
4173.95,4170.89,1860040586,172803425,172.8,66.72,42700.49,3305014726,93587594.98,0.09,0.02,75872.89
4173.96,4170.9,1863882764,173160375,173.16,66.86,42788.69,3323197165,94102464.33,0.09,0.02,76290.31
4173.97,4170.91,1867892859,173532925,173.53,67,42880.75,3342330761,94644267.43,0.09,0.02,76729.55
4173.98,4170.92,1871680948,173884850,173.88,67.14,42967.71,3360589670,95161302.14,0.1,0.02,77148.72
4173.99,4170.93,1875503213,174239950,174.24,67.27,43055.46,3379801172,95705311.31,0.1,0.02,77589.76
4174,4170.94,1880472372,174701600,174.7,67.45,43169.53,3398138593,96224569.24,0.1,0.02,78010.73
4174.01,4170.95,1885269847,175147300,175.15,67.62,43279.67,3416525047,96745215.62,0.1,0.02,78432.82
4174.02,4170.96,1889516748,175541850,175.54,67.78,43377.16,3435875444,97293157.87,0.1,0.02,78877.05
4174.03,4170.97,1894061271,175964050,175.96,67.94,43481.49,3454351470,97816340.64,0.1,0.02,79301.2
4174.04,4170.98,1899205882,176442000,176.44,68.12,43599.59,3473798638,98367023.12,0.1,0.02,79747.65
4174.05,4170.99,1903879841,176876225,176.88,68.29,43706.89,3492367099,98892823.4,0.1,0.02,80173.92
4174.06,4171,1909798377,177426075,177.43,68.5,43842.76,3511917630,99446432.77,0.1,0.02,80622.74
4174.07,4171.01,1915830203,177986450,177.99,68.72,43981.23,3530592932,99975258.42,0.1,0.02,81051.47
4174.08,4171.02,1924308397,178774100,178.77,69.03,44175.87,3550283870,100532843.7,0.1,0.02,81503.51
4174.09,4171.03,1931137022,179408500,179.41,69.27,44332.63,3569109985,101065939.9,0.1,0.02,81935.7
4174.1,4171.04,1937519483,180001450,180,69.5,44479.15,3588943873,101627573.1,0.1,0.02,82391.03
4174.11,4171.05,1943330380,180541300,180.54,69.71,44612.55,3607890066,102164069.5,0.1,0.02,82825.97
4174.12,4171.06,1950520403,181209275,181.21,69.97,44777.61,3627849177,102729248.6,0.1,0.02,83284.17
4174.13,4171.07,1963182260,182385600,182.39,70.42,45068.28,3646938442,103269796.4,0.1,0.02,83722.4
4174.14,4171.08,1974639366,183450000,183.45,70.83,45331.3,3667145125,103841985.9,0.1,0.02,84186.28
4174.15,4171.09,1981508894,184088200,184.09,71.08,45489,3686460796,104388944.8,0.1,0.03,84629.71
4174.16,4171.1,1987288037,184625100,184.63,71.28,45621.67,3706806680,104965076.1,0.1,0.03,85096.79
4174.17,4171.11,1992584419,185117150,185.12,71.47,45743.26,3726237623,105515299.1,0.11,0.03,85542.86
4174.18,4171.12,1998627009,185678525,185.68,71.69,45881.98,3746694946,106094586,0.11,0.03,86012.5
4174.19,4171.13,2008164372,186564575,186.56,72.03,46100.93,3766253638,106648426.5,0.11,0.03,86461.51
4174.2,4171.14,2016583096,187346700,187.35,72.33,46294.19,3786898068,107233011.7,0.11,0.03,86935.44
4174.21,4171.15,2020902115,187747950,187.75,72.49,46393.34,3806608785,107791157,0.11,0.03,87387.94
4174.22,4171.16,2024762322,188106575,188.11,72.63,46481.96,3827351536,108378526.3,0.11,0.03,87864.13
4174.23,4171.17,2028233683,188429075,188.43,72.75,46561.65,3847139844,108938868.8,0.11,0.03,88318.4
4174.24,4171.18,2032617555,188836350,188.84,72.91,46662.29,3867957852,109528369.1,0.11,0.03,88796.32
4174.25,4171.19,2035927188,189143825,189.14,73.03,46738.27,3887822149,110090863.4,0.11,0.03,89252.34
4174.26,4171.2,2039150979,189443325,189.44,73.14,46812.28,3907720752,110654329.1,0.11,0.03,89709.15
4174.27,4171.21,2042658938,189769225,189.77,73.27,46892.81,3928645159,111246842.3,0.11,0.03,90189.51
4174.28,4171.22,2046434379,190119975,190.12,73.41,46979.48,3948613443,111812281.1,0.11,0.03,90647.92
4174.29,4171.23,2050564492,190503675,190.5,73.55,47074.29,3969616461,112407020.4,0.11,0.03,91130.09
4174.3,4171.24,2055495708,190961800,190.96,73.73,47187.5,3989666447,112974772.7,0.11,0.03,91590.37
4174.31,4171.25,2058459551,191237150,191.24,73.84,47255.54,4010759173,113572052.2,0.11,0.03,92074.6
4174.32,4171.26,2060946552,191468200,191.47,73.93,47312.63,4030873214,114141618.4,0.11,0.03,92536.35
4174.33,4171.27,2064933236,191838575,191.84,74.07,47404.15,4052022524,114740500.2,0.11,0.03,93021.88
4174.34,4171.28,2068876594,192204925,192.2,74.21,47494.68,4072207356,115312071,0.12,0.03,93485.26
4174.35,4171.29,2072886420,192577450,192.58,74.35,47586.73,4093442438,115913381.6,0.12,0.03,93972.75
4174.36,4171.3,2077016533,192961150,192.96,74.5,47681.55,4113705935,116487179.9,0.12,0.03,94437.94
4174.37,4171.31,2080393979,193274925,193.27,74.62,47759.08,4135021113,117090758.5,0.12,0.03,94927.27
4174.38,4171.32,2083437205,193557650,193.56,74.73,47828.95,4155351810,117666459.7,0.12,0.03,95394
4174.39,4171.33,2086994677,193888150,193.89,74.86,47910.61,4176731685,118271870.4,0.12,0.03,95884.81
4174.4,4171.34,2091962491,194349675,194.35,75.04,48024.66,4197137667,118849703.5,0.12,0.03,96353.27
4174.41,4171.35,2095343974,194663825,194.66,75.16,48102.29,4218606476,119457632.4,0.12,0.03,96846.13
4174.42,4171.36,2098212556,194930325,194.93,75.26,48168.14,4239082053,120037436.2,0.12,0.03,97316.18
4174.43,4171.37,2101306911,195217800,195.22,75.37,48239.18,4260611479,120647081.6,0.12,0.03,97810.43
4174.44,4171.38,2104781770,195540625,195.54,75.5,48318.95,4281149283,121228647.5,0.12,0.03,98281.92
4174.45,4171.39,2108412976,195877975,195.88,75.63,48402.31,4302748430,121840267.2,0.12,0.03,98777.77
4174.46,4171.4,2112758904,196281725,196.28,75.78,48502.08,4323359641,122423911.7,0.12,0.03,99250.93
4174.47,4171.41,2115829848,196567025,196.57,75.89,48572.58,4345039050,123037804.2,0.12,0.03,99748.63
4174.48,4171.42,2118692241,196832950,196.83,76,48638.29,4365714900,123623279.1,0.12,0.03,100223.28
4174.49,4171.43,2121974964,197137925,197.14,76.12,48713.65,4387454984,124238889.7,0.12,0.03,100722.37
4174.5,4171.44,2125968913,197508975,197.51,76.26,48805.34,4408196519,124826224.6,0.12,0.03,101198.53
4174.51,4171.45,2129370309,197824975,197.82,76.38,48883.42,4428973851,125414573.1,0.13,0.03,101675.51
4174.52,4171.46,2132914327,198154225,198.15,76.51,48964.78,4450825721,126033349.1,0.13,0.03,102177.16
4174.53,4171.47,2135755730,198418200,198.42,76.61,49030.01,4471668052,126623538.2,0.13,0.03,102655.64
4174.54,4171.48,2139158202,198734300,198.73,76.73,49108.12,4493584263,127244136.2,0.13,0.03,103158.76
4174.55,4171.49,2142166177,199013750,199.01,76.84,49177.17,4514488398,127836075.4,0.13,0.03,103638.66
4174.56,4171.5,2146142903,199383200,199.38,76.98,49268.46,4536472898,128458607.1,0.13,0.03,104143.35
4174.57,4171.51,2149409212,199686650,199.69,77.1,49343.45,4557447105,129052530.5,0.13,0.03,104624.86
4174.58,4171.52,2152466163,199970650,199.97,77.21,49413.63,4579501654,129677045.8,0.13,0.03,105131.16
4174.59,4171.53,2155261012,200230300,200.23,77.31,49477.79,4600535149,130272648.1,0.13,0.03,105614.03
4174.6,4171.54,2158693354,200549175,200.55,77.43,49556.58,4622650120,130898874.3,0.13,0.03,106121.72
4174.61,4171.55,2162367615,200890525,200.89,77.56,49640.93,4643748044,131496301,0.13,0.03,106606.06
4174.62,4171.56,2165902483,201218925,201.22,77.69,49722.08,4665938980,132124678.3,0.13,0.03,107115.49
4174.63,4171.57,2168610683,201470525,201.47,77.79,49784.25,4687103278,132723984.5,0.13,0.03,107601.36
4174.64,4171.58,2171239230,201714725,201.71,77.88,49844.59,4709352440,133354010.6,0.13,0.03,108112.13
4174.65,4171.59,2174036232,201974575,201.97,77.98,49908.8,4730568426,133954780.4,0.13,0.03,108599.19
4174.66,4171.6,2177709147,202315800,202.32,78.11,49993.12,4752877374,134586499.5,0.13,0.03,109111.33
4174.67,4171.61,2181661386,202682975,202.68,78.26,50083.85,4774163779,135189263.4,0.14,0.03,109600
4174.68,4171.62,2184745515,202969500,202.97,78.37,50154.66,4796550174,135823175.5,0.14,0.03,110113.92
4174.69,4171.63,2187596606,203234375,203.23,78.47,50220.11,4817898679,136427697.8,0.14,0.03,110604.02
4174.7,4171.64,2190471108,203501425,203.5,78.57,50286.1,4840344084,137063280.9,0.14,0.03,111119.3
4174.71,4171.65,2193476123,203780600,203.78,78.68,50355.08,4861748870,137669396.9,0.14,0.03,111610.68
4174.72,4171.66,2197101677,204117425,204.12,78.81,50438.31,4884257898,138306781.6,0.14,0.03,112127.42
4174.73,4171.67,2200471588,204430500,204.43,78.93,50515.67,4905731018,138914832.7,0.14,0.03,112620.38
4174.74,4171.68,2203452923,204707475,204.71,79.04,50584.12,4928308995,139554169.8,0.14,0.03,113138.7
4174.75,4171.69,2206336574,204975375,204.98,79.14,50650.32,4949840882,140163884.9,0.14,0.03,113633
4174.76,4171.7,2209637058,205282000,205.28,79.26,50726.08,4971402856,140774452,0.14,0.03,114128
4174.77,4171.71,2212752403,205571425,205.57,79.37,50797.6,4994075710,141416475.8,0.14,0.03,114648.5
4174.78,4171.72,2216091368,205881625,205.88,79.49,50874.25,5015700541,142028822.8,0.14,0.03,115144.94
4174.79,4171.73,2219153431,206166100,206.17,79.6,50944.55,5038440272,142672740.2,0.14,0.03,115666.97
4174.8,4171.74,2222185894,206447825,206.45,79.71,51014.16,5060125086,143286785.8,0.14,0.03,116164.79
4174.81,4171.75,2225603974,206765375,206.77,79.83,51092.63,5082928394,143932503.6,0.14,0.03,116688.28
4174.82,4171.76,2228883737,207070075,207.07,79.95,51167.93,5104678214,144548389.9,0.14,0.03,117187.59
4174.83,4171.77,2231657597,207327775,207.33,80.05,51231.6,5127547093,145195964.4,0.15,0.03,117712.59
4174.84,4171.78,2234395398,207582125,207.58,80.15,51294.46,5149352923,145813436.8,0.15,0.03,118213.18
4174.85,4171.79,2237431359,207864175,207.86,80.26,51364.15,5172279552,146462646.6,0.15,0.04,118739.5
4174.86,4171.8,2240507415,208149950,208.15,80.37,51434.77,5194143205,147081756.3,0.15,0.04,119241.43
4174.87,4171.81,2244269671,208499475,208.5,80.5,51521.14,5217136266,147732847.3,0.15,0.04,119769.28
4174.88,4171.82,2247255041,208776825,208.78,80.61,51589.67,5239066946,148353855,0.15,0.04,120272.74
4174.89,4171.83,2250292886,209059050,209.06,80.72,51659.41,5262125303,149006795,0.15,0.04,120802.08
4174.9,4171.84,2253662797,209372125,209.37,80.84,51736.77,5284115875,149629498.6,0.15,0.04,121306.92
4174.91,4171.85,2257643291,209741925,209.74,80.98,51828.15,5307244864,150284438.7,0.15,0.04,121837.89
4174.92,4171.86,2260754600,210030975,210.03,81.09,51899.58,5329306947,150909167.3,0.15,0.04,122344.37
4174.93,4171.87,2264380961,210367875,210.37,81.22,51982.83,5352505558,151566078.8,0.15,0.04,122876.93
4174.94,4171.88,2267753294,210681175,210.68,81.34,52060.24,5374634980,152192714.2,0.15,0.04,123384.96
4174.95,4171.89,2271567217,211035500,211.04,81.48,52147.8,5397907071,152851706.5,0.15,0.04,123919.21
4174.96,4171.9,2274868777,211342225,211.34,81.6,52223.59,5420105627,153480299.6,0.15,0.04,124428.82
4174.97,4171.91,2278431093,211673175,211.67,81.73,52305.37,5443448935,154141308.4,0.15,0.04,124964.71
4174.98,4171.92,2282420468,212043800,212.04,81.87,52396.95,5465717508,154771884.2,0.15,0.04,125475.93
4174.99,4171.93,2286210710,212395925,212.4,82.01,52483.97,5489139391,155435118.1,0.16,0.04,126013.62
4175,4171.94,2289711941,212721200,212.72,82.13,52564.34,5511481966,156067789.3,0.16,0.04,126526.54
4175.01,4171.95,2293209404,213046125,213.05,82.26,52644.63,5533858325,156701417.2,0.16,0.04,127040.23
4175.02,4171.96,2296398213,213342375,213.34,82.37,52717.84,5557388370,157367713.9,0.16,0.04,127580.41
4175.03,4171.97,2299631691,213642775,213.64,82.49,52792.07,5579828745,158003154.6,0.16,0.04,128095.57
4175.04,4171.98,2303827464,214032575,214.03,82.64,52888.39,5603428510,158671425.5,0.16,0.04,128637.35
4175.05,4171.99,2307987177,214419025,214.42,82.79,52983.88,5625946361,159309060,0.16,0.04,129154.29
4175.06,4172,2312041673,214795700,214.8,82.93,53076.96,5649632214,159979768.7,0.16,0.04,129698.04
4175.07,4172.01,2316881396,215245325,215.25,83.11,53188.07,5672229480,160619652,0.16,0.04,130216.8
4175.08,4172.02,2323817929,215889750,215.89,83.36,53347.31,5696027318,161293531.8,0.16,0.04,130763.13
4175.09,4172.03,2327075357,216192375,216.19,83.47,53422.09,5718735981,161936569.5,0.16,0.04,131284.45
4175.1,4172.04,2330793750,216537825,216.54,83.61,53507.45,5742614306,162612728.3,0.16,0.04,131832.62
4175.11,4172.05,2335382136,216964100,216.96,83.77,53612.78,5765397486,163257876.2,0.16,0.04,132355.65
4175.12,4172.06,2339260642,217324425,217.32,83.91,53701.82,5789362711,163936495.8,0.16,0.04,132905.82
4175.13,4172.07,2345093605,217866325,217.87,84.12,53835.73,5812227257,164583947.6,0.16,0.04,133430.72
4175.14,4172.08,2358087798,219073525,219.07,84.58,54134.03,5836346257,165266921.6,0.17,0.04,133984.42
4175.15,4172.09,2362646045,219497000,219.5,84.75,54238.67,5859395392,165919600.5,0.17,0.04,134513.55
4175.16,4172.1,2368646925,220054500,220.05,84.96,54376.43,5883649494,166606400.1,0.17,0.04,135070.35
4175.17,4172.11,2373753593,220528925,220.53,85.15,54493.67,5906804092,167262065.3,0.17,0.04,135601.91
4175.18,4172.12,2378737014,220991900,220.99,85.33,54608.07,5931165037,167951890.5,0.17,0.04,136161.16
4175.19,4172.13,2388204950,221871500,221.87,85.67,54825.42,5954442875,168611045.4,0.17,0.04,136695.55
4175.2,4172.14,2398180942,222798300,222.8,86.02,55054.44,5978986494,169306043.3,0.17,0.04,137259
4175.21,4172.15,2402215525,223173125,223.17,86.17,55147.06,6002423529,169969706.2,0.17,0.04,137797.04
4175.22,4172.16,2406160498,223539625,223.54,86.31,55237.62,6027075558,170667774,0.17,0.04,138362.97
4175.23,4172.17,2409225791,223824400,223.82,86.42,55307.99,6050586976,171333543.2,0.17,0.04,138902.72
4175.24,4172.18,2413334913,224206150,224.21,86.57,55402.32,6075308825,172033588,0.17,0.04,139470.26
4175.25,4172.19,2416233365,224475425,224.48,86.67,55468.86,6098891012,172701361.2,0.17,0.04,140011.63
4175.26,4172.2,2419302964,224760600,224.76,86.78,55539.33,6122501071,173369923.6,0.17,0.04,140553.64
4175.27,4172.21,2423242017,225126550,225.13,86.92,55629.76,6147326941,174072914,0.17,0.04,141123.57
4175.28,4172.22,2427216860,225495825,225.5,87.06,55721.01,6171010660,174743562.2,0.17,0.04,141667.27
4175.29,4172.23,2431335670,225878475,225.88,87.21,55815.56,6195919879,175448912.7,0.18,0.04,142239.11
4175.3,4172.24,2434446171,226167450,226.17,87.32,55886.97,6219678217,176121673.9,0.18,0.04,142784.53
4175.31,4172.25,2438180710,226514400,226.51,87.46,55972.7,6244659815,176829074,0.18,0.04,143358.03
4175.32,4172.26,2441850127,226855300,226.86,87.59,56056.94,6268486727,177503777,0.18,0.04,143905.02
4175.33,4172.27,2445842999,227226250,227.23,87.73,56148.6,6293544988,178213348,0.18,0.04,144480.28
4175.34,4172.28,2449597989,227575100,227.58,87.87,56234.81,6317448318,178890214.9,0.18,0.04,145029.03
4175.35,4172.29,2453030331,227893975,227.89,87.99,56313.6,6342583798,179601972.4,0.18,0.04,145606.06
4175.36,4172.3,2455778896,228149325,228.15,88.09,56376.7,6366552685,180280695.7,0.18,0.04,146156.31
4175.37,4172.31,2459217696,228468800,228.47,88.21,56455.64,6391749621,180994193.5,0.18,0.04,146734.76
4175.38,4172.32,2463529450,228869375,228.87,88.37,56554.63,6415784287,181674779.4,0.18,0.04,147286.52
4175.39,4172.33,2468029571,229287450,229.29,88.53,56657.94,6441069014,182390763.2,0.18,0.04,147866.98
4175.4,4172.34,2470762259,229541325,229.54,88.63,56720.67,6465184276,183073631.3,0.18,0.04,148420.59
4175.41,4172.35,2473716953,229815825,229.82,88.73,56788.5,6490532809,183791421.8,0.18,0.04,149002.51
4175.42,4172.36,2477433731,230161125,230.16,88.87,56873.83,6514708274,184475994.8,0.18,0.04,149557.51
4175.43,4172.37,2481106915,230502375,230.5,89,56958.15,6540129003,185195829.7,0.19,0.04,150141.09
4175.44,4172.38,2484449110,230812875,230.81,89.12,57034.88,6564375166,185882404.6,0.19,0.04,150697.7
4175.45,4172.39,2487824672,231126475,231.13,89.24,57112.37,6589866487,186604238.4,0.19,0.04,151282.91
4175.46,4172.4,2491058689,231426925,231.43,89.35,57186.61,6614177575,187292651.7,0.19,0.04,151841.01
4175.47,4172.41,2494433713,231740475,231.74,89.48,57264.09,6639736405,188016397.2,0.19,0.05,152427.76
4175.48,4172.42,2497893234,232061875,232.06,89.6,57343.51,6664112722,188706657.6,0.19,0.05,152987.37
4175.49,4172.43,2501275254,232376075,232.38,89.72,57421.15,6689742412,189432409.6,0.19,0.05,153575.75
4175.5,4172.44,2504183394,232646250,232.65,89.83,57487.91,6714182558,190124477.5,0.19,0.05,154136.82
4175.51,4172.45,2507052783,232912825,232.91,89.93,57553.78,6738650275,190817326.1,0.19,0.05,154698.52
4175.52,4172.46,2510104352,233196325,233.2,90.04,57623.84,6764371658,191545674.5,0.19,0.05,155289
4175.53,4172.47,2513332179,233496200,233.5,90.15,57697.94,6788899285,192240219.6,0.19,0.05,155852.08
4175.54,4172.48,2516738150,233812625,233.81,90.28,57776.13,6814687001,192970446.4,0.19,0.05,156444.09
4175.55,4172.49,2520411334,234153875,234.15,90.41,57860.45,6839280846,193666866.5,0.19,0.05,157008.69
4175.56,4172.5,2523457790,234436900,234.44,90.52,57930.39,6865139456,194399100.8,0.19,0.05,157602.32
4175.57,4172.51,2526161415,234688075,234.69,90.61,57992.45,6889794305,195097248.4,0.2,0.05,158168.32
4175.58,4172.52,2529592143,235006800,235.01,90.74,58071.21,6915712949,195831182.7,0.2,0.05,158763.33
4175.59,4172.53,2533379424,235358650,235.36,90.87,58158.16,6940433913,196531202.4,0.2,0.05,159330.85
4175.6,4172.54,2536334925,235633225,235.63,90.98,58226.01,6966425110,197267191.2,0.2,0.05,159927.52
4175.61,4172.55,2538939253,235875175,235.88,91.07,58285.79,6991206540,197968923.1,0.2,0.05,160496.43
4175.62,4172.56,2542197220,236177850,236.18,91.19,58360.58,7017256116,198706564.9,0.2,0.05,161094.45
4175.63,4172.57,2545302877,236466375,236.47,91.3,58431.88,7042097474,199409993.9,0.2,0.05,161664.73
4175.64,4172.58,2548501911,236763575,236.76,91.41,58505.32,7068213027,200149504,0.2,0.05,162264.26
4175.65,4172.59,2551649279,237055975,237.06,91.53,58577.57,7093115491,200854663.2,0.2,0.05,162835.94
4175.66,4172.6,2554880066,237356125,237.36,91.64,58651.74,7119296552,201596028.3,0.2,0.05,163436.98
4175.67,4172.61,2557576426,237606625,237.61,91.74,58713.64,7144259578,202302902.5,0.2,0.05,164010.05
4175.68,4172.62,2560641180,237891350,237.89,91.85,58784,7170499670,203045939.1,0.2,0.05,164612.44
4175.69,4172.63,2563649693,238170850,238.17,91.96,58853.06,7195520174,203754440.9,0.2,0.05,165186.84
4175.7,4172.64,2566991887,238481350,238.48,92.08,58929.79,7221824328,204499291.6,0.2,0.05,165790.7
4175.71,4172.65,2569871233,238748850,238.75,92.18,58995.89,7246906492,205209539.4,0.21,0.05,166366.51
4175.72,4172.66,2573386188,239075400,239.08,92.31,59076.58,7273274500,205956198.3,0.21,0.05,166971.84
4175.73,4172.67,2576514450,239366025,239.37,92.42,59148.4,7298419965,206668238.5,0.21,0.05,167549.1
4175.74,4172.68,2579596427,239652350,239.65,92.53,59219.15,7324854540,207416782.3,0.21,0.05,168155.95
4175.75,4172.69,2582442135,239916725,239.92,92.63,59284.48,7350059947,208130520,0.21,0.05,168734.59
4175.76,4172.7,2585494780,240200325,240.2,92.74,59354.56,7375293585,208845057,0.21,0.05,169313.88
4175.77,4172.71,2588134360,240445550,240.45,92.84,59415.15,7401818147,209596149,0.21,0.05,169922.8
4175.78,4172.72,2591472518,240755675,240.76,92.96,59491.78,7427107016,210312250,0.21,0.05,170503.35
4175.79,4172.73,2594757125,241060825,241.06,93.07,59567.19,7453695955,211065164.9,0.21,0.05,171113.75
4175.8,4172.74,2597852019,241348350,241.35,93.19,59638.24,7479050368,211783121.9,0.21,0.05,171695.81
4175.81,4172.75,2600352206,241580625,241.58,93.27,59695.63,7505700928,212537781.8,0.21,0.05,172307.63
4175.82,4172.76,2602860735,241813675,241.81,93.36,59753.22,7531106446,213257185.9,0.21,0.05,172890.86
4175.83,4172.77,2606003797,242105675,242.11,93.48,59825.38,7557810722,214013366.8,0.21,0.05,173503.9
4175.84,4172.78,2609340878,242415700,242.42,93.6,59901.98,7583276317,214734472.1,0.21,0.05,174088.52
4175.85,4172.79,2612067915,242669050,242.67,93.7,59964.59,7610045571,215492493,0.22,0.05,174703.06
4175.86,4172.8,2615470118,242985125,242.99,93.82,60042.69,7635569618,216215253.5,0.22,0.05,175289.01
4175.87,4172.81,2618393058,243256675,243.26,93.92,60109.79,7662403423,216975102.3,0.22,0.05,175905.03
4175.88,4172.82,2621066544,243505050,243.51,94.02,60171.17,7687986126,217699523.7,0.22,0.05,176492.33
4175.89,4172.83,2624124571,243789150,243.79,94.13,60241.37,7714876089,218460962.7,0.22,0.05,177109.64
4175.9,4172.84,2627702764,244121575,244.12,94.26,60323.51,7740519155,219187093.5,0.22,0.05,177698.32
4175.91,4172.85,2630743569,244404075,244.4,94.36,60393.32,7767478267,219950490.5,0.22,0.05,178317.22
4175.92,4172.86,2633849495,244692625,244.69,94.48,60464.62,7793183182,220678372.6,0.22,0.05,178907.33
4175.93,4172.87,2637556048,245036975,245.04,94.61,60549.71,7820208543,221443645.6,0.22,0.05,179527.75
4175.94,4172.88,2641644988,245416850,245.42,94.76,60643.58,7845984610,222173542.6,0.22,0.05,180119.48
4175.95,4172.89,2645239058,245750750,245.75,94.88,60726.09,7873089640,222941071.6,0.22,0.05,180741.73
4175.96,4172.9,2648811062,246082600,246.08,95.01,60808.09,7898938270,223673023.2,0.22,0.05,181335.14
4175.97,4172.91,2652275157,246404425,246.4,95.14,60887.62,7926115759,224442604,0.22,0.05,181959.05
4175.98,4172.92,2655470155,246701250,246.7,95.25,60960.96,7952031478,225176455.5,0.23,0.05,182553.99
4175.99,4172.93,2659197428,247047525,247.05,95.39,61046.53,7979278183,225947996.2,0.23,0.05,183179.49
4176,4172.94,2663643192,247460550,247.46,95.55,61148.59,8005266611,226683906.5,0.23,0.05,183776.11
4176.01,4172.95,2667506359,247819450,247.82,95.68,61237.27,8031296016,227420977.2,0.23,0.05,184373.66
4176.02,4172.96,2671096393,248152975,248.15,95.81,61319.69,8058665732,228196001.3,0.23,0.05,185001.98
4176.03,4172.97,2674678622,248485775,248.49,95.94,61401.93,8084765843,228935074.1,0.23,0.05,185601.16
4176.04,4172.98,2679458067,248929800,248.93,96.11,61511.65,8112213625,229712308.7,0.23,0.06,186231.28
4176.05,4172.99,2685123921,249456175,249.46,96.32,61641.72,8138406681,230454013.5,0.23,0.06,186832.59
4176.06,4173,2689557575,249868075,249.87,96.47,61743.5,8165960674,231234255.7,0.23,0.06,187465.14
4176.07,4173.01,2694471570,250324600,250.32,96.65,61856.31,8192244122,231978520,0.23,0.06,188068.53
4176.08,4173.02,2700891435,250921025,250.92,96.88,62003.69,8219906284,232761825.2,0.23,0.06,188703.57
4176.09,4173.03,2705908493,251387125,251.39,97.06,62118.86,8246302288,233509276.9,0.23,0.06,189309.54
4176.1,4173.04,2712764835,252024100,252.02,97.31,62276.26,8274079105,234295828.7,0.23,0.06,189947.21
4176.11,4173.05,2720516734,252744275,252.74,97.59,62454.22,8300603631,235046919.6,0.24,0.06,190556.13
4176.12,4173.06,2725670495,253223075,253.22,97.77,62572.53,8328523508,235837522.5,0.24,0.06,191197.08
4176.13,4173.07,2730241928,253647775,253.65,97.93,62677.48,8355161241,236591819.1,0.24,0.06,191808.6
4176.14,4173.08,2740843303,254632675,254.63,98.31,62920.85,8383209325,237386052.4,0.24,0.06,192452.5
4176.15,4173.09,2747925418,255290625,255.29,98.57,63083.43,8410004639,238144811.2,0.24,0.06,193067.64
4176.16,4173.1,2759421005,256358600,256.36,98.98,63347.34,8438234871,238944202.4,0.24,0.06,193715.71
4176.17,4173.11,2764705547,256849550,256.85,99.17,63468.65,8465206704,239707959.6,0.24,0.06,194334.9
4176.18,4173.12,2770792000,257415000,257.42,99.39,63608.38,8493578630,240511363.1,0.24,0.06,194986.24
4176.19,4173.13,2779754301,258247625,258.25,99.71,63814.12,8520681649,241278835.1,0.24,0.06,195608.44
4176.2,4173.14,2786736311,258896275,258.9,99.96,63974.41,8549217670,242086885.2,0.24,0.06,196263.54
4176.21,4173.15,2793264354,259502750,259.5,100.19,64124.27,8576463404,242858398.5,0.24,0.06,196889.01
4176.22,4173.16,2797294362,259877150,259.88,100.34,64216.79,8605126406,243670044.3,0.24,0.06,197547.03
4176.23,4173.17,2800823579,260205025,260.21,100.47,64297.8,8632459765,244444038.9,0.24,0.06,198174.52
4176.24,4173.18,2804953692,260588725,260.59,100.61,64392.62,8661199575,245257859.7,0.25,0.06,198834.29
4176.25,4173.19,2810077044,261064700,261.06,100.8,64510.23,8688615860,246034202.4,0.25,0.06,199463.69
4176.26,4173.2,2816212204,261634675,261.63,101.02,64651.08,8716086414,246812081.9,0.25,0.06,200094.32
4176.27,4173.21,2821097673,262088550,262.09,101.19,64763.23,8744989372,247630522.5,0.25,0.06,200757.85
4176.28,4173.22,2825322508,262481050,262.48,101.34,64860.22,8772558084,248411181.5,0.25,0.06,201390.74
4176.29,4173.23,2831220055,263028950,263.03,101.56,64995.61,8801553876,249232250.9,0.25,0.06,202056.39
4176.3,4173.24,2835790949,263453600,263.45,101.72,65100.54,8829226196,250015843.7,0.25,0.06,202691.66
4176.31,4173.25,2839996678,263844325,263.84,101.87,65197.09,8858323661,250839792.2,0.25,0.06,203359.65
4176.32,4173.26,2844803841,264290925,264.29,102.04,65307.45,8886078868,251625732.1,0.25,0.06,203996.82
4176.33,4173.27,2849464345,264723900,264.72,102.21,65414.44,8915272140,252452393.5,0.25,0.06,204667.01
4176.34,4173.28,2854473061,265189225,265.19,102.39,65529.42,8943122045,253241015,0.25,0.06,205306.36
4176.35,4173.29,2859051222,265614550,265.61,102.55,65634.52,8972414362,254070481,0.25,0.06,205978.82
4176.36,4173.3,2864049712,266078925,266.08,102.73,65749.27,9000357257,254861735.7,0.25,0.06,206620.3
4176.37,4173.31,2869941877,266626325,266.63,102.94,65884.54,9029752300,255694110.6,0.26,0.06,207295.12
4176.38,4173.32,2875068997,267102650,267.1,103.13,66002.24,9057803364,256488428.3,0.26,0.06,207939.09
4176.39,4173.33,2879279300,267493800,267.49,103.28,66098.89,9087305433,257323833.9,0.26,0.06,208616.36
4176.4,4173.34,2883622538,267897300,267.9,103.44,66198.6,9115443062,258120602.8,0.26,0.06,209262.31
4176.41,4173.35,2887336356,268242325,268.24,103.57,66283.86,9145029985,258958411.2,0.26,0.06,209941.54
4176.42,4173.36,2891449516,268624450,268.62,103.72,66378.28,9173244572,259757359.3,0.26,0.06,210589.26
4176.43,4173.37,2895510201,269001700,269,103.86,66471.5,9202913411,260597487.3,0.26,0.06,211270.36
4176.44,4173.38,2899636008,269385000,269.39,104.01,66566.22,9231208785,261398723,0.26,0.06,211919.94
4176.45,4173.39,2904318309,269820000,269.82,104.18,66673.71,9260964785,262241319.1,0.26,0.06,212603.04
4176.46,4173.4,2908259245,270186125,270.19,104.32,66764.18,9289344340,263044938.6,0.26,0.06,213254.55
4176.47,4173.41,2912805652,270608500,270.61,104.48,66868.55,9319188507,263890031.3,0.26,0.06,213939.68
4176.48,4173.42,2916728290,270972925,270.97,104.62,66958.6,9347650864,264695995.5,0.26,0.06,214593.09
4176.49,4173.43,2921680496,271433000,271.43,104.8,67072.29,9377583302,265543587.8,0.27,0.06,215280.24
4176.5,4173.44,2926047684,271838725,271.84,104.96,67172.54,9406135298,266352090.3,0.27,0.06,215935.71
4176.51,4173.45,2929459574,272155700,272.16,105.08,67250.87,9434725796,267161683,0.27,0.06,216592.06
4176.52,4173.46,2933382750,272520175,272.52,105.22,67340.93,9464784217,268012842.7,0.27,0.06,217282.1
4176.53,4173.47,2937304581,272884525,272.88,105.36,67430.96,9493448299,268824519.1,0.27,0.06,217940.14
4176.54,4173.48,2941232332,273249425,273.25,105.5,67521.13,9523586749,269677945,0.27,0.06,218632.03
4176.55,4173.49,2945150665,273613450,273.61,105.64,67611.09,9552327711,270491798.4,0.27,0.06,219291.83
4176.56,4173.5,2949256289,273994875,273.99,105.79,67705.34,9582547440,271347525.8,0.27,0.07,219985.58
4176.57,4173.51,2952965802,274339500,274.34,105.92,67790.5,9611366325,272163585.8,0.27,0.07,220647.18
4176.58,4173.52,2956767615,274692700,274.69,106.06,67877.77,9641665313,273021557.6,0.27,0.07,221342.75
4176.59,4173.53,2959921441,274985700,274.99,106.17,67950.17,9670554360,273839604.3,0.27,0.07,222005.95
4176.6,4173.54,2964398420,275401625,275.4,106.33,68052.95,9700926373,274699643.9,0.27,0.07,222703.2
4176.61,4173.55,2967643201,275703075,275.7,106.45,68127.44,9729891463,275519843.9,0.28,0.07,223368.15
4176.62,4173.56,2970957678,276011000,276.01,106.57,68203.53,9760337549,276381981.1,0.28,0.07,224067.09
4176.63,4173.57,2974041538,276297500,276.3,106.68,68274.33,9789365482,277203960.6,0.28,0.07,224733.48
4176.64,4173.58,2977449931,276614150,276.61,106.8,68352.57,9819877744,278067971.6,0.28,0.07,225433.95
4176.65,4173.59,2980817420,276927000,276.93,106.92,68429.88,9848969629,278891762.1,0.28,0.07,226101.81
4176.66,4173.6,2984685162,277286325,277.29,107.06,68518.67,9879554229,279757821.5,0.28,0.07,226803.94
4176.67,4173.61,2988194735,277612375,277.61,107.19,68599.24,9908718323,280583656.7,0.28,0.07,227473.46
4176.68,4173.62,2991289628,277899900,277.9,107.3,68670.29,9939374044,281451730,0.28,0.07,228177.22
4176.69,4173.63,2995220339,278265075,278.27,107.44,68760.52,9968603021,282279402.5,0.28,0.07,228848.22
4176.7,4173.64,2999099115,278625425,278.63,107.58,68849.57,9999336137,283149667.4,0.28,0.07,229553.76
4176.71,4173.65,3002315640,278924250,278.92,107.69,68923.41,10028639747,283979453.2,0.28,0.07,230226.48
4176.72,4173.66,3005544275,279224200,279.22,107.81,68997.53,10059440730,284851640,0.28,0.07,230933.57
4176.73,4173.67,3010222001,279658775,279.66,107.98,69104.91,10088812473,285683355.1,0.29,0.07,231607.86
4176.74,4173.68,3013983181,280008200,280.01,108.11,69191.26,10119697839,286557931.3,0.29,0.07,232316.89
4176.75,4173.69,3017358474,280321775,280.32,108.23,69268.74,10149146915,287391836.2,0.29,0.07,232992.95
4176.76,4173.7,3020728654,280634875,280.63,108.35,69346.11,10178629178,288226681,0.29,0.07,233669.77
4176.77,4173.71,3024816518,281014650,281.01,108.5,69439.95,10209622593,289104316.7,0.29,0.07,234381.28
4176.78,4173.72,3029620183,281460925,281.46,108.67,69550.23,10239184824,289941425.9,0.29,0.07,235059.94
4176.79,4173.73,3033077820,281782150,281.78,108.8,69629.61,10270267861,290821599.5,0.29,0.07,235773.51
4176.8,4173.74,3036448538,282095300,282.1,108.92,69706.99,10299902373,291660755.4,0.29,0.07,236453.83
4176.81,4173.75,3040815457,282501000,282.5,109.07,69807.24,10331058566,292543000.5,0.29,0.07,237169.08
4176.82,4173.76,3044845734,282875425,282.88,109.22,69899.76,10360772937,293384417.8,0.29,0.07,237851.23
4176.83,4173.77,3048531297,283217825,283.22,109.35,69984.37,10392012259,294269016.9,0.29,0.07,238568.39
4176.84,4173.78,3052714960,283606500,283.61,109.5,70080.41,10421802421,295112580.4,0.3,0.07,239252.28
4176.85,4173.79,3056336746,283942975,283.94,109.63,70163.56,10453122723,295999472.6,0.3,0.07,239971.29
4176.86,4173.8,3060205027,284302350,284.3,109.77,70252.36,10482987002,296845134.8,0.3,0.07,240656.88
4176.87,4173.81,3064140581,284667975,284.67,109.91,70342.71,10514385418,297734238.9,0.3,0.07,241377.69
4176.88,4173.82,3068380755,285061900,285.06,110.06,70440.05,10544327688,298582109.6,0.3,0.07,242065.08
4176.89,4173.83,3072761128,285468850,285.47,110.22,70540.61,10575812990,299473674,0.3,0.07,242787.88
4176.9,4173.84,3076970355,285859900,285.86,110.37,70637.24,10605839579,300323932.3,0.3,0.07,243477.2
4176.91,4173.85,3081081900,286241875,286.24,110.52,70731.62,10637410800,301217929.8,0.3,0.07,244201.98
4176.92,4173.86,3085072082,286612575,286.61,110.66,70823.23,10667517236,302070449.1,0.3,0.07,244893.13
4176.93,4173.87,3089955130,287066225,287.07,110.84,70935.33,10699174929,302966895.1,0.3,0.07,245619.89
4176.94,4173.88,3094251275,287465350,287.47,110.99,71033.95,10729370856,303821948.5,0.3,0.07,246313.09
4176.95,4173.89,3097707836,287786475,287.79,111.11,71113.3,10761116243,304720877.8,0.3,0.07,247041.87
4176.96,4173.9,3101071020,288098925,288.1,111.24,71190.51,10791382261,305577916,0.31,0.07,247736.68
4176.97,4173.91,3105868495,288544625,288.54,111.41,71300.64,10823203182,306478984.1,0.31,0.07,248467.19
4176.98,4173.92,3110750197,288998150,289,111.58,71412.71,10853555513,307338466.4,0.31,0.07,249163.99
4176.99,4173.93,3116441346,289526875,289.53,111.79,71543.36,10885481294,308242503.9,0.31,0.07,249896.91
4177,4173.94,3120556927,289909225,289.91,111.93,71637.84,10915934951,309104855.4,0.31,0.07,250596.03
4177.01,4173.95,3124864375,290309400,290.31,112.09,71736.73,10946427115,309968297.3,0.31,0.07,251296.03
4177.02,4173.96,3130434160,290826850,290.83,112.29,71864.59,10978499082,310876474.3,0.31,0.07,252032.31
4177.03,4173.97,3135038692,291254625,291.25,112.45,71970.3,11009091027,311742741.7,0.31,0.07,252734.6
4177.04,4173.98,3139846393,291701275,291.7,112.63,72080.67,11041260277,312653673.5,0.31,0.08,253473.11
4177.05,4173.99,3145163226,292195225,292.2,112.82,72202.72,11071945545,313522583.5,0.31,0.08,254177.55
4177.06,4174,3150443193,292685750,292.69,113.01,72323.93,11104222103,314436553.8,0.31,0.08,254918.52
4177.07,4174.01,3156029125,293204700,293.2,113.21,72452.17,11135012995,315308454.8,0.32,0.08,255625.38
4177.08,4174.02,3162862055,293839500,293.84,113.45,72609.03,11167408022,316225779.8,0.32,0.08,256369.07
4177.09,4174.03,3172057394,294693775,294.69,113.78,72820.13,11198328966,317101363.4,0.32,0.08,257078.92
4177.1,4174.04,3183567782,295763125,295.76,114.19,73084.37,11230912453,318024025,0.32,0.08,257826.93
4177.11,4174.05,3188730423,296242750,296.24,114.38,73202.88,11262028255,318905126.4,0.32,0.08,258541.26
4177.12,4174.06,3193026030,296641825,296.64,114.53,73301.5,11294746529,319831604.8,0.32,0.08,259292.37
4177.13,4174.07,3201247236,297405600,297.41,114.83,73490.23,11325964048,320715586.4,0.32,0.08,260009.02
4177.14,4174.08,3213140280,298510500,298.51,115.26,73763.26,11358855302,321646963.1,0.32,0.08,260764.11
4177.15,4174.09,3220526476,299196700,299.2,115.52,73932.82,11390272076,322536587,0.32,0.08,261485.34
4177.16,4174.1,3225692076,299676600,299.68,115.71,74051.4,11423319978,323472399.4,0.32,0.08,262244.01
4177.17,4174.11,3231018328,300171425,300.17,115.9,74173.68,11454844160,324365064.8,0.32,0.08,262967.71
4177.18,4174.12,3247534203,301705800,301.71,116.49,74552.83,11488054173,325305467.7,0.33,0.08,263730.11
4177.19,4174.13,3266324493,303451475,303.45,117.16,74984.19,11519889518,326206944.3,0.33,0.08,264460.95
4177.2,4174.14,3270441958,303834000,303.83,117.31,75078.72,11553402510,327155926.5,0.33,0.08,265230.31
4177.21,4174.15,3273860576,304151600,304.15,117.43,75157.2,11585356688,328060768,0.33,0.08,265963.87
4177.22,4174.16,3278033744,304539300,304.54,117.58,75253,11618946045,329011912.7,0.33,0.08,266734.98
4177.23,4174.17,3282648232,304968000,304.97,117.75,75358.93,11650980348,329919023.2,0.33,0.08,267470.39
4177.24,4174.18,3286889482,305362025,305.36,117.9,75456.3,11684661094,330872755.7,0.33,0.08,268243.6
4177.25,4174.19,3291730281,305811750,305.81,118.07,75567.43,11716781168,331782294.9,0.33,0.08,268980.97
4177.26,4174.2,3296923061,306294175,306.29,118.26,75686.64,11748953116,332693303,0.33,0.08,269719.54
4177.27,4174.21,3301863158,306753125,306.75,118.44,75800.04,11782783514,333651273.2,0.33,0.08,270496.18
4177.28,4174.22,3307348177,307262700,307.26,118.63,75925.96,11815053437,334565055.6,0.33,0.08,271237
4177.29,4174.23,3313104986,307797525,307.8,118.84,76058.12,11848994223,335526151.7,0.34,0.08,272016.18
4177.3,4174.24,3318596194,308307675,308.31,119.04,76184.18,11881375203,336443078.9,0.34,0.08,272759.54
4177.31,4174.25,3325917806,308987875,308.99,119.3,76352.26,11915436264,337407580.8,0.34,0.08,273541.48
4177.32,4174.26,3333027369,309648375,309.65,119.56,76515.47,11947952103,338328326.8,0.34,0.08,274287.94
4177.33,4174.27,3337854983,310096875,310.1,119.73,76626.3,11982150995,339296731.6,0.34,0.08,275073.04
4177.34,4174.28,3343321435,310604725,310.6,119.93,76751.79,12014772288,340220463.7,0.34,0.08,275821.93
4177.35,4174.29,3349421612,311171450,311.17,120.14,76891.83,12049089166,341192209.5,0.34,0.08,276609.74
4177.36,4174.3,3353779381,311576300,311.58,120.3,76991.87,12081818307,342118995.6,0.34,0.08,277361.09
4177.37,4174.31,3357506654,311922575,311.92,120.43,77077.44,12116225794,343093307.1,0.34,0.08,278150.98
4177.38,4174.32,3362113070,312350525,312.35,120.6,77183.19,12149033617,344022321.2,0.34,0.08,278904.15
4177.39,4174.33,3367737751,312873075,312.87,120.8,77312.31,12183536017,344999320.3,0.34,0.08,279696.22
4177.4,4174.34,3372813204,313344600,313.34,120.98,77428.83,12216447245,345931262.5,0.35,0.08,280451.76
4177.41,4174.35,3378634596,313885425,313.89,121.19,77562.47,12251060081,346911388.9,0.35,0.08,281246.36
4177.42,4174.36,3383588416,314345650,314.35,121.37,77676.19,12284078401,347846363.6,0.35,0.08,282004.36
4177.43,4174.37,3387711263,314728675,314.73,121.52,77770.84,12318794408,348829411.4,0.35,0.08,282801.33
4177.44,4174.38,3391208996,315053625,315.05,121.64,77851.13,12351894209,349766693.4,0.35,0.08,283561.2
4177.45,4174.39,3394984168,315404350,315.4,121.78,77937.8,12386684521,350751845.4,0.35,0.08,284359.88
4177.46,4174.4,3399461417,315820300,315.82,121.94,78040.58,12419858892,351691238.9,0.35,0.08,285121.46
4177.47,4174.41,3403832103,316226350,316.23,122.1,78140.92,12454738671,352678924.3,0.35,0.08,285922.19
4177.48,4174.42,3407792953,316594325,316.59,122.24,78231.85,12487996808,353620689.9,0.35,0.08,286685.69
4177.49,4174.43,3413854111,317157425,317.16,122.46,78370.99,12522970471,354611033.7,0.35,0.09,287488.58
4177.5,4174.44,3419386222,317671375,317.67,122.65,78497.99,12556332768,355555748.8,0.36,0.09,288254.48
4177.51,4174.45,3425289689,318219825,318.22,122.87,78633.52,12589753383,356502115.2,0.36,0.09,289021.71
4177.52,4174.46,3429718769,318631300,318.63,123.02,78735.19,12624899296,357497336.6,0.36,0.09,289828.55
4177.53,4174.47,3434560645,319081125,319.08,123.2,78846.35,12658413426,358446351.1,0.36,0.09,290597.93
4177.54,4174.48,3439461184,319536400,319.54,123.37,78958.85,12693656775,359444331.6,0.36,0.09,291407.01
4177.55,4174.49,3444472054,320001925,320,123.55,79073.88,12727267002,360396067.2,0.36,0.09,292178.6
4177.56,4174.5,3450367179,320549600,320.55,123.76,79209.21,12762614914,361397008.6,0.36,0.09,292990.07
4177.57,4174.51,3455243230,321002600,321,123.94,79321.15,12796334134,362351830.6,0.36,0.09,293764.16
4177.58,4174.52,3460141616,321457675,321.46,124.12,79433.6,12831787340,363355753.6,0.36,0.09,294578.06
4177.59,4174.53,3465273580,321934450,321.93,124.3,79551.42,12865601475,364313263.3,0.36,0.09,295354.33
4177.6,4174.54,3471031465,322469375,322.47,124.51,79683.6,12901165971,365320337.7,0.37,0.09,296170.78
4177.61,4174.55,3475690085,322902175,322.9,124.67,79790.55,12935084066,366280791.2,0.37,0.09,296949.43
4177.62,4174.56,3480391492,323338950,323.34,124.84,79898.47,12970748111,367290684.5,0.37,0.09,297768.17
4177.63,4174.57,3484383557,323709825,323.71,124.99,79990.12,13004755004,368253652.4,0.37,0.09,298548.86
4177.64,4174.58,3489246154,324161575,324.16,125.16,80101.75,13040508255,369266071.7,0.37,0.09,299369.64
4177.65,4174.59,3492954590,324506100,324.51,125.29,80186.88,13074600306,370231451.1,0.37,0.09,300152.29
4177.66,4174.6,3498839489,325052825,325.05,125.5,80321.98,13110444644,371246449.8,0.37,0.09,300975.17
4177.67,4174.61,3503225782,325460325,325.46,125.66,80422.68,13144633525,372214571,0.37,0.09,301760.04
4177.68,4174.62,3507611538,325867775,325.87,125.82,80523.36,13180577842,373232400.8,0.37,0.09,302585.21
4177.69,4174.63,3512010210,326276425,326.28,125.98,80624.34,13214851808,374202931.4,0.37,0.09,303372.03
4177.7,4174.64,3516626044,326705250,326.71,126.14,80730.3,13250886122,375223309.5,0.38,0.09,304199.27
4177.71,4174.65,3521002650,327111850,327.11,126.3,80830.78,13285249473,376196371.3,0.38,0.09,304988.14
4177.72,4174.66,3525527259,327532200,327.53,126.46,80934.65,13321375851,377219356.4,0.38,0.09,305817.49
4177.73,4174.67,3529384776,327890575,327.89,126.6,81023.2,13355823629,378194808.8,0.38,0.09,306608.31
4177.74,4174.68,3534077841,328326575,328.33,126.77,81130.94,13392035670,379220219.6,0.38,0.09,307439.62
4177.75,4174.69,3538306174,328719400,328.72,126.92,81228.01,13426568641,380198084.5,0.38,0.09,308232.39
4177.76,4174.7,3542563031,329114875,329.11,127.07,81325.73,13461141547,381177080.1,0.38,0.09,309026.08
4177.77,4174.71,3546623447,329492100,329.49,127.22,81418.95,13497486558,382206256.2,0.38,0.09,309860.45
4177.78,4174.72,3550756251,329876050,329.88,127.37,81513.82,13532140564,383187548.4,0.38,0.09,310656
4177.79,4174.73,3555265253,330294950,330.29,127.53,81617.33,13568570205,384219121,0.38,0.09,311492.31
4177.8,4174.74,3560350124,330767350,330.77,127.71,81734.07,13603313900,385202952.9,0.39,0.09,312289.92
4177.81,4174.75,3565309596,331228100,331.23,127.89,81847.92,13639844400,386237381.4,0.39,0.09,313128.54
4177.82,4174.76,3569765048,331642025,331.64,128.05,81950.2,13674683132,387223904.4,0.39,0.09,313928.33
4177.83,4174.77,3573694951,332007125,332.01,128.19,82040.42,13711306089,388260951.1,0.39,0.09,314769.08
4177.84,4174.78,3577802998,332388775,332.39,128.34,82134.73,13746224569,389249732.3,0.39,0.09,315570.7
4177.85,4174.79,3582517321,332826750,332.83,128.51,82242.95,13782932430,390289183.2,0.39,0.09,316413.4
4177.86,4174.8,3586943979,333238000,333.24,128.66,82344.57,13817938836,391280454.3,0.39,0.09,317217.04
4177.87,4174.81,3591211870,333634500,333.63,128.82,82442.55,13854738624,392322508.2,0.39,0.09,318061.85
4177.88,4174.82,3595824744,334063050,334.06,128.98,82548.45,13889830697,393316205.1,0.39,0.09,318867.45
4177.89,4174.83,3600418781,334489850,334.49,129.15,82653.91,13926723509,394360893.1,0.39,0.09,319714.4
4177.9,4174.84,3605478895,334959950,334.96,129.33,82770.08,13961906596,395357167.2,0.4,0.09,320522.09
4177.91,4174.85,3610235198,335401825,335.4,129.5,82879.26,13998899210,396404681.4,0.4,0.1,321371.33
4177.92,4174.86,3614707064,335817275,335.82,129.66,82981.92,14034175968,397403607.9,0.4,0.1,322181.17
4177.93,4174.87,3619136683,336228800,336.23,129.82,83083.61,14071262017,398453767.9,0.4,0.1,323032.56
4177.94,4174.88,3623409417,336625750,336.63,129.97,83181.7,14106624350,399455117.6,0.4,0.1,323844.36
4177.95,4174.89,3628487561,337097525,337.1,130.15,83298.28,14143801541,400507858.5,0.4,0.1,324697.84
4177.96,4174.9,3633914455,337601700,337.6,130.35,83422.86,14179259862,401511926.3,0.4,0.1,325511.85
4177.97,4174.91,3638680177,338044450,338.04,130.52,83532.27,14216544837,402567719.2,0.4,0.1,326367.8
4177.98,4174.92,3643951802,338534200,338.53,130.71,83653.29,14252103059,403574615.9,0.4,0.1,327184.1
4177.99,4174.93,3649393497,339039750,339.04,130.9,83778.21,14289494893,404633434.8,0.4,0.1,328042.51
4178,4174.94,3654626641,339525925,339.53,131.09,83898.35,14325158873,405643326.2,0.41,0.1,328861.24
4178.01,4174.95,3659951547,340020625,340.02,131.28,84020.59,14360873137,406654641.5,0.41,0.1,329681.13
4178.02,4174.96,3664788041,340469950,340.47,131.46,84131.62,14398427190,407718053.9,0.41,0.1,330543.25
4178.03,4174.97,3670397653,340991100,340.99,131.66,84260.4,14434240561,408732175.6,0.41,0.1,331365.42
4178.04,4174.98,3675213965,341438550,341.44,131.83,84370.97,14471901197,409798606.1,0.41,0.1,332229.99
4178.05,4174.99,3681906695,342060325,342.06,132.07,84524.61,14507817304,410815637,0.41,0.1,333054.51
4178.06,4175,3687401672,342570825,342.57,132.27,84650.76,14545599437,411885507.9,0.41,0.1,333921.87
4178.07,4175.01,3693868091,343171575,343.17,132.5,84799.2,14581638282,412906014.3,0.41,0.1,334749.21
4178.08,4175.02,3701303531,343862350,343.86,132.77,84969.9,14619550120,413979558,0.41,0.1,335619.55
4178.09,4175.03,3709283625,344603725,344.6,133.05,85153.09,14655730158,415004062.6,0.42,0.1,336450.13
4178.1,4175.04,3718990520,345505525,345.51,133.4,85375.93,14693814265,416082484.4,0.42,0.1,337324.42
4178.11,4175.05,3726592800,346211800,346.21,133.67,85550.46,14730167380,417111890,0.42,0.1,338158.98
4178.12,4175.06,3738277025,347297300,347.3,134.09,85818.69,14768441032,418195679.1,0.42,0.1,339037.62
4178.13,4175.07,3744924009,347914825,347.91,134.33,85971.28,14804978106,419230293.8,0.42,0.1,339876.4
4178.14,4175.08,3752607826,348628675,348.63,134.61,86147.68,14843421761,420318896.9,0.42,0.1,340758.95
4178.15,4175.09,3759305131,349250875,349.25,134.85,86301.43,14880099713,421357500.8,0.42,0.1,341600.96
4178.16,4175.1,3767929446,350052100,350.05,135.16,86499.41,14918686591,422450159.6,0.42,0.1,342486.8
4178.17,4175.11,3776584437,350856175,350.86,135.47,86698.1,14955530723,423493469.2,0.42,0.1,343332.62
4178.18,4175.12,3783976821,351542950,351.54,135.73,86867.81,14994286698,424590916.2,0.42,0.1,344222.34
4178.19,4175.13,3793776555,352453375,352.45,136.08,87092.78,15031293525,425638832.8,0.43,0.1,345071.9
4178.2,4175.14,3797892136,352835725,352.84,136.23,87187.26,15070214184,426740943.1,0.43,0.1,345965.4
4178.21,4175.15,3801777369,353196675,353.2,136.37,87276.45,15107321802,427791713.9,0.43,0.1,346817.28
4178.22,4175.16,3805119832,353507200,353.51,136.49,87353.18,15146321301,428896056.7,0.43,0.1,347712.58
4178.23,4175.17,3808664119,353836475,353.84,136.62,87434.55,15183497360,429948765.5,0.43,0.1,348566.03
4178.24,4175.18,3812258189,354170375,354.17,136.75,87517.06,15222567966,431055121.8,0.43,0.1,349462.97
4178.25,4175.19,3816691574,354582250,354.58,136.9,87618.83,15259819806,432109976.5,0.43,0.1,350318.16
4178.26,4175.2,3821077330,354989700,354.99,137.06,87719.51,15297112319,433165982.8,0.43,0.1,351174.28
4178.27,4175.21,3825911671,355438825,355.44,137.24,87830.5,15336314550,434276066.4,0.43,0.1,352074.24
4178.28,4175.22,3830626802,355876875,355.88,137.4,87938.74,15373700678,435334723.7,0.44,0.1,352932.51
4178.29,4175.23,3835382567,356318700,356.32,137.58,88047.92,15413001562,436447600.7,0.44,0.1,353834.74
4178.3,4175.24,3839891569,356737600,356.74,137.74,88151.43,15450476034,437508759.6,0.44,0.1,354695.03
4178.31,4175.25,3844829243,357196325,357.2,137.91,88264.78,15489871626,438624318.6,0.44,0.11,355599.43
4178.32,4175.26,3849655243,357644675,357.64,138.09,88375.57,15527442805,439688215.9,0.44,0.11,356461.95
4178.33,4175.27,3855468831,358184775,358.18,138.3,88509.03,15566941243,440806687.1,0.44,0.11,357368.71
4178.34,4175.28,3859333613,358543825,358.54,138.43,88597.75,15604610327,441873356.8,0.44,0.11,358233.48
4178.35,4175.29,3863697571,358949250,358.95,138.59,88697.94,15644204800,442994547.4,0.44,0.11,359142.45
4178.36,4175.3,3868037580,359352450,359.35,138.75,88797.57,15681954402,444063497.1,0.44,0.11,360009.06
4178.37,4175.31,3873514527,359861275,359.86,138.94,88923.3,15721645303,445187418.2,0.45,0.11,360920.24
4178.38,4175.32,3880454020,360505975,360.51,139.19,89082.61,15759503232,446259435.4,0.45,0.11,361789.34
4178.39,4175.33,3884911893,360920125,360.92,139.35,89184.95,15799315469,447386792.4,0.45,0.11,362703.31
4178.4,4175.34,3891553764,361537175,361.54,139.59,89337.42,15837288572,448462070.9,0.45,0.11,363575.05
4178.41,4175.35,3896484711,361995275,362,139.77,89450.62,15877214764,449592654.8,0.45,0.11,364491.63
4178.42,4175.36,3900821222,362398150,362.4,139.92,89550.17,15915284855,450670679.7,0.45,0.11,365365.6
4178.43,4175.37,3905947265,362874375,362.87,140.11,89667.85,15955308506,451804023.3,0.45,0.11,366284.42
4178.44,4175.38,3909949018,363246150,363.25,140.25,89759.72,15993469603,452884625.2,0.45,0.11,367160.48
4178.45,4175.39,3914378905,363657700,363.66,140.41,89861.42,16033583334,454020519.6,0.45,0.11,368081.37
4178.46,4175.4,3918707881,364059875,364.06,140.56,89960.79,16071829788,455103538.6,0.46,0.11,368959.39
4178.47,4175.41,3923366770,364492700,364.49,140.73,90067.75,16112031947,456241936.9,0.46,0.11,369882.31
4178.48,4175.42,3927726961,364897775,364.9,140.89,90167.84,16150366375,457327447.1,0.46,0.11,370762.35
4178.49,4175.43,3932066701,365300950,365.3,141.04,90267.47,16190660317,458468444.4,0.46,0.11,371687.37
4178.5,4175.44,3936069261,365672800,365.67,141.19,90359.36,16229077390,459556294.8,0.46,0.11,372569.31
4178.51,4175.45,3940074243,366044875,366.04,141.33,90451.3,16267532001,460645208.1,0.46,0.11,373452.11
4178.52,4175.46,3943990961,366408750,366.41,141.47,90541.21,16307954876,461789856.5,0.46,0.11,374380.09
4178.53,4175.47,3948130492,366793325,366.79,141.62,90636.24,16346487500,462880978.9,0.46,0.11,375264.68
4178.54,4175.48,3951638719,367119250,367.12,141.75,90716.78,16386988488,464027839.1,0.46,0.11,376194.46
4178.55,4175.49,3954999481,367431475,367.43,141.87,90793.93,16425594370,465121036,0.47,0.11,377080.73
4178.56,4175.5,3958727292,367777800,367.78,142,90879.51,16466165822,466269891.6,0.47,0.11,378012.12
4178.57,4175.51,3962296336,368109375,368.11,142.13,90961.44,16504843469,467365120.5,0.47,0.11,378900.04
4178.58,4175.52,3966232967,368475100,368.48,142.27,91051.82,16545489692,468516093.4,0.47,0.11,379833.15
4178.59,4175.53,3969772141,368803900,368.8,142.4,91133.06,16584239150,469613355.9,0.47,0.11,380722.72
4178.6,4175.54,3974764981,369267750,369.27,142.58,91247.68,16624971997,470766781.6,0.47,0.11,381657.82
4178.61,4175.55,3978479337,369612825,369.61,142.71,91332.95,16663803547,471866368.7,0.47,0.11,382549.27
4178.62,4175.56,3983900581,370116475,370.12,142.9,91457.41,16704627597,473022377,0.47,0.11,383486.47
4178.63,4175.57,3987489268,370449875,370.45,143.03,91539.79,16743549354,474124518.5,0.47,0.11,384379.99
4178.64,4175.58,3991454155,370818225,370.82,143.17,91630.81,16784456326,475282874.9,0.48,0.11,385319.09
4178.65,4175.59,3994990638,371146775,371.15,143.3,91712,16823451763,476387102.7,0.48,0.11,386214.3
4178.66,4175.6,3999008805,371520075,371.52,143.44,91804.24,16864435232,477547625.3,0.48,0.11,387155.15
4178.67,4175.61,4002704325,371863400,371.86,143.58,91889.08,16903505019,478653958.5,0.48,0.11,388052.07
4178.68,4175.62,4006319115,372199225,372.2,143.71,91972.06,16944566201,479816681.7,0.48,0.12,388994.71
4178.69,4175.63,4010380877,372576575,372.58,143.85,92065.31,16983709405,480925093.8,0.48,0.12,389893.32
4178.7,4175.64,4014515564,372960700,372.96,144,92160.23,17024850968,482090093.1,0.48,0.12,390837.8
4178.71,4175.65,4017910501,373276100,373.28,144.12,92238.16,17064071373,483200691.3,0.48,0.12,391738.18
4178.72,4175.66,4022353036,373688825,373.69,144.28,92340.15,17105291737,484367922,0.48,0.12,392684.47
4178.73,4175.67,4026321959,374057550,374.06,144.42,92431.26,17144591099,485480756,0.49,0.12,393586.66
4178.74,4175.68,4030243790,374421900,374.42,144.57,92521.3,17185895718,486650372.6,0.49,0.12,394534.89
4178.75,4175.69,4033661062,374739375,374.74,144.69,92599.75,17225269528,487765314.7,0.49,0.12,395438.79
4178.76,4175.7,4037501356,375096150,375.1,144.83,92687.91,17264678836,488881262.1,0.49,0.12,396343.51
4178.77,4175.71,4041393586,375457750,375.46,144.97,92777.26,17306096937,490054092.1,0.49,0.12,397294.34
4178.78,4175.72,4045725522,375860200,375.86,145.12,92876.71,17345583276,491172220.7,0.49,0.12,398200.82
4178.79,4175.73,4049625018,376222475,376.22,145.26,92966.23,17387086705,492347466.9,0.49,0.12,399153.61
4178.8,4175.74,4054435678,376669400,376.67,145.43,93076.66,17426655612,493467933.6,0.49,0.12,400061.99
4178.81,4175.75,4058450886,377042425,377.04,145.58,93168.84,17468248808,494645721.7,0.49,0.12,401016.84
4178.82,4175.76,4062245703,377394975,377.39,145.71,93255.96,17507899555,495768505.8,0.5,0.12,401927.1
4178.83,4175.77,4066816866,377819650,377.82,145.88,93360.9,17549575111,496948626.2,0.5,0.12,402883.84
4178.84,4175.78,4070680841,378178625,378.18,146.02,93449.6,17589309449,498073777.3,0.5,0.12,403796.02
4178.85,4175.79,4074797768,378561100,378.56,146.16,93544.11,17631070440,499256316.9,0.5,0.12,404754.72
4178.86,4175.8,4078378652,378893775,378.89,146.29,93626.32,17670880247,500383605.1,0.5,0.12,405668.63
4178.87,4175.81,4083125805,379334800,379.33,146.46,93735.3,17712720499,501568389.1,0.5,0.12,406629.15
4178.88,4175.82,4087150431,379708700,379.71,146.61,93827.69,17752614585,502698063.8,0.5,0.12,407545
4178.89,4175.83,4091989616,380158275,380.16,146.78,93938.78,17794547597,503885474.5,0.5,0.12,408507.65
4178.9,4175.84,4095965536,380527650,380.53,146.92,94030.05,17834526944,505017563.5,0.51,0.12,409425.45
4178.91,4175.85,4100856657,380982050,380.98,147.1,94142.34,17876550308,506207532.7,0.51,0.12,410390.18
4178.92,4175.86,4105526579,381415900,381.42,147.27,94249.54,17916620535,507342195.1,0.51,0.12,411310.07
4178.93,4175.87,4110553594,381882925,381.88,147.45,94364.95,17958743203,508534976.3,0.51,0.12,412277.07
4178.94,4175.88,4114336840,382234400,382.23,147.58,94451.8,17998903647,509672193.4,0.51,0.12,413199.03
4178.95,4175.89,4118024017,382576950,382.58,147.71,94536.45,18041110378,510867354.9,0.51,0.12,414167.97
4178.96,4175.9,4122109729,382956525,382.96,147.86,94630.24,18081342141,512006591.6,0.51,0.12,415091.56
4178.97,4175.91,4126094528,383326725,383.33,148,94721.72,18123629548,513204037.6,0.51,0.12,416062.35
4178.98,4175.92,4129760178,383667275,383.67,148.13,94805.87,18163940505,514345516.8,0.51,0.12,416987.77
4178.99,4175.93,4133651332,384028775,384.03,148.27,94895.2,18206305653,515545164.2,0.52,0.12,417960.34
4179,4175.94,4137829074,384416900,384.42,148.42,94991.1,18246691817,516688773,0.52,0.12,418887.48
4179.01,4175.95,4141620393,384769125,384.77,148.56,95078.14,18287117968,517833514.1,0.52,0.12,419815.54
4179.02,4175.96,4145624029,385141075,385.14,148.7,95170.05,18329605580,519036629.3,0.52,0.12,420790.92
4179.03,4175.97,4150025930,385550025,385.55,148.86,95271.1,18370109958,520183585.6,0.52,0.12,421720.78
4179.04,4175.98,4155907062,386096400,386.1,149.07,95406.12,18412692869,521389399.3,0.52,0.13,422698.35
4179.05,4175.99,4160540656,386526875,386.53,149.24,95512.49,18453300322,522539274.3,0.52,0.13,423630.57
4179.06,4176,4165496091,386987250,386.99,149.42,95626.25,18495986040,523747999.3,0.52,0.13,424610.5
4179.07,4176.01,4171137188,387511325,387.51,149.62,95755.75,18536689528,524900593.7,0.52,0.13,425544.93
4179.08,4176.02,4178259398,388173000,388.17,149.87,95919.25,18579493543,526112668.4,0.53,0.13,426527.58
4179.09,4176.03,4184103394,388715925,388.72,150.08,96053.41,18620325515,527268901.1,0.53,0.13,427464.95
4179.1,4176.04,4189875003,389252125,389.25,150.29,96185.91,18663255887,528484553.9,0.53,0.13,428450.5
4179.11,4176.05,4195217132,389748425,389.75,150.48,96308.55,18704196112,529643851.9,0.53,0.13,429390.36
4179.12,4176.06,4203397704,390508425,390.51,150.78,96496.35,18747254342,530863125.2,0.53,0.13,430378.84
4179.13,4176.07,4210937285,391208875,391.21,151.05,96669.43,18788337666,532026475.4,0.53,0.13,431321.99
4179.14,4176.08,4218758880,391935525,391.94,151.33,96848.99,18831553087,533250199.9,0.53,0.13,432314.08
4179.15,4176.09,4226098522,392617400,392.62,151.59,97017.48,18872787540,534417829.5,0.53,0.13,433260.7
4179.16,4176.1,4231034582,393075975,393.08,151.77,97130.8,18916147090,535645635.3,0.54,0.13,434256.1
4179.17,4176.11,4242456436,394137100,394.14,152.18,97393.01,18957513003,536816987.5,0.54,0.13,435205.73
4179.18,4176.12,4255914823,395387425,395.39,152.66,97701.97,19001078099,538050613.6,0.54,0.13,436205.85
4179.19,4176.13,4266068150,396330700,396.33,153.02,97935.06,19042692970,539229015.5,0.54,0.13,437161.2
4179.2,4176.14,4273764346,397045700,397.05,153.3,98111.74,19086477584,540468857.7,0.54,0.13,438166.36
4179.21,4176.15,4277459866,397389025,397.39,153.43,98196.57,19128231518,541651197.5,0.54,0.13,439124.9
4179.22,4176.16,4280978857,397715950,397.72,153.56,98277.36,19172109006,542893669.6,0.54,0.13,440132.19
4179.23,4176.17,4284672493,398059100,398.06,153.69,98362.15,19213932286,544077973,0.54,0.13,441092.32
4179.24,4176.18,4290297713,398581700,398.58,153.89,98491.29,19257890846,545322740.8,0.55,0.13,442101.47
4179.25,4176.19,4295021724,399020575,399.02,154.06,98599.74,19299813509,546509858.4,0.55,0.13,443063.89
4179.26,4176.2,4298533450,399346825,399.35,154.19,98680.35,19341773573,547698035.1,0.55,0.13,444027.16
4179.27,4176.21,4302509907,399716250,399.72,154.33,98771.64,19385868330,548946659.6,0.55,0.13,445039.44
4179.28,4176.22,4312705214,400663425,400.66,154.7,99005.69,19427910843,550137170.9,0.55,0.13,446004.61
4179.29,4176.23,4318907917,401239675,401.24,154.92,99148.09,19472171007,551390479.2,0.55,0.13,447020.68
4179.3,4176.24,4323383282,401655450,401.66,155.08,99250.83,19514369332,552585402.7,0.55,0.13,447989.43
4179.31,4176.25,4329898408,402260725,402.26,155.31,99400.39,19558734233,553841676.8,0.55,0.13,449007.91
4179.32,4176.26,4334582862,402695925,402.7,155.48,99507.93,19601035578,555039517.5,0.56,0.13,449979.01
4179.33,4176.27,4340672813,403261700,403.26,155.7,99647.74,19645513884,556299002.9,0.56,0.13,451000.1
4179.34,4176.28,4345479976,403708300,403.71,155.87,99758.09,19687923185,557499900.5,0.56,0.13,451973.68
4179.35,4176.29,4350335845,404159425,404.16,156.05,99869.57,19732503982,558762288.1,0.56,0.13,452997.12
4179.36,4176.3,4354322528,404529800,404.53,156.19,99961.09,19775006192,559965816.7,0.56,0.13,453972.84
4179.37,4176.31,4358319975,404901175,404.9,156.33,100052.86,19819672594,561230628.3,0.56,0.13,454998.24
4179.38,4176.32,4362576564,405296625,405.3,156.49,100150.58,19862254002,562436399.5,0.56,0.13,455975.78
4179.39,4176.33,4366789289,405688000,405.69,156.64,100247.29,19907008017,563703692.1,0.56,0.14,457003.19
4179.4,4176.34,4370016309,405987800,405.99,156.75,100321.37,19949667401,564911671.4,0.56,0.14,457982.52
4179.41,4176.35,4373792558,406338625,406.34,156.89,100408.06,19994494754,566181040.6,0.57,0.14,459011.62
4179.42,4176.36,4376878571,406625325,406.63,157,100478.9,20037221214,567390919.3,0.57,0.14,459992.48
4179.43,4176.37,4381369813,407042575,407.04,157.16,100582.01,20082122434,568662380.2,0.57,0.14,461023.28
4179.44,4176.38,4385606757,407436200,407.44,157.31,100679.27,20124927367,569874480.9,0.57,0.14,462005.95
4179.45,4176.39,4389944344,407839175,407.84,157.47,100778.85,20169919053,571148503.6,0.57,0.14,463038.81
4179.46,4176.4,4393528995,408172200,408.17,157.6,100861.14,20212807971,572362982.5,0.57,0.14,464023.41
4179.47,4176.41,4397138135,408507500,408.51,157.73,100944,20257876293,573639175.3,0.57,0.14,465058.04
4179.48,4176.42,4400329634,408804000,408.8,157.84,101017.26,20300832098,574855548.2,0.57,0.14,466044.17
4179.49,4176.43,4404242046,409167475,409.17,157.98,101107.08,20345971424,576133751.6,0.58,0.14,467080.43
4179.5,4176.44,4408316725,409546025,409.55,158.13,101200.62,20388999909,577352182.6,0.58,0.14,468068.23
4179.51,4176.45,4411806653,409870250,409.87,158.25,101280.74,20432066517,578571693.1,0.58,0.14,469056.91
4179.52,4176.46,4415547920,410217825,410.22,158.39,101366.63,20477323476,579853227.5,0.58,0.14,470095.87
4179.53,4176.47,4418725426,410513025,410.51,158.5,101439.57,20520458569,581074677.3,0.58,0.14,471086.12
4179.54,4176.48,4422928195,410903475,410.9,158.65,101536.05,20565788021,582358264.4,0.58,0.14,472126.74
4179.55,4176.49,4426781675,411261475,411.26,158.79,101624.52,20608997873,583581831.2,0.58,0.14,473118.7
4179.56,4176.5,4430574877,411613875,411.61,158.93,101711.6,20654409601,584867748.1,0.58,0.14,474161.22
4179.57,4176.51,4433619180,411896700,411.9,159.03,101781.48,20697691085,586093343.3,0.59,0.14,475154.82
4179.58,4176.52,4437207329,412230050,412.23,159.16,101863.86,20743170230,587381169.2,0.59,0.14,476198.88
4179.59,4176.53,4441018830,412584150,412.58,159.3,101951.36,20786519631,588608687.6,0.59,0.14,477194.05
4179.6,4176.54,4445261694,412978325,412.98,159.45,102048.76,20832077385,589898739.5,0.59,0.14,478239.92
4179.61,4176.55,4449259680,413349750,413.35,159.6,102140.54,20875507611,591128546.6,0.59,0.14,479236.94
4179.62,4176.56,4453072795,413704000,413.7,159.73,102228.08,20921148893,592420963.7,0.59,0.14,480284.72
4179.63,4176.57,4456335874,414007150,414.01,159.85,102302.99,20964651394,593652817.4,0.59,0.14,481283.41
4179.64,4176.58,4460138495,414360425,414.36,159.99,102390.28,21010363593,594947242.7,0.59,0.14,482332.82
4179.65,4176.59,4463556036,414677925,414.68,160.11,102468.74,21053935212,596181053.6,0.6,0.14,483333.09
4179.66,4176.6,4467772529,415069650,415.07,160.26,102565.53,21099726103,597477707.2,0.6,0.14,484384.3
4179.67,4176.61,4471502493,415416175,415.42,160.39,102651.16,21143373918,598713675.7,0.6,0.14,485386.32
4179.68,4176.62,4475145808,415754650,415.75,160.52,102734.8,21189242380,600012525.9,0.6,0.14,486439.32
4179.69,4176.63,4478525676,416068650,416.07,160.65,102812.39,21232960116,601250474.3,0.6,0.14,487442.94
4179.7,4176.64,4482486795,416436650,416.44,160.79,102903.33,21278901952,602551402.2,0.6,0.14,488497.62
4179.71,4176.65,4486185813,416780300,416.78,160.92,102988.24,21322693876,603791451.4,0.6,0.14,489502.95
4179.72,4176.66,4490150430,417148625,417.15,161.06,103079.26,21368715100,605094627.4,0.61,0.15,490559.46
4179.73,4176.67,4492935323,417407350,417.41,161.16,103143.19,21412576746,606336650.9,0.61,0.15,491566.38
4179.74,4176.68,4496046362,417696375,417.7,161.27,103214.61,21458662025,607641640.6,0.61,0.15,492624.36
4179.75,4176.69,4498887765,417960350,417.96,161.38,103279.84,21502581777,608885309.5,0.61,0.15,493632.62
4179.76,4176.7,4502189326,418267075,418.27,161.49,103355.63,21546531856,610129837.2,0.61,0.15,494641.58
4179.77,4176.71,4505472049,418572050,418.57,161.61,103430.99,21592713355,611437551.6,0.61,0.15,495701.76
4179.78,4176.72,4508689113,418870925,418.87,161.73,103504.85,21636728180,612683912.6,0.61,0.15,496712.21
4179.79,4176.73,4511953269,419174175,419.17,161.84,103579.78,21682976058,613993506.7,0.61,0.15,497773.91
4179.8,4176.74,4514774490,419436275,419.44,161.95,103644.55,21727051957,615241597.2,0.62,0.15,498785.76
4179.81,4176.75,4517797803,419717150,419.72,162.05,103713.95,21773361189,616552928.6,0.62,0.15,499848.88
4179.82,4176.76,4520752227,419991625,419.99,162.16,103781.78,21817494233,617802637.2,0.62,0.15,500862.03
4179.83,4176.77,4524293285,420320600,420.32,162.29,103863.07,21863867579,619115784.2,0.62,0.15,501926.62
4179.84,4176.78,4527309601,420600825,420.6,162.39,103932.31,21908064724,620367307.9,0.62,0.15,502941.25
4179.85,4176.79,4530615198,420907925,420.91,162.51,104008.2,21954503292,621682301.7,0.62,0.15,504007.34
4179.86,4176.8,4534669156,421284550,421.28,162.66,104101.26,21998766427,622935694.1,0.62,0.15,505023.48
4179.87,4176.81,4539728463,421754575,421.75,162.84,104217.41,22045287033,624253011,0.62,0.15,506091.45
4179.88,4176.82,4543200093,422077100,422.08,162.96,104297.11,22089638643,625508908.7,0.63,0.15,507109.63
4179.89,4176.83,4546522374,422385750,422.39,163.08,104373.37,22136240941,626828538.9,0.63,0.15,508179.47
4179.9,4176.84,4549738093,422684500,422.68,163.2,104447.2,22180655525,628086219.8,0.63,0.15,509199.09
4179.91,4176.85,4553612831,423044475,423.04,163.34,104536.15,22227327407,629407820.3,0.63,0.15,510270.53
4179.92,4176.86,4557300009,423387025,423.39,163.47,104620.79,22271813856,630667536.3,0.63,0.15,511291.8
4179.93,4176.87,4561624141,423788750,423.79,163.63,104720.06,22318565730,631991401.9,0.63,0.15,512365.08
4179.94,4176.88,4564874034,424090675,424.09,163.74,104794.67,22363128464,633253278,0.63,0.15,513388.1
4179.95,4176.89,4568712176,424447250,424.45,163.88,104882.78,22409955013,634579258.2,0.63,0.15,514463.1
4179.96,4176.9,4572721463,424819725,424.82,164.02,104974.82,22454588906,635843149.3,0.64,0.15,515487.75
4179.97,4176.91,4577232618,425238825,425.24,164.19,105078.38,22501500297,637171532,0.64,0.15,516564.69
4179.98,4176.92,4580962582,425585350,425.59,164.32,105164.01,22546217967,638437795.4,0.64,0.15,517591.27
4179.99,4176.93,4585087313,425968550,425.97,164.47,105258.7,22593210001,639768461.6,0.64,0.15,518670.06
4180,4176.94,4589406870,426369850,426.37,164.62,105357.86,22638007074,641036973.5,0.64,0.15,519698.46
4180.01,4176.95,4593500385,426750150,426.75,164.77,105451.84,22682845073,642306644.2,0.64,0.15,520727.81
4180.02,4176.96,4597152849,427089475,427.09,164.9,105535.69,22729964143,643640907.7,0.64,0.15,521809.51
4180.03,4176.97,4601460297,427489650,427.49,165.05,105634.57,22774878940,644912753.1,0.64,0.15,522840.62
4180.04,4176.98,4606549474,427962450,427.96,165.24,105751.4,22822085640,646249498,0.65,0.16,523924.34
4180.05,4176.99,4610562798,428335300,428.34,165.38,105843.53,22867090645,647523897.8,0.65,0.16,524957.51
4180.06,4177,4614709325,428720525,428.72,165.53,105938.73,22914386524,648863168,0.65,0.16,526043.28
4180.07,4177.01,4619112841,429129625,429.13,165.69,106039.82,22959472376,650139857.1,0.65,0.16,527078.31
4180.08,4177.02,4624211436,429603300,429.6,165.87,106156.86,23006860558,651481741,0.65,0.16,528166.2
4180.09,4177.03,4629131081,430060350,430.06,166.05,106269.8,23052041017,652761109.1,0.65,0.16,529203.4
4180.1,4177.04,4635773490,430677450,430.68,166.29,106422.29,23099539587,654106118.8,0.65,0.16,530293.82
4180.11,4177.05,4641872053,431244025,431.24,166.5,106562.29,23144838181,655388832.2,0.66,0.16,531333.74
4180.12,4177.06,4647444529,431761725,431.76,166.7,106690.22,23192464874,656737469.9,0.66,0.16,532427.1
4180.13,4177.07,4653284758,432304300,432.3,166.91,106824.29,23237876371,658023380.3,0.66,0.16,533469.6
4180.14,4177.08,4659456515,432877675,432.88,167.14,106965.98,23285620223,659375335.7,0.66,0.16,534565.65
4180.15,4177.09,4665563689,433445050,433.45,167.35,107106.18,23331150693,660664615,0.66,0.16,535610.89
4180.16,4177.1,4672171653,434058950,434.06,167.59,107257.87,23379021777,662020173.1,0.66,0.16,536709.87
4180.17,4177.11,4681153329,434893375,434.89,167.91,107464.06,23424693841,663313462,0.66,0.16,537758.35
4180.18,4177.12,4690851074,435794325,435.79,168.26,107686.69,23472738935,664673947.5,0.66,0.16,538861.32
4180.19,4177.13,4695279885,436205775,436.21,168.42,107788.36,23518570287,665971746.9,0.67,0.16,539913.47
4180.2,4177.14,4698487800,436503800,436.5,168.54,107862.01,23566731361,667335516.6,0.67,0.16,541019.1
4180.21,4177.15,4701502771,436783900,436.78,168.64,107931.22,23612628997,668635192.9,0.67,0.16,542072.76
4180.22,4177.16,4704238957,437038100,437.04,168.74,107994.03,23660851083,670000690.3,0.67,0.16,543179.79
4180.23,4177.17,4707101888,437304075,437.3,168.84,108059.76,23706803671,671301922.8,0.67,0.16,544234.72
4180.24,4177.18,4710094255,437582075,437.58,168.95,108128.45,23755083891,672669066.3,0.67,0.16,545343.09
4180.25,4177.19,4713576918,437905625,437.91,169.08,108208.4,23801097362,673972022.7,0.67,0.16,546399.41
4180.26,4177.2,4716468105,438174225,438.17,169.18,108274.78,23847141835,675275857,0.68,0.16,547456.45
4180.27,4177.21,4720171159,438518250,438.52,169.31,108359.79,23895521081,676645804.7,0.68,0.16,548567.09
4180.28,4177.22,4724039439,438877625,438.88,169.45,108448.59,23941632976,677951548.2,0.68,0.16,549625.67
4180.29,4177.23,4727451868,439194650,439.19,169.57,108526.93,23990090012,679323698.6,0.68,0.16,550738.1
4180.3,4177.24,4730300537,439459300,439.46,169.68,108592.32,24036269175,680631346.9,0.68,0.16,551798.23
4180.31,4177.25,4734196265,439821225,439.82,169.82,108681.76,24084791947,682005358.8,0.68,0.16,552912.16
4180.32,4177.26,4739829558,440344575,440.34,170.02,108811.08,24131047057,683315157.6,0.68,0.16,553974.03
4180.33,4177.27,4743331596,440669925,440.67,170.14,108891.47,24179666531,684691907.8,0.68,0.16,555090.19
4180.34,4177.28,4747091699,441019250,441.02,170.28,108977.79,24226005757,686004088.6,0.69,0.16,556153.99
4180.35,4177.29,4750686576,441353225,441.35,170.41,109060.32,24274700046,687382957.3,0.69,0.16,557271.86
4180.36,4177.3,4753969031,441658175,441.66,170.53,109135.68,24321108397,688697095.4,0.69,0.17,558337.25
4180.37,4177.31,4757799906,442014075,442.01,170.66,109223.62,24369874874,690078008.3,0.69,0.17,559456.78
4180.38,4177.32,4762667077,442466250,442.47,170.84,109335.35,24416361352,691394358.7,0.69,0.17,560523.97
4180.39,4177.33,4766101572,442785325,442.79,170.96,109414.2,24465214505,692777726,0.69,0.17,561645.48
4180.4,4177.34,4769944557,443142350,443.14,171.1,109502.42,24511775750,694096193.6,0.69,0.17,562714.38
4180.41,4177.35,4773857777,443505900,443.51,171.24,109592.26,24560705570,695481731.8,0.7,0.17,563837.66
4180.42,4177.36,4777493019,443843625,443.84,171.37,109675.71,24607342756,696802349.9,0.7,0.17,564908.31
4180.43,4177.37,4780781931,444149175,444.15,171.49,109751.21,24656346922,698189993.3,0.7,0.17,566033.29
4180.44,4177.38,4784505437,444495100,444.5,171.62,109836.69,24703052129,699512537.5,0.7,0.17,567105.5
4180.45,4177.39,4788767676,444891075,444.89,171.77,109934.54,24752133647,700902371.3,0.7,0.17,568232.26
4180.46,4177.4,4791661823,445159950,445.16,171.88,110000.98,24798912543,702227002.1,0.7,0.17,569306.16
4180.47,4177.41,4794498652,445423500,445.42,171.98,110066.1,24848059679,703618694,0.7,0.17,570434.42
4180.48,4177.42,4797494786,445701850,445.7,172.09,110134.89,24894894748,704944915.5,0.7,0.17,571509.61
4180.49,4177.43,4801941626,446114975,446.11,172.25,110236.97,24944110422,706338548.2,0.71,0.17,572639.45
4180.5,4177.44,4805630688,446457700,446.46,172.38,110321.66,24991021886,707666932.9,0.71,0.17,573716.39
4180.51,4177.45,4808468324,446721325,446.72,172.48,110386.8,25037964811,708996208.5,0.71,0.17,574794.05
4180.52,4177.46,4811720908,447023500,447.02,172.6,110461.47,25087285195,710392806.3,0.71,0.17,575926.3
4180.53,4177.47,4815791281,447401650,447.4,172.74,110554.91,25134293773,711723941,0.71,0.17,577005.47
4180.54,4177.48,4818954256,447695500,447.7,172.86,110627.52,25183690705,713122706.3,0.71,0.17,578139.47
4180.55,4177.49,4821460633,447928350,447.93,172.95,110685.06,25230761697,714455608.4,0.71,0.17,579220.07
4180.56,4177.5,4824387878,448200300,448.2,173.05,110752.26,25280214650,715855960.1,0.72,0.17,580355.36
4180.57,4177.51,4826892909,448433025,448.43,173.14,110809.77,25327339224,717190379.4,0.72,0.17,581437.19
4180.58,4177.52,4829729199,448696525,448.7,173.24,110874.88,25376847518,718592298.2,0.72,0.17,582573.75
4180.59,4177.53,4832297738,448935150,448.94,173.33,110933.85,25424024247,719928194.4,0.72,0.17,583656.78
4180.6,4177.54,4835151788,449200300,449.2,173.44,110999.37,25473588386,721331694.5,0.72,0.17,584794.62
4180.61,4177.55,4837651976,449432575,449.43,173.53,111056.76,25520817865,722669084.4,0.72,0.17,585878.86
4180.62,4177.56,4840413726,449689150,449.69,173.63,111120.16,25570435899,724074110.6,0.72,0.17,587017.94
4180.63,4177.57,4843447803,449971025,449.97,173.73,111189.82,25617719535,725413034.1,0.73,0.17,588103.43
4180.64,4177.58,4846959260,450297250,450.3,173.86,111270.43,25667399273,726819807.6,0.73,0.17,589243.92
4180.65,4177.59,4850526151,450628625,450.63,173.99,111352.31,25714750007,728160631.1,0.73,0.17,590330.94
4180.66,4177.6,4853504256,450905300,450.91,174.1,111420.68,25764501066,729569424.2,0.73,0.18,591473.07
4180.67,4177.61,4856298836,451164925,451.16,174.2,111484.83,25811911411,730911935.7,0.73,0.18,592561.47
4180.68,4177.62,4859680587,451479100,451.48,174.32,111562.47,25861722656,732322433,0.73,0.18,593704.98
4180.69,4177.63,4863327938,451817950,451.82,174.45,111646.2,25909197347,733666766.6,0.73,0.18,594794.85
4180.7,4177.64,4866261104,452090450,452.09,174.55,111713.54,25959080014,735079286.4,0.74,0.18,595940
4180.71,4177.65,4868970111,452342125,452.34,174.65,111775.73,26006614632,736425316.9,0.74,0.18,597031.25
4180.72,4177.66,4871841384,452608875,452.61,174.75,111841.64,26056553980,737839441.8,0.74,0.18,598177.7
4180.73,4177.67,4875051721,452907125,452.91,174.87,111915.34,26104144222,739187047.3,0.74,0.18,599270.23
4180.74,4177.68,4878465495,453224275,453.22,174.99,111993.71,26154149311,740603033.8,0.74,0.18,600418.19
4180.75,4177.69,4881555544,453511350,453.51,175.1,112064.65,26201804688,741952483.8,0.74,0.18,601512.21
4180.76,4177.7,4884463684,453781525,453.78,175.21,112131.41,26249489982,743302780.9,0.74,0.18,602606.92
4180.77,4177.71,4887857545,454096825,454.1,175.33,112209.32,26299590982,744721483.3,0.74,0.18,603757.08
4180.78,4177.72,4890623601,454353800,454.35,175.43,112272.82,26347336928,746073497.9,0.75,0.18,604853.18
4180.79,4177.73,4893973599,454665025,454.67,175.55,112349.73,26397500849,747493982,0.75,0.18,606004.79
4180.8,4177.74,4897079525,454953575,454.95,175.66,112421.03,26445308037,748847730.8,0.75,0.18,607102.29
4180.81,4177.75,4900445131,455266250,455.27,175.78,112498.29,26495538309,750270093.7,0.75,0.18,608255.42
4180.82,4177.76,4903521725,455552075,455.55,175.89,112568.92,26543408770,751625634.2,0.75,0.18,609354.38
4180.83,4177.77,4906754397,455852400,455.85,176.01,112643.13,26593704726,753049857.1,0.75,0.18,610509.02
4180.84,4177.78,4910122424,456165300,456.17,176.13,112720.45,26641637360,754407158.1,0.75,0.18,611609.4
4180.85,4177.79,4913655678,456493550,456.49,176.25,112801.56,26692003397,755833365.4,0.76,0.18,612765.65
4180.86,4177.8,4916670918,456773675,456.77,176.36,112870.78,26740001961,757192533.4,0.76,0.18,613867.55
4180.87,4177.81,4919663286,457051675,457.05,176.47,112939.48,26790431466,758620538,0.76,0.18,615025.26
4180.88,4177.82,4922635201,457327775,457.33,176.58,113007.7,26838488630,759981365.3,0.76,0.18,616128.5
4180.89,4177.83,4926174106,457656550,457.66,176.7,113088.94,26888981801,761411172.7,0.76,0.18,617287.67
4180.9,4177.84,4929853480,457998375,458,176.83,113173.41,26937106294,762773906.6,0.76,0.18,618392.46
4180.91,4177.85,4933574025,458344025,458.34,176.97,113258.82,26987675269,764205860.5,0.76,0.18,619553.36
4180.92,4177.86,4936877200,458650900,458.65,177.09,113334.65,27035870065,765570585.1,0.77,0.18,620659.77
4180.93,4177.87,4940136781,458953725,458.95,177.2,113409.48,27086508490,767004505.6,0.77,0.18,621822.27
4180.94,4177.88,4943629132,459278175,459.28,177.33,113489.65,27134767478,768371048,0.77,0.18,622930.14
4180.95,4177.89,4947569800,459644275,459.64,177.47,113580.12,27185478578,769807026.4,0.77,0.18,624094.31
4180.96,4177.9,4950848218,459948850,459.95,177.59,113655.38,27233809696,771175611.3,0.77,0.19,625203.85
4180.97,4177.91,4954595942,460297025,460.3,177.72,113741.42,27284593206,772613640.1,0.77,0.19,626369.68
4180.98,4177.92,4957933024,460607050,460.61,177.84,113818.03,27332994109,773984201.1,0.77,0.19,627480.81
4180.99,4177.93,4961800766,460966375,460.97,177.98,113906.82,27383850160,775424284.1,0.78,0.19,628648.31
4181,4177.94,4965392683,461300075,461.3,178.11,113989.28,27432322095,776796856.4,0.78,0.19,629761.08
4181.01,4177.95,4968973566,461632750,461.63,178.24,114071.48,27480828491,778170404.6,0.78,0.19,630874.63
4181.02,4177.96,4973066005,462012950,462.01,178.38,114165.43,27531799400,779613740,0.78,0.19,632044.77
4181.03,4177.97,4976734077,462353725,462.35,178.52,114249.64,27580381259,780989425.1,0.78,0.19,633160.05
4181.04,4177.98,4980438746,462697900,462.7,178.65,114334.68,27631430158,782434968.9,0.78,0.19,634331.98
4181.05,4177.99,4984763954,463099725,463.1,178.8,114433.98,27680085462,783812733.7,0.78,0.19,635448.95
4181.06,4178,4989642158,463552925,463.55,178.98,114545.96,27731224318,785260824.8,0.79,0.19,636622.94
4181.07,4178.01,4993332027,463895725,463.9,179.11,114630.67,27779967866,786641088.4,0.79,0.19,637741.94
4181.08,4178.02,4998508929,464376675,464.38,179.3,114749.52,27831195450,788091692,0.79,0.19,638917.97
4181.09,4178.03,5002516602,464749000,464.75,179.44,114841.52,27880026578,789474435.6,0.79,0.19,640038.98
4181.1,4178.04,5007522090,465214025,465.21,179.62,114956.43,27931345473,790927624.9,0.79,0.19,641217.1
4181.11,4178.05,5011960588,465626375,465.63,179.78,115058.32,27980266911,792312925.7,0.79,0.19,642340.19
4181.12,4178.06,5018167597,466203025,466.2,180,115200.82,28031687141,793768984.5,0.79,0.19,643520.64
4181.13,4178.07,5022485540,466604175,466.6,180.16,115299.94,28080713483,795157255.9,0.8,0.19,644646.13
4181.14,4178.08,5027489951,467069100,467.07,180.34,115414.83,28132237509,796616253.8,0.8,0.19,645828.96
4181.15,4178.09,5032120854,467499325,467.5,180.5,115521.14,28181354372,798007088.5,0.8,0.19,646956.53
4181.16,4178.1,5039793370,468212125,468.21,180.78,115697.27,28232987959,799469188.9,0.8,0.19,648141.88
4181.17,4178.11,5047287742,468908375,468.91,181.05,115869.32,28282241790,800863902,0.8,0.19,649272.6
4181.18,4178.12,5066792486,470720425,470.72,181.75,116317.08,28334066517,802331414.9,0.8,0.19,650462.33
4181.19,4178.13,5075995091,471575375,471.58,182.08,116528.35,28383582184,803733542.4,0.8,0.19,651599.06
4181.2,4178.14,5081431673,472080450,472.08,182.27,116653.15,28435660516,805208236.6,0.81,0.19,652794.61
4181.21,4178.15,5087772424,472669525,472.67,182.5,116798.72,28485311424,806614193.7,0.81,0.19,653934.45
4181.22,4178.16,5092972469,473152625,473.15,182.69,116918.09,28537506783,808092201.7,0.81,0.19,655132.69
4181.23,4178.17,5100946912,473893475,473.89,182.97,117101.16,28587277447,809501549.9,0.81,0.19,656275.27
4181.24,4178.18,5105211573,474289675,474.29,183.12,117199.06,28639604109,810983276,0.81,0.19,657476.53
4181.25,4178.19,5109114836,474652300,474.65,183.26,117288.67,28689479837,812395599.3,0.81,0.19,658621.52
4181.26,4178.2,5119076028,475577725,475.58,183.62,117517.35,28739396021,813809068.3,0.81,0.2,659767.44
4181.27,4178.21,5127636835,476373050,476.37,183.93,117713.87,28791946928,815297144.3,0.82,0.2,660973.85
4181.28,4178.22,5132957974,476867400,476.87,184.12,117836.03,28842040372,816715632.6,0.82,0.2,662123.84
4181.29,4178.23,5139008368,477429500,477.43,184.34,117974.93,28894705788,818206951.1,0.82,0.2,663332.87
4181.3,4178.24,5144332467,477924125,477.92,184.53,118097.15,28944913867,819628685.6,0.82,0.2,664485.49
4181.31,4178.25,5148173300,478280950,478.28,184.67,118185.32,28997682130,821122916.4,0.82,0.2,665696.89
4181.32,4178.26,5154649945,478882650,478.88,184.9,118334.01,29047983679,822547297.7,0.82,0.2,666851.66
4181.33,4178.27,5158330933,479224625,479.22,185.03,118418.51,29100857054,824044504.9,0.82,0.2,668065.47
4181.34,4178.28,5161999812,479565475,479.57,185.16,118502.74,29151249812,825471468.9,0.83,0.2,669222.33
4181.35,4178.29,5165187006,479861575,479.86,185.28,118575.9,29204195755,826970731,0.83,0.2,670437.8
4181.36,4178.3,5169288863,480242650,480.24,185.42,118670.07,29254654928,828399575.7,0.83,0.2,671596.19
4181.37,4178.31,5174501287,480726900,480.73,185.61,118789.73,29307692897,829901443.7,0.83,0.2,672813.78
4181.38,4178.32,5177151361,480973100,480.97,185.7,118850.57,29358237673,831332712.4,0.83,0.2,673974.13
4181.39,4178.33,5179780715,481217375,481.22,185.8,118910.93,29411336546,832836305,0.83,0.2,675193.11
4181.4,4178.34,5182774428,481495500,481.5,185.91,118979.65,29461933698,834269056.8,0.83,0.2,676354.67
4181.41,4178.35,5187381382,481923500,481.92,186.07,119085.41,29515097038,835774475,0.84,0.2,677575.13
4181.42,4178.36,5192487781,482397900,482.4,186.25,119202.64,29565774851,837209510.8,0.84,0.2,678738.54
4181.43,4178.37,5199057803,483008275,483.01,186.49,119353.47,29619053311,838718188.8,0.84,0.2,679961.64
4181.44,4178.38,5202493374,483327450,483.33,186.61,119432.34,29669840354,840156317.7,0.84,0.2,681127.56
4181.45,4178.39,5205759951,483630925,483.63,186.73,119507.33,29723202824,841667374.6,0.84,0.2,682352.59
4181.46,4178.4,5208799680,483913325,483.91,186.84,119577.11,29774053802,843107313.9,0.84,0.2,683519.98
4181.47,4178.41,5212408012,484248550,484.25,186.97,119659.94,29827480809,844620198.3,0.84,0.2,684746.49
4181.48,4178.42,5217412961,484713525,484.71,187.15,119774.84,29878412504,846062423.3,0.85,0.2,685915.73
4181.49,4178.43,5221320260,485076525,485.08,187.29,119864.54,29931928489,847577827.2,0.85,0.2,687144.29
4181.5,4178.44,5225317169,485447850,485.45,187.43,119956.3,29982938502,849022269.9,0.85,0.2,688315.32
4181.51,4178.45,5229627039,485848250,485.85,187.59,120055.24,30033986802,850467796.8,0.85,0.2,689487.23
4181.52,4178.46,5233839226,486239575,486.24,187.74,120151.94,30087632275,851986867.4,0.85,0.2,690718.77
4181.53,4178.47,5238284183,486652525,486.65,187.9,120253.98,30138763644,853434746.6,0.85,0.2,691892.58
4181.54,4178.48,5241717332,486971475,486.97,188.02,120332.79,30192494387,854956231.8,0.85,0.21,693126.07
4181.55,4178.49,5245027773,487279025,487.28,188.14,120408.79,30243696900,856406125.5,0.86,0.21,694301.53
4181.56,4178.5,5249527357,487697050,487.7,188.3,120512.08,30297500703,857929679.5,0.86,0.21,695536.69
4181.57,4178.51,5254122470,488123950,488.12,188.47,120617.57,30348786926,859381943.6,0.86,0.21,696714.07
4181.58,4178.52,5257533822,488440875,488.44,188.59,120695.89,30402679512,860908011.7,0.86,0.21,697951.27
4181.59,4178.53,5260491207,488715625,488.72,188.69,120763.78,30454035802,862362259.9,0.86,0.21,699130.25
4181.6,4178.54,5264556198,489093275,489.09,188.84,120857.1,30507997599,863890287.9,0.86,0.21,700369.05
4181.61,4178.55,5267769763,489391825,489.39,188.96,120930.87,30559423615,865346510.5,0.87,0.21,701549.63
4181.62,4178.56,5271711507,489758025,489.76,189.1,121021.36,30613457693,866876585.1,0.87,0.21,702790.09
4181.63,4178.57,5276429060,490196300,490.2,189.27,121129.66,30664960641,868334986.2,0.87,0.21,703972.43
4181.64,4178.58,5280545448,490578725,490.58,189.41,121224.16,30719083291,869867569,0.87,0.21,705214.92
4181.65,4178.59,5283425063,490846250,490.85,189.52,121290.26,30770664487,871328185.8,0.87,0.21,706399.07
4181.66,4178.6,5286557361,491137250,491.14,189.63,121362.17,30824855173,872862695.2,0.87,0.21,707643.12
4181.67,4178.61,5290889297,491539700,491.54,189.78,121461.62,30876500110,874325116.9,0.87,0.21,708828.73
4181.68,4178.62,5294878133,491910275,491.91,189.93,121553.19,30930772729,875861946.3,0.88,0.21,710074.66
4181.69,4178.63,5298432645,492240500,492.24,190.06,121634.79,30982495011,877326558.3,0.88,0.21,711262.04
4181.7,4178.64,5302243070,492594500,492.59,190.19,121722.26,31036843882,878865546.9,0.88,0.21,712509.72
4181.71,4178.65,5305920829,492936175,492.94,190.32,121806.69,31088639012,880332221.7,0.88,0.21,713698.78
4181.72,4178.66,5310147278,493328825,493.33,190.48,121903.72,31143065185,881873399.2,0.88,0.21,714948.23
4181.73,4178.67,5314221687,493707350,493.71,190.62,121997.26,31194939517,883342316.8,0.88,0.21,716139.11
4181.74,4178.68,5318802808,494132950,494.13,190.79,122102.42,31249455045,884886024.6,0.88,0.21,717390.61
4181.75,4178.69,5321904159,494421075,494.42,190.9,122173.62,31301410463,886357238.2,0.89,0.21,718583.35
4181.76,4178.7,5324665641,494677625,494.68,191,122237.01,31353395009,887829276.6,0.89,0.21,719776.75
4181.77,4178.71,5327976619,494985225,494.99,191.11,122313.02,31408009248,889375779.6,0.89,0.21,721030.53
4181.78,4178.72,5331976220,495356800,495.36,191.26,122404.84,31460060537,890849708,0.89,0.21,722225.46
4181.79,4178.73,5335606079,495694025,495.69,191.39,122488.17,31514752213,892398403.8,0.89,0.21,723481.02
4181.8,4178.74,5340032737,496105275,496.11,191.55,122589.79,31566875594,893874373.6,0.89,0.21,724677.61
4181.81,4178.75,5343850696,496459975,496.46,191.68,122677.44,31621650985,895425439.9,0.9,0.21,725935.08
4181.82,4178.76,5347264471,496777125,496.78,191.81,122755.81,31673853473,896903649.8,0.9,0.22,727133.49
4181.83,4178.77,5351204600,497143175,497.14,191.95,122846.26,31728700244,898456737.4,0.9,0.22,728392.6
4181.84,4178.78,5357471618,497725400,497.73,192.17,122990.13,31780985984,899937304.7,0.9,0.22,729592.92
4181.85,4178.79,5361169828,498068975,498.07,192.31,123075.03,31835940896,901493454.5,0.9,0.22,730854.51
4181.86,4178.8,5363751014,498308775,498.31,192.4,123134.29,31888307919,902976323.4,0.9,0.22,732056.7
4181.87,4178.81,5368118740,498714550,498.71,192.55,123234.56,31943324572,904534221.6,0.9,0.22,733319.71
4181.88,4178.82,5371942081,499069750,499.07,192.69,123322.33,31995765164,906019173.8,0.91,0.22,734523.58
4181.89,4178.83,5376160457,499461650,499.46,192.84,123419.17,32050871213,907579603.3,0.91,0.22,735788.65
4181.9,4178.84,5380245630,499841175,499.84,192.99,123512.95,32103392155,909066830.7,0.91,0.22,736994.36
4181.91,4178.85,5383622000,500154850,500.15,193.11,123590.46,32158577577,910629507.9,0.91,0.22,738261.25
4181.92,4178.86,5387883701,500550775,500.55,193.26,123688.3,32211169999,912118759.4,0.91,0.22,739468.61
4181.93,4178.87,5392104769,500942925,500.94,193.42,123785.2,32266440039,913683832.6,0.91,0.22,740737.44
4181.94,4178.88,5395826660,501288700,501.29,193.55,123870.64,32319114152,915175397.4,0.92,0.22,741946.67
4181.95,4178.89,5400903996,501760400,501.76,193.73,123987.2,32374467242,916742822.4,0.92,0.22,743217.41
4181.96,4178.9,5404010192,502048975,502.05,193.84,124058.51,32427224973,918236755,0.92,0.22,744428.56
4181.97,4178.91,5407972656,502417100,502.42,193.98,124149.47,32482654510,919806344.7,0.92,0.22,745701.05
4181.98,4178.92,5412732996,502859350,502.86,194.16,124258.75,32535491419,921302519.3,0.92,0.22,746914.02
4181.99,4178.93,5416803099,503237475,503.24,194.3,124352.19,32591012085,922874689.5,0.92,0.22,748188.61
4182,4178.94,5421418933,503666300,503.67,194.47,124458.16,32643930797,924373180.6,0.92,0.22,749403.45
4182.01,4178.95,5425861199,504079000,504.08,194.63,124560.14,32696896491,925873002,0.93,0.22,750619.38
4182.02,4178.96,5430199593,504482050,504.48,194.78,124659.73,32752552718,927449010.8,0.93,0.22,751897.08
4182.03,4178.97,5435031243,504930925,504.93,194.95,124770.65,32805604067,928951257.7,0.93,0.22,753114.97
4182.04,4178.98,5441000101,505485450,505.49,195.17,124907.68,32861362721,930530167,0.93,0.22,754395.02
4182.05,4178.99,5445964685,505946675,505.95,195.35,125021.65,32914521659,932035460.5,0.93,0.22,755615.38
4182.06,4179,5450570294,506374550,506.37,195.51,125127.38,32970386717,933617382.8,0.93,0.22,756897.87
4182.07,4179.01,5455157334,506800700,506.8,195.68,125232.68,33023635612,935125223.5,0.94,0.22,758120.3
4182.08,4179.02,5461329898,507374150,507.37,195.9,125374.38,33079601274,936709994.6,0.94,0.22,759405.1
4182.09,4179.03,5465896756,507798425,507.8,196.06,125479.22,33132958285,938220896.9,0.94,0.23,760630.01
4182.1,4179.04,5470061044,508185300,508.19,196.21,125574.82,33189025500,939808543.6,0.94,0.23,761917.14
4182.11,4179.05,5475272392,508669450,508.67,196.4,125694.46,33242468269,941321874.3,0.94,0.23,763144.02
4182.12,4179.06,5481231023,509223025,509.22,196.61,125831.25,33298638630,942912441.8,0.94,0.23,764433.52
4182.13,4179.07,5488974042,509942375,509.94,196.89,126009,33352202429,944429199.7,0.94,0.23,765663.18
4182.14,4179.08,5495125886,510513900,510.51,197.11,126150.23,33408522233,946023998.9,0.95,0.23,766956.1
4182.15,4179.09,5501885353,511141875,511.14,197.35,126305.4,33462214840,947544404.3,0.95,0.23,768188.72
4182.16,4179.1,5512280330,512107600,512.11,197.73,126544.04,33518692889,949143684.5,0.95,0.23,769485.28
4182.17,4179.11,5518317538,512668475,512.67,197.94,126682.63,33572554409,950668872.9,0.95,0.23,770721.77
4182.18,4179.12,5527320473,513504875,513.5,198.27,126889.31,33629175510,952272203.9,0.95,0.23,772021.62
4182.19,4179.13,5538927736,514583225,514.58,198.68,127155.78,33683212551,953802362.5,0.95,0.23,773262.14
4182.2,4179.14,5544873989,515135650,515.14,198.89,127292.28,33740043312,955411630.5,0.96,0.23,774566.8
4182.21,4179.15,5549871134,515599900,515.6,199.07,127407,33794214333,956945583,0.96,0.23,775810.4
4182.22,4179.16,5556503049,516216025,516.22,199.31,127559.25,33851156308,958558000.1,0.96,0.23,777117.61
4182.23,4179.17,5560482197,516585700,516.59,199.45,127650.6,33905438764,960095108.1,0.96,0.23,778363.77
4182.24,4179.18,5565632190,517064150,517.06,199.64,127768.82,33962478636,961710297.4,0.96,0.23,779673.23
4182.25,4179.19,5569795940,517450975,517.45,199.79,127864.41,34016853033,963250008.9,0.96,0.23,780921.49
4182.26,4179.2,5574014855,517842925,517.84,199.94,127961.26,34071264775,964790777.8,0.96,0.23,782170.62
4182.27,4179.21,5577798369,518194425,518.19,200.08,128048.12,34128437199,966409720.6,0.97,0.23,783483.12
4182.28,4179.22,5582012978,518585975,518.59,200.23,128144.87,34182928085,967952730.6,0.97,0.23,784734.06
4182.29,4179.23,5586935584,519043300,519.04,200.4,128257.88,34240190595,969574224.4,0.97,0.23,786048.63
4182.3,4179.24,5591355514,519453925,519.45,200.56,128359.35,34294772100,971119800.5,0.97,0.23,787301.65
4182.31,4179.25,5595192579,519810400,519.81,200.7,128447.43,34352123292,972743805.4,0.97,0.23,788618.26
4182.32,4179.26,5600424647,520296475,520.3,200.89,128567.54,34406785640,974291670.7,0.97,0.23,789873.14
4182.33,4179.27,5605339987,520753125,520.75,201.06,128680.38,34464237013,975918512.4,0.98,0.23,791192.04
4182.34,4179.28,5610091984,521194600,521.19,201.23,128789.48,34518997135,977469146.4,0.98,0.23,792449.17
4182.35,4179.29,5617334750,521867475,521.87,201.49,128955.75,34576559465,979099130.1,0.98,0.23,793770.62
4182.36,4179.3,5621616096,522265225,522.27,201.65,129054.03,34631436790,980653082.9,0.98,0.24,795030.43
4182.37,4179.31,5627508260,522812625,522.81,201.86,129189.3,34689112121,982286266.3,0.98,0.24,796354.48
4182.38,4179.32,5633587179,523377375,523.38,202.08,129328.85,34744099658,983843340,0.98,0.24,797616.82
4182.39,4179.33,5638559836,523839350,523.84,202.26,129443,34801889130,985479755.6,0.99,0.24,798943.49
4182.4,4179.34,5645345136,524469725,524.47,202.5,129598.77,34856991875,987040091.6,0.99,0.24,800208.48
4182.41,4179.35,5649893965,524892325,524.89,202.66,129703.2,34914901440,988679907.9,0.99,0.24,801537.9
4182.42,4179.36,5654035379,525277075,525.28,202.81,129798.27,34970095818,990242838.6,0.99,0.24,802804.99
4182.43,4179.37,5658860571,525725350,525.73,202.98,129909.04,35028096601,991885237.9,0.99,0.24,804136.51
4182.44,4179.38,5662872012,526098025,526.1,203.13,130001.13,35083377755,993450625.8,0.99,0.24,805405.59
4182.45,4179.39,5667701509,526546700,526.55,203.3,130112,35141468238,995095565.1,1,0.24,806739.17
4182.46,4179.4,5672814636,527021725,527.02,203.48,130229.38,35196840449,996663531.5,1,0.24,808010.35
4182.47,4179.41,5677361580,527444150,527.44,203.65,130333.77,35255030673,998311295.2,1,0.24,809346.21
4182.48,4179.42,5682900420,527958725,527.96,203.85,130460.92,35310501026,999882040.6,1,0.24,810619.64
4182.49,4179.43,5686886027,528329000,528.33,203.99,130552.42,35368792472,1001532671,1,0.24,811957.83
4182.5,4179.44,5690660123,528679625,528.68,204.12,130639.06,35424345891,1003105768,1,0.24,813233.17
4182.51,4179.45,5694327118,529020300,529.02,204.26,130723.24,35479935762,1004679898,1,0.24,814509.34
4182.52,4179.46,5699042787,529458400,529.46,204.43,130831.5,35538347528,1006333935,1.01,0.24,815850.29
4182.53,4179.47,5703276233,529851700,529.85,204.58,130928.68,35594022129,1007910464,1.01,0.24,817128.41
4182.54,4179.48,5707911442,530282325,530.28,204.74,131035.09,35652525498,1009567095,1.01,0.24,818471.46
4182.55,4179.49,5712243916,530684825,530.68,204.9,131134.55,35708286743,1011146078,1.01,0.24,819751.57
4182.56,4179.5,5716978422,531124675,531.12,205.07,131243.24,35766884383,1012805378,1.01,0.24,821096.79
4182.57,4179.51,5721094272,531507050,531.51,205.22,131337.73,35822733326,1014386844,1.01,0.24,822378.91
4182.58,4179.52,5725823127,531946375,531.95,205.39,131446.29,35881419724,1016048658,1.02,0.24,823726.16
4182.59,4179.53,5729685487,532305200,532.31,205.52,131534.95,35937354031,1017632541,1.02,0.24,825010.24
4182.6,4179.54,5733635304,532672150,532.67,205.67,131625.63,35996124543,1019296737,1.02,0.24,826359.43
4182.61,4179.55,5737354504,533017675,533.02,205.8,131711.01,36052134251,1020882755,1.02,0.24,827645.24
4182.62,4179.56,5741436448,533396900,533.4,205.95,131804.72,36110984424,1022549206,1.02,0.25,828996.26
4182.63,4179.57,5744845379,533713600,533.71,206.07,131882.98,36167068582,1024137333,1.02,0.25,830283.78
4182.64,4179.58,5749080708,534107075,534.11,206.22,131980.2,36225995236,1025805950,1.03,0.25,831636.55
4182.65,4179.59,5753960258,534560400,534.56,206.39,132092.22,36282161578,1027396403,1.03,0.25,832925.96
4182.66,4179.6,5758996423,535028275,535.03,206.58,132207.84,36341187185,1029067823,1.03,0.25,834281
4182.67,4179.61,5763201344,535418925,535.42,206.73,132304.37,36397446805,1030660918,1.03,0.25,835572.55
4182.68,4179.62,5769152172,535971775,535.97,206.94,132440.98,36456572859,1032335181,1.03,0.25,836929.9
4182.69,4179.63,5773066199,536335400,536.34,207.08,132530.83,36512930422,1033931049,1.03,0.25,838223.69
4182.7,4179.64,5777301798,536728900,536.73,207.23,132628.07,36572147674,1035607895,1.04,0.25,839583.14
4182.71,4179.65,5781243273,537095075,537.1,207.37,132718.55,36628586093,1037206053,1.04,0.25,840878.79
4182.72,4179.66,5785219192,537464450,537.46,207.52,132809.83,36687886096,1038885242,1.04,0.25,842240.13
4182.73,4179.67,5789620017,537873300,537.87,207.67,132910.86,36744403747,1040485644,1.04,0.25,843537.6
4182.74,4179.68,5793367472,538221450,538.22,207.81,132996.88,36803788493,1042167233,1.04,0.25,844900.89
4182.75,4179.69,5797599842,538614650,538.61,207.96,133094.05,36860384053,1043769841,1.04,0.25,846200.15
4182.76,4179.7,5801868540,539011225,539.01,208.11,133192.04,36917021617,1045373638,1.05,0.25,847500.37
4182.77,4179.71,5805993539,539394450,539.39,208.26,133286.74,36976534093,1047058843,1.05,0.25,848866.6
4182.78,4179.72,5809662149,539735275,539.74,208.39,133370.96,37033250287,1048664867,1.05,0.25,850168.62
4182.79,4179.73,5814140474,540151325,540.15,208.55,133473.77,37092843922,1050352371,1.05,0.25,851536.71
4182.8,4179.74,5817762799,540487850,540.49,208.68,133556.92,37149639367,1051960639,1.05,0.25,852840.56
4182.81,4179.75,5822290907,540908525,540.91,208.85,133660.87,37209317597,1053650538,1.05,0.25,854210.58
4182.82,4179.76,5826055584,541258275,541.26,208.98,133747.3,37266192270,1055261050,1.06,0.25,855516.25
4182.83,4179.77,5830548979,541675725,541.68,209.14,133850.45,37325955240,1056953348,1.06,0.25,856888.22
4182.84,4179.78,5834254993,542020025,542.02,209.28,133935.53,37382911839,1058566180,1.06,0.25,858195.77
4182.85,4179.79,5838784447,542440825,542.44,209.44,134039.51,37442757009,1060260806,1.06,0.25,859569.63
4182.86,4179.8,5843265463,542857125,542.86,209.6,134142.38,37499796606,1061875988,1.06,0.25,860879.08
4182.87,4179.81,5847584213,543258350,543.26,209.75,134241.52,37559734715,1063573246,1.06,0.26,862255.07
4182.88,4179.82,5851636018,543634775,543.63,209.9,134334.54,37616858725,1065190818,1.07,0.26,863566.46
4182.89,4179.83,5856049759,544044825,544.04,210.06,134435.87,37676881790,1066890482,1.07,0.26,864944.41
4182.9,4179.84,5860415870,544450450,544.45,210.21,134536.1,37734090978,1068510466,1.07,0.26,866257.75
4182.91,4179.85,5864138030,544796250,544.8,210.35,134621.55,37794201642,1070212610,1.07,0.26,867637.71
4182.92,4179.86,5867430441,545102125,545.1,210.47,134697.13,37851483804,1071834660,1.07,0.26,868952.73
4182.93,4179.87,5871443227,545474925,545.47,210.61,134789.25,37911667451,1073538871,1.07,0.26,870334.36
4182.94,4179.88,5874803989,545787150,545.79,210.73,134866.4,37969021601,1075162960,1.08,0.26,871651.03
4182.95,4179.89,5878819735,546160225,546.16,210.87,134958.59,38029281303,1076869325,1.08,0.26,873034.41
4182.96,4179.9,5882361869,546489300,546.49,211,135039.91,38086707763,1078495461,1.08,0.26,874352.74
4182.97,4179.91,5886722867,546894450,546.89,211.16,135140.02,38147048802,1080204129,1.08,0.26,875737.98
4182.98,4179.92,5889926745,547192100,547.19,211.27,135213.57,38204550183,1081832387,1.08,0.26,877058.04
4182.99,4179.93,5893815208,547553350,547.55,211.41,135302.84,38264965200,1083543149,1.08,0.26,878444.98
4183,4179.94,5897251317,547872575,547.87,211.53,135381.72,38322537635,1085173419,1.09,0.26,879766.66
4183.01,4179.95,5900847270,548206650,548.21,211.66,135464.27,38380144572,1086804666,1.09,0.26,881089.14
4183.02,4179.96,5905184857,548609625,548.61,211.82,135563.85,38440672623,1088518630,1.09,0.26,882478.68
4183.03,4179.97,5910043686,549061025,549.06,211.99,135675.39,38498362968,1090152238,1.09,0.26,883803.07
4183.04,4179.98,5915086309,549529500,549.53,212.17,135791.15,38558989576,1091868993,1.09,0.26,885194.87
4183.05,4179.99,5919534495,549942750,549.94,212.33,135893.27,38616774421,1093505277,1.09,0.26,886521.43
4183.06,4180,5925648127,550510725,550.51,212.55,136033.62,38677501074,1095224864,1.1,0.26,887915.52
4183.07,4180.01,5931717089,551074550,551.07,212.77,136172.94,38735397357,1096864305,1.1,0.26,889244.64
4183.08,4180.02,5937051952,551570175,551.57,212.96,136295.41,38796249161,1098587436,1.1,0.26,890641.61
4183.09,4180.03,5942267605,552054725,552.05,213.15,136415.15,38854248985,1100229808,1.1,0.26,891973.11
4183.1,4180.04,5947874795,552575650,552.58,213.35,136543.87,38915211627,1101956078,1.1,0.26,893372.62
4183.11,4180.05,5953418478,553090675,553.09,213.55,136671.14,38973324019,1103601637,1.1,0.26,894706.7
4183.12,4180.06,5958349694,553548800,553.55,213.73,136784.34,39034394159,1105330951,1.11,0.27,896108.68
4183.13,4180.07,5962827212,553964775,553.96,213.89,136887.13,39092601633,1106979203,1.11,0.27,897444.95
4183.14,4180.08,5971783055,554796800,554.8,214.21,137092.73,39153787213,1108711786,1.11,0.27,898849.58
4183.15,4180.09,5978079942,555381800,555.38,214.43,137237.28,39212135615,1110364029,1.11,0.27,900189.08
4183.16,4180.1,5984797699,556005900,556.01,214.68,137391.5,39273465661,1112100702,1.11,0.27,901597.02
4183.17,4180.11,5992805510,556749850,556.75,214.96,137575.33,39331946586,1113756698,1.11,0.27,902939.56
4183.18,4180.12,6005446108,557924200,557.92,215.42,137865.52,39393459968,1115498563,1.12,0.27,904351.72
4183.19,4180.13,6012090939,558541525,558.54,215.65,138018.06,39452137345,1117160121,1.12,0.27,905698.77
4183.2,4180.14,6019141031,559196500,559.2,215.91,138179.91,39513815286,1118906646,1.12,0.27,907114.71
4183.21,4180.15,6037264496,560880225,560.88,216.56,138595.97,39572676769,1120573417,1.12,0.27,908465.98
4183.22,4180.16,6045207993,561618200,561.62,216.84,138778.32,39634631195,1122327771,1.12,0.27,909888.26
4183.23,4180.17,6048429901,561917525,561.92,216.96,138852.29,39693681644,1123999894,1.12,0.27,911243.88
4183.24,4180.18,6052565126,562301700,562.3,217.11,138947.22,39755721350,1125756663,1.13,0.27,912668.12
4183.25,4180.19,6055940150,562615250,562.62,217.23,139024.7,39814844103,1127430833,1.13,0.27,914025.39
4183.26,4180.2,6059685991,562963250,562.96,217.36,139110.69,39874000677,1129105960,1.13,0.27,915383.45
4183.27,4180.21,6065451680,563498900,563.5,217.57,139243.05,39936159858,1130866112,1.13,0.27,916810.43
4183.28,4180.22,6076628924,564537300,564.54,217.97,139499.65,39995442808,1132544818,1.13,0.27,918171.38
4183.29,4180.23,6081283777,564969750,564.97,218.14,139606.51,40057773985,1134309841,1.13,0.27,919602.31
4183.3,4180.24,6089255529,565710350,565.71,218.42,139789.51,40117195088,1135992459,1.14,0.27,920966.44
4183.31,4180.25,6099824075,566692200,566.69,218.8,140032.13,40179693411,1137762214,1.14,0.27,922401.2
4183.32,4180.26,6105887924,567255550,567.26,219.02,140171.34,40239292064,1139449860,1.14,0.27,923769.4
4183.33,4180.27,6110771510,567709250,567.71,219.19,140283.45,40301924348,1141223409,1.14,0.27,925207.25
4183.34,4180.28,6116212397,568214725,568.21,219.39,140408.35,40361623458,1142913900,1.14,0.27,926577.75
4183.35,4180.29,6124592640,568993275,568.99,219.69,140600.74,40424375650,1144690844,1.14,0.27,928018.35
4183.36,4180.3,6137296745,570173525,570.17,220.15,140892.38,40484261534,1146386623,1.15,0.28,929393.14
4183.37,4180.31,6141861719,570597625,570.6,220.31,140997.18,40547215221,1148169273,1.15,0.28,930838.37
4183.38,4180.32,6149415025,571299350,571.3,220.58,141170.58,40607224538,1149868548,1.15,0.28,932215.99
4183.39,4180.33,6154519002,571773525,571.77,220.76,141287.75,40670305632,1151654805,1.15,0.28,933664.14
4183.4,4180.34,6159243820,572212475,572.21,220.93,141396.22,40730428405,1153357293,1.15,0.28,935044.37
4183.41,4180.35,6167698603,572997950,573,221.24,141590.31,40793627040,1155146879,1.16,0.28,936495.22
4183.42,4180.36,6174436811,573623950,573.62,221.48,141745,40853888367,1156853290,1.16,0.28,937878.63
4183.43,4180.37,6178756637,574025275,574.03,221.63,141844.17,40917221944,1158646697,1.16,0.28,939332.57
4183.44,4180.38,6183023720,574421700,574.42,221.79,141942.13,40977580918,1160355873,1.16,0.28,940718.23
4183.45,4180.39,6187879589,574872825,574.87,221.96,142053.6,41041002930,1162151784,1.16,0.28,942174.2
4183.46,4180.4,6193785209,575421475,575.42,222.17,142189.17,41101458428,1163863693,1.16,0.28,943562.07
4183.47,4180.41,6198496034,575859125,575.86,222.34,142297.32,41164992064,1165662765,1.17,0.28,945020.61
4183.48,4180.42,6205105344,576473150,576.47,222.58,142449.05,41225553762,1167377682,1.17,0.28,946410.92
4183.49,4180.43,6211623161,577078675,577.08,222.81,142598.68,41289216969,1169180423,1.17,0.28,947872.43
4183.5,4180.44,6216141582,577498450,577.5,222.97,142702.4,41349897523,1170898705,1.17,0.28,949265.46
4183.51,4180.45,6220753110,577926875,577.93,223.14,142808.27,41410622506,1172618245,1.17,0.28,950659.52
4183.52,4180.46,6226291142,578441375,578.44,223.34,142935.4,41474438993,1174425326,1.17,0.28,952124.55
4183.53,4180.47,6230277018,578811675,578.81,223.48,143026.91,41535260865,1176147610,1.18,0.28,953520.83
4183.54,4180.48,6234608954,579214125,579.21,223.64,143126.35,41599166549,1177957218,1.18,0.28,954987.91
4183.55,4180.49,6238594830,579584425,579.58,223.78,143217.86,41660068373,1179681765,1.18,0.28,956386.02
4183.56,4180.5,6244729182,580154325,580.15,224,143358.68,41724068148,1181494037,1.18,0.28,957855.26
4183.57,4180.51,6248897237,580541550,580.54,224.15,143454.37,41785071107,1183221448,1.18,0.28,959255.7
4183.58,4180.52,6253069598,580929175,580.93,224.3,143550.15,41849166796,1185036436,1.19,0.28,960727.14
4183.59,4180.53,6258863811,581467475,581.47,224.51,143683.17,41910261172,1186766436,1.19,0.28,962129.67
4183.6,4180.54,6263021102,581853700,581.85,224.65,143778.61,41974459908,1188584342,1.19,0.29,963603.48
4183.61,4180.55,6267231675,582244875,582.24,224.81,143875.27,42035641281,1190316806,1.19,0.29,965008.01
4183.62,4180.56,6272575688,582741350,582.74,225,143997.95,42099930585,1192137276,1.19,0.29,966483.9
4183.63,4180.57,6277693658,583216825,583.22,225.18,144115.44,42161214286,1193872637,1.19,0.29,967890.78
4183.64,4180.58,6281801973,583598500,583.6,225.33,144209.75,42225605437,1195695991,1.2,0.29,969369
4183.65,4180.59,6285574724,583949000,583.95,225.46,144296.36,42286968951,1197433613,1.2,0.29,970777.72
4183.66,4180.6,6290194863,584378225,584.38,225.63,144402.43,42351442593,1199259303,1.2,0.29,972257.83
4183.67,4180.61,6294344889,584763775,584.76,225.78,144497.7,42412891279,1200999336,1.2,0.29,973668.5
4183.68,4180.62,6298211555,585123000,585.12,225.92,144586.46,42477451782,1202827486,1.2,0.29,975150.61
4183.69,4180.63,6302101632,585484400,585.48,226.06,144675.77,42538976078,1204569660,1.2,0.29,976563.02
4183.7,4180.64,6306294175,585873900,585.87,226.21,144772.01,42603617519,1206400102,1.21,0.29,978046.99
4183.71,4180.65,6310280051,586244200,586.24,226.35,144863.52,42665221216,1208144524,1.21,0.29,979461.22
4183.72,4180.66,6314383523,586625425,586.63,226.5,144957.72,42729947254,1209977361,1.21,0.29,980947.13
4183.73,4180.67,6318185605,586978650,586.98,226.63,145045,42791628415,1211723977,1.21,0.29,982363.13
4183.74,4180.68,6321622253,587297925,587.3,226.76,145123.9,42856431306,1213558991,1.21,0.29,983850.81
4183.75,4180.69,6325722226,587678825,587.68,226.9,145218.02,42918186651,1215307707,1.22,0.29,985268.52
4183.76,4180.7,6328822232,587966825,587.97,227.02,145289.19,42979975923,1217057385,1.22,0.29,986687.01
4183.77,4180.71,6332282560,588288300,588.29,227.14,145368.62,43044888391,1218895501,1.22,0.29,988177.2
4183.78,4180.72,6335499086,588587125,588.59,227.25,145442.46,43106741959,1220646999,1.22,0.29,989597.16
4183.79,4180.73,6339410422,588950500,588.95,227.4,145532.26,43171724529,1222487101,1.22,0.29,991088.96
4183.8,4180.74,6342652243,589251675,589.25,227.51,145606.68,43233647865,1224240574,1.22,0.29,992510.53
4183.81,4180.75,6346233934,589584425,589.58,227.64,145688.9,43298702498,1226082716,1.23,0.29,994003.98
4183.82,4180.76,6349928915,589927700,589.93,227.77,145773.73,43360694446,1227838133,1.23,0.29,995427.13
4183.83,4180.77,6354078403,590313200,590.31,227.92,145868.98,43425826375,1229682464,1.23,0.3,996922.35
4183.84,4180.78,6357673280,590647175,590.65,228.05,145951.51,43487894701,1231440043,1.23,0.3,998347.25
4183.85,4180.79,6361698175,591021100,591.02,228.19,146043.91,43553105169,1233286598,1.23,0.3,999844.28
4183.86,4180.8,6365636421,591386975,591.39,228.34,146134.32,43615249525,1235046330,1.24,0.3,1001270.92
4183.87,4180.81,6369931221,591785975,591.79,228.49,146232.91,43680542483,1236895221,1.24,0.3,1002769.85
4183.88,4180.82,6374455831,592206325,592.21,228.65,146336.78,43742770504,1238657322,1.24,0.3,1004198.41
4183.89,4180.83,6379013808,592629775,592.63,228.82,146441.42,43808155567,1240508821,1.24,0.3,1005699.45
4183.9,4180.84,6383567750,593052850,593.05,228.98,146545.96,43870471916,1242273423,1.24,0.3,1007130.04
4183.91,4180.85,6387680909,593434975,593.43,229.13,146640.39,43935948575,1244127516,1.24,0.3,1008633.18
4183.92,4180.86,6391426481,593782950,593.78,229.26,146726.38,43998345645,1245894404,1.25,0.3,1010065.62
4183.93,4180.87,6395594267,594170150,594.17,229.41,146822.05,44063902939,1247750780,1.25,0.3,1011570.61
4183.94,4180.88,6399594943,594541825,594.54,229.55,146913.9,44126378298,1249519885,1.25,0.3,1013004.85
4183.95,4180.89,6404443816,594992300,594.99,229.73,147025.21,44192022938,1251378734,1.25,0.3,1014511.85
4183.96,4180.9,6408506654,595369750,595.37,229.87,147118.48,44254585207,1253150300,1.25,0.3,1015948.09
4183.97,4180.91,6413061672,595792925,595.79,230.04,147223.05,44320319584,1255011691,1.26,0.3,1017457.14
4183.98,4180.92,6417566099,596211400,596.21,230.2,147326.46,44382967252,1256785675,1.26,0.3,1018895.34
4183.99,4180.93,6422400171,596660500,596.66,230.37,147437.43,44448797566,1258649782,1.26,0.3,1020406.6
4184,4180.94,6426170769,597010800,597.01,230.51,147523.99,44511533379,1260426262,1.26,0.3,1021846.82
4184.01,4180.95,6430642636,597426250,597.43,230.67,147626.65,44574309236,1262203877,1.26,0.3,1023287.96
4184.02,4180.96,6435174780,597847300,597.85,230.83,147730.69,44640270878,1264071702,1.26,0.3,1024802.23
4184.03,4180.97,6439729260,598270425,598.27,230.99,147835.25,44703136054,1265851846,1.27,0.3,1026245.42
4184.04,4180.98,6444356665,598700325,598.7,231.16,147941.48,44769192016,1267722342,1.27,0.3,1027761.86
4184.05,4180.99,6448599529,599094500,599.09,231.31,148038.88,44832144791,1269504966,1.27,0.3,1029207.06
4184.06,4181,6453342915,599535175,599.54,231.48,148147.78,44898291348,1271378028,1.27,0.31,1030725.58
4184.07,4181.01,6458466537,600011175,600.01,231.67,148265.4,44961335579,1273163242,1.27,0.31,1032172.88
4184.08,4181.02,6464095793,600534150,600.53,231.87,148394.63,45027589673,1275039349,1.28,0.31,1033693.87
4184.09,4181.03,6469494970,601035750,601.04,232.06,148518.57,45090740287,1276827575,1.28,0.31,1035143.62
4184.1,4181.04,6475338966,601578675,601.58,232.27,148652.73,45157107156,1278706876,1.28,0.31,1036667.19
4184.11,4181.05,6480946425,602099625,602.1,232.47,148781.46,45220368546,1280498239,1.28,0.31,1038119.48
4184.12,4181.06,6486939233,602656375,602.66,232.69,148919.04,45286853545,1282380884,1.28,0.31,1039645.77
4184.13,4181.07,6492884678,603208725,603.21,232.9,149055.53,45350228344,1284175459,1.28,0.31,1041100.66
4184.14,4181.08,6499882835,603858875,603.86,233.15,149216.18,45416840602,1286061708,1.29,0.31,1042629.87
4184.15,4181.09,6505957448,604423225,604.42,233.37,149355.63,45480343296,1287859904,1.29,0.31,1044087.69
4184.16,4181.1,6514794349,605244200,605.24,233.69,149558.5,45547095980,1289750130,1.29,0.31,1045620.13
4184.17,4181.11,6521591220,605875650,605.88,233.93,149714.53,45610750769,1291552632,1.29,0.31,1047081.44
4184.18,4181.12,6529762105,606634750,606.63,234.22,149902.11,45677660219,1293447297,1.29,0.31,1048617.48
4184.19,4181.13,6540239157,607608100,607.61,234.6,150142.63,45741475678,1295254350,1.3,0.31,1050082.48
4184.2,4181.14,6550502545,608561600,608.56,234.97,150378.24,45808587550,1297154746,1.3,0.31,1051623.16
4184.21,4181.15,6558040512,609261900,609.26,235.24,150551.29,45872591809,1298967145,1.3,0.31,1053092.5
4184.22,4181.16,6564963052,609905025,609.91,235.49,150710.21,45939878230,1300872484,1.3,0.31,1054637.19
4184.23,4181.17,6569140525,610293125,610.29,235.64,150806.11,46004010090,1302688496,1.3,0.31,1056109.46
4184.24,4181.18,6572360011,610592225,610.59,235.75,150880.02,46071385633,1304596359,1.3,0.31,1057656.19
4184.25,4181.19,6575336770,610868775,610.87,235.86,150948.36,46135582643,1306414216,1.31,0.31,1059129.96
4184.26,4181.2,6578467454,611159625,611.16,235.97,151020.23,46199809194,1308232910,1.31,0.31,1060604.4
4184.27,4181.21,6582208182,611507150,611.51,236.1,151106.1,46267281666,1310143517,1.31,0.31,1062153.36
4184.28,4181.22,6586095299,611868275,611.87,236.24,151195.34,46331578687,1311964206,1.31,0.31,1063629.42
4184.29,4181.23,6590751497,612300850,612.3,236.41,151302.23,46399133272,1313877139,1.31,0.32,1065180.26
4184.3,4181.24,6594920091,612688125,612.69,236.56,151397.93,46463516090,1315700257,1.32,0.32,1066658.29
4184.31,4181.25,6598487520,613019550,613.02,236.69,151479.82,46531156795,1317615629,1.32,0.32,1068211.11
4184.32,4181.26,6602108768,613355975,613.36,236.82,151562.96,46595611381,1319440779,1.32,0.32,1069690.79
4184.33,4181.27,6606010686,613718475,613.72,236.96,151652.53,46663327442,1321358285,1.32,0.32,1071245.34
4184.34,4181.28,6610052803,614094000,614.09,237.1,151745.33,46727858513,1323185601,1.32,0.32,1072726.78
4184.35,4181.29,6613964139,614457375,614.46,237.24,151835.12,46795655777,1325105406,1.33,0.32,1074283.19
4184.36,4181.3,6617926873,614825525,614.83,237.39,151926.09,46860263392,1326934890,1.33,0.32,1075766.38
4184.37,4181.31,6621827445,615187900,615.19,237.53,152015.63,46928141744,1328856991,1.33,0.32,1077324.66
4184.38,4181.32,6625948408,615570750,615.57,237.67,152110.24,46992826419,1330688657,1.33,0.32,1078809.62
4184.39,4181.33,6630210109,615966675,615.97,237.83,152208.07,47060788667,1332613133,1.33,0.32,1080369.82
4184.4,4181.34,6634543391,616369250,616.37,237.98,152307.55,47125556627,1334447158,1.33,0.32,1081856.69
4184.41,4181.35,6637904691,616681525,616.68,238.1,152384.71,47193602850,1336374012,1.34,0.32,1083418.82
4184.42,4181.36,6641583526,617023300,617.02,238.23,152469.17,47258442561,1338210068,1.34,0.32,1084907.34
4184.43,4181.37,6645601694,617396600,617.4,238.38,152561.41,47326562566,1340139012,1.34,0.32,1086471.16
4184.44,4181.38,6649912102,617797050,617.8,238.53,152660.37,47391481038,1341977298,1.34,0.32,1087961.49
4184.45,4181.39,6653439435,618124750,618.12,238.66,152741.34,47459685440,1343908632,1.34,0.32,1089527.25
4184.46,4181.4,6656852133,618441800,618.44,238.78,152819.69,47524676910,1345748985,1.35,0.32,1091019.26
4184.47,4181.41,6660409067,618772250,618.77,238.91,152901.34,47592953673,1347682368,1.35,0.32,1092586.68
4184.48,4181.42,6663624516,619070975,619.07,239.02,152975.16,47658012050,1349524616,1.35,0.32,1094080.22
4184.49,4181.43,6667011381,619385625,619.39,239.15,153052.91,47726357678,1351459949,1.35,0.32,1095649.22
4184.5,4181.44,6670097663,619672350,619.67,239.26,153123.76,47791480000,1353304008,1.35,0.32,1097144.23
4184.51,4181.45,6673483451,619986900,619.99,239.38,153201.49,47856633603,1355148952,1.36,0.33,1098639.95
4184.52,4181.46,6676534212,620270325,620.27,239.49,153271.52,47925078159,1357087086,1.36,0.33,1100211.23
4184.53,4181.47,6679563177,620551725,620.55,239.6,153341.06,47990293030,1358933766,1.36,0.33,1101708.36
4184.54,4181.48,6682556082,620829775,620.83,239.7,153409.76,48058799666,1360873658,1.36,0.33,1103281.06
4184.55,4181.49,6685419013,621095750,621.1,239.81,153475.49,48124072342,1362721974,1.36,0.33,1104779.52
4184.56,4181.5,6688153316,621349775,621.35,239.9,153538.26,48192637313,1364663518,1.36,0.33,1106353.56
4184.57,4181.51,6691018669,621615975,621.62,240.01,153604.04,48257964580,1366513380,1.37,0.33,1107853.27
4184.58,4181.52,6693849577,621878975,621.88,240.11,153669.03,48326587611,1368456568,1.37,0.33,1109428.64
4184.59,4181.53,6697176971,622188100,622.19,240.23,153745.41,48391972378,1370308058,1.37,0.33,1110929.67
4184.6,4181.54,6700567603,622503100,622.5,240.35,153823.25,48460661148,1372253107,1.37,0.33,1112506.55
4184.61,4181.55,6704800510,622896350,622.9,240.5,153920.42,48526115990,1374106582,1.37,0.33,1114009.19
4184.62,4181.56,6708387853,623229625,623.23,240.63,154002.78,48594884531,1376053890,1.38,0.33,1115587.9
4184.63,4181.57,6711811314,623547675,623.55,240.75,154081.37,48660412370,1377909432,1.38,0.33,1117092.22
4184.64,4181.58,6715235852,623865825,623.87,240.88,154159.99,48729251465,1379858738,1.38,0.33,1118672.55
4184.65,4181.59,6718609800,624179275,624.18,241,154237.44,48794845654,1381716159,1.38,0.33,1120178.39
4184.66,4181.6,6722472160,624538100,624.54,241.14,154326.11,48863755846,1383667478,1.38,0.33,1121760.36
4184.67,4181.61,6726230110,624887225,624.89,241.27,154412.38,48929422922,1385526963,1.39,0.33,1123267.87
4184.68,4181.62,6729602713,625200550,625.2,241.39,154489.8,48998409558,1387480447,1.39,0.33,1124851.59
4184.69,4181.63,6732951365,625511650,625.51,241.51,154566.68,49064144050,1389341840,1.39,0.33,1126360.65
4184.7,4181.64,6736407119,625832700,625.83,241.64,154646.01,49133199992,1391297287,1.39,0.33,1127945.96
4184.71,4181.65,6739965129,626163250,626.16,241.76,154727.69,49199001627,1393160582,1.39,0.33,1129456.56
4184.72,4181.66,6743638583,626504525,626.5,241.89,154812.02,49268130434,1395118091,1.4,0.33,1131043.54
4184.73,4181.67,6747105638,626826625,626.83,242.02,154891.61,49334002534,1396983382,1.4,0.34,1132555.76
4184.74,4181.68,6750416886,627134250,627.13,242.14,154967.63,49403202651,1398942911,1.4,0.34,1134144.38
4184.75,4181.69,6753944489,627461975,627.46,242.26,155048.61,49469140952,1400810075,1.4,0.34,1135658.12
4184.76,4181.7,6757335121,627776975,627.78,242.39,155126.45,49535112793,1402678190,1.4,0.34,1137172.63
4184.77,4181.71,6761556726,628169175,628.17,242.54,155223.36,49604421420,1404640792,1.4,0.34,1138763.74
4184.78,4181.72,6765016516,628490600,628.49,242.66,155302.79,49670468125,1406511026,1.41,0.34,1140279.97
4184.79,4181.73,6768595516,628823100,628.82,242.79,155384.95,49739853071,1408475789,1.41,0.34,1141872.83
4184.8,4181.74,6771912954,629131300,629.13,242.91,155461.11,49805967506,1410347941,1.41,0.34,1143390.62
4184.81,4181.75,6775994359,629510475,629.51,243.06,155554.8,49875425109,1412314762,1.41,0.34,1144985.15
4184.82,4181.76,6779595426,629845025,629.85,243.18,155637.47,49941613453,1414189007,1.41,0.34,1146504.63
4184.83,4181.77,6783544435,630211900,630.21,243.33,155728.13,50011149791,1416158057,1.42,0.34,1148100.96
4184.84,4181.78,6786895240,630523200,630.52,243.45,155805.05,50077410550,1418034352,1.42,0.34,1149622.11
4184.85,4181.79,6790703512,630877000,630.88,243.58,155892.48,50147020828,1420005496,1.42,0.34,1151220.14
4184.86,4181.8,6794160073,631198125,631.2,243.71,155971.83,50213352103,1421883788,1.42,0.34,1152742.9
4184.87,4181.81,6798215107,631574850,631.57,243.85,156064.92,50283037602,1423857062,1.42,0.34,1154342.67
4184.88,4181.82,6801802718,631908150,631.91,243.98,156147.28,50349443295,1425737462,1.43,0.34,1155867.13
4184.89,4181.83,6805542639,632255600,632.26,244.12,156233.14,50419205898,1427712919,1.43,0.34,1157468.67
4184.9,4181.84,6809042255,632580725,632.58,244.24,156313.48,50485681987,1429595312,1.43,0.34,1158994.75
4184.91,4181.85,6813239104,632970625,632.97,244.39,156409.82,50555521173,1431572937,1.43,0.34,1160598.04
4184.92,4181.86,6816942158,633314650,633.31,244.52,156494.83,50622073760,1433457497,1.43,0.34,1162125.89
4184.93,4181.87,6821187444,633709050,633.71,244.68,156592.29,50691994274,1435437425,1.44,0.34,1163731.04
4184.94,4181.88,6825047114,634067625,634.07,244.81,156680.9,50758624592,1437324186,1.44,0.34,1165260.67
4184.95,4181.89,6829458971,634477500,634.48,244.97,156782.18,50828628976,1439306489,1.44,0.35,1166867.75
4184.96,4181.9,6833384031,634842150,634.84,245.11,156872.28,50895340298,1441195543,1.44,0.35,1168399.24
4184.97,4181.91,6837917521,635263325,635.26,245.28,156976.36,50965431527,1443180306,1.44,0.35,1170008.32
4184.98,4181.92,6841595819,635605050,635.61,245.41,157060.8,51032225013,1445071687,1.45,0.35,1171541.69
4184.99,4181.93,6845322284,635951250,635.95,245.54,157146.35,51102396057,1447058710,1.45,0.35,1173152.6
4185,4181.94,6849041485,636296775,636.3,245.68,157231.73,51169261749,1448952135,1.45,0.35,1174687.63
4185.01,4181.95,6852854062,636650975,636.65,245.81,157319.25,51236164576,1450846612,1.45,0.35,1176223.51
4185.02,4181.96,6857798464,637110325,637.11,245.99,157432.76,51306458248,1452837107,1.45,0.35,1177837.23
4185.03,4181.97,6861908663,637492175,637.49,246.14,157527.12,51373447938,1454734044,1.45,0.35,1179375.11
4185.04,4181.98,6866531763,637921675,637.92,246.3,157633.25,51443832747,1456727120,1.46,0.35,1180990.92
4185.05,4181.99,6870729149,638311625,638.31,246.45,157729.61,51510908149,1458626484,1.46,0.35,1182530.77
4185.06,4182,6875505366,638755350,638.76,246.62,157839.25,51581384366,1460622148,1.46,0.35,1184148.68
4185.07,4182.01,6879828421,639156975,639.16,246.78,157938.5,51648548330,1462524020,1.46,0.35,1185690.56
4185.08,4182.02,6884465783,639587800,639.59,246.95,158044.96,51719116255,1464522281,1.46,0.35,1187310.58
4185.09,4182.03,6890027764,640104525,640.1,247.15,158172.64,51786374107,1466426811,1.47,0.35,1188854.61
4185.1,4182.04,6895717029,640633075,640.63,247.35,158303.25,51857052718,1468428207,1.47,0.35,1190477.17
4185.11,4182.05,6901057005,641129175,641.13,247.54,158425.84,51924417872,1470335775,1.47,0.35,1192023.67
4185.12,4182.06,6907426549,641720925,641.72,247.77,158572.06,51995211353,1472340423,1.47,0.35,1193648.87
4185.13,4182.07,6913239868,642261000,642.26,247.98,158705.51,52062694107,1474251322,1.47,0.35,1195198.06
4185.14,4182.08,6919384716,642831875,642.83,248.2,158846.58,52133612215,1476259499,1.48,0.35,1196826.12
4185.15,4182.09,6924925977,643346675,643.35,248.4,158973.79,52201209885,1478173652,1.48,0.35,1198377.96
4185.16,4182.1,6932459368,644046550,644.05,248.67,159146.73,52272254041,1480185399,1.48,0.36,1200008.91
4185.17,4182.11,6937897027,644551725,644.55,248.86,159271.56,52339980969,1482103212,1.48,0.36,1201563.71
4185.18,4182.12,6947197853,645415800,645.42,249.2,159485.08,52411162554,1484118850,1.48,0.36,1203197.82
4185.19,4182.13,6955779919,646213100,646.21,249.5,159682.1,52479046712,1486041115,1.49,0.36,1204756.23
4185.2,4182.14,6964075933,646983825,646.98,249.8,159872.55,52550411295,1488061935,1.49,0.36,1206394.54
4185.21,4182.15,6971623049,647684975,647.68,250.07,160045.8,52618460632,1489988878,1.49,0.36,1207956.74
4185.22,4182.16,6979467249,648413725,648.41,250.35,160225.88,52689982679,1492014156,1.49,0.36,1209598.66
4185.23,4182.17,6983462812,648784925,648.78,250.5,160317.61,52758160780,1493944745,1.49,0.36,1211163.82
4185.24,4182.18,6989089377,649307650,649.31,250.7,160446.77,52829801282,1495973378,1.5,0.36,1212808.47
4185.25,4182.19,6992440721,649619000,649.62,250.82,160523.71,52898069633,1497906523,1.5,0.36,1214375.69
4185.26,4182.2,6995830007,649933875,649.93,250.94,160601.52,52966370615,1499840591,1.5,0.36,1215943.67
4185.27,4182.21,7000023358,650323450,650.32,251.09,160697.78,53038126952,1501872504,1.5,0.36,1217590.98
4185.28,4182.22,7003313078,650629075,650.63,251.21,160773.3,53106502029,1503808671,1.5,0.36,1219160.66
4185.29,4182.23,7007620257,651029225,651.03,251.36,160872.18,53178331779,1505842663,1.51,0.36,1220809.64
4185.3,4182.24,7011531862,651392625,651.39,251.5,160961.98,53246783851,1507781010,1.51,0.36,1222381.09
4185.31,4182.25,7015085836,651722800,651.72,251.63,161043.57,53318697261,1509817371,1.51,0.36,1224032
4185.32,4182.26,7018624202,652051525,652.05,251.76,161124.8,53387219912,1511757716,1.51,0.36,1225605.07
4185.33,4182.27,7023005383,652458550,652.46,251.92,161225.37,53459208811,1513796215,1.51,0.36,1227257.71
4185.34,4182.28,7026509036,652784050,652.78,252.04,161305.81,53527808932,1515738754,1.52,0.36,1228832.56
4185.35,4182.29,7030153696,653122650,653.12,252.17,161389.48,53599876775,1517779488,1.52,0.36,1230487.01
4185.36,4182.3,7033433728,653427375,653.43,252.29,161464.77,53668546413,1519723996,1.52,0.36,1232063.45
4185.37,4182.31,7036923657,653751600,653.75,252.41,161544.89,53740683433,1521766689,1.52,0.37,1233719.5
4185.38,4182.32,7040741616,654106300,654.11,252.55,161632.54,53809420508,1523713106,1.52,0.37,1235297.49
4185.39,4182.33,7044587023,654463550,654.46,252.69,161720.82,53881635075,1525757995,1.53,0.37,1236955.31
4185.4,4182.34,7048640174,654840100,654.84,252.84,161813.87,53950448665,1527706578,1.53,0.37,1238535.05
4185.41,4182.35,7052531058,655201575,655.2,252.97,161903.19,54022744295,1529753763,1.53,0.37,1240194.74
4185.42,4182.36,7056022333,655525925,655.53,253.1,161983.34,54091633201,1531704479,1.53,0.37,1241776.21
4185.43,4182.37,7060193886,655913475,655.91,253.25,162079.1,54164006301,1533753857,1.53,0.37,1243437.68
4185.44,4182.38,7063750013,656243850,656.24,253.38,162160.74,54232969957,1535706691,1.54,0.37,1245020.87
4185.45,4182.39,7067751228,656615575,656.62,253.52,162252.59,54305420829,1537758271,1.54,0.37,1246684.12
4185.46,4182.4,7071350679,656949975,656.95,253.65,162335.22,54374458819,1539713209,1.54,0.37,1248269.01
4185.47,4182.41,7075241833,657311475,657.31,253.79,162424.55,54446987732,1541766999,1.54,0.37,1249934.05
4185.48,4182.42,7078929010,657654025,657.65,253.92,162509.2,54516099188,1543724018,1.54,0.37,1251520.64
4185.49,4182.43,7082570172,657992300,657.99,254.05,162592.79,54588703893,1545779954,1.55,0.37,1253187.42
4185.5,4182.44,7086207836,658330250,658.33,254.18,162676.3,54657885789,1547738967,1.55,0.37,1254775.62
4185.51,4182.45,7090158729,658697300,658.7,254.32,162767,54727106602,1549699082,1.55,0.37,1256364.71
4185.52,4182.46,7093994448,659053650,659.05,254.46,162855.05,54799826830,1551758290,1.55,0.37,1258034.14
4185.53,4182.47,7097701539,659398050,659.4,254.6,162940.15,54869121541,1553720497,1.55,0.37,1259624.94
4185.54,4182.48,7101453300,659746600,659.75,254.73,163026.28,54941919608,1555781909,1.56,0.37,1261296.15
4185.55,4182.49,7104934618,660070025,660.07,254.85,163106.2,55011286369,1557746157,1.56,0.37,1262888.6
4185.56,4182.5,7108442845,660395950,660.4,254.98,163186.74,55084156649,1559809613,1.56,0.37,1264561.48
4185.57,4182.51,7112058443,660731850,660.73,255.11,163269.74,55153592409,1561775815,1.56,0.37,1266155.51
4185.58,4182.52,7115659240,661066375,661.07,255.24,163352.41,55226536109,1563841351,1.56,0.38,1267830.07
4185.59,4182.53,7119495498,661422775,661.42,255.38,163440.47,55296043726,1565809587,1.57,0.38,1269425.75
4185.6,4182.54,7123185366,661765575,661.77,255.51,163525.18,55369063965,1567877290,1.57,0.38,1271102.06
4185.61,4182.55,7126663724,662088725,662.09,255.63,163605.03,55438642541,1569847536,1.57,0.38,1272699.37
4185.62,4182.56,7130404721,662436275,662.44,255.77,163690.91,55511736892,1571917338,1.57,0.38,1274377.39
4185.63,4182.57,7134161057,662785250,662.79,255.9,163777.15,55581387530,1573889624,1.57,0.38,1275976.36
4185.64,4182.58,7137988972,663140875,663.14,256.04,163865.02,55654559459,1575961622,1.58,0.38,1277656.16
4185.65,4182.59,7141469483,663464225,663.46,256.16,163944.92,55724282457,1577935958,1.58,0.38,1279256.78
4185.66,4182.6,7144945957,663787200,663.79,256.29,164024.73,55797527605,1580010029,1.58,0.38,1280938.26
4185.67,4182.61,7148612952,664127875,664.13,256.42,164108.92,55867319277,1581986309,1.58,0.38,1282540.46
4185.68,4182.62,7152469123,664486125,664.49,256.56,164197.44,55940639463,1584062506,1.58,0.38,1284223.67
4185.69,4182.63,7156047046,664818525,664.82,256.69,164279.58,56010504133,1586040853,1.59,0.38,1285827.54
4185.7,4182.64,7159697627,665157675,665.16,256.82,164363.38,56083899937,1588119191,1.59,0.38,1287512.48
4185.71,4182.65,7163232226,665486050,665.49,256.95,164444.53,56153834988,1590099531,1.59,0.38,1289117.97
4185.72,4182.66,7166898414,665826650,665.83,257.08,164528.69,56227303630,1592179931,1.59,0.38,1290804.59
4185.73,4182.67,7170857918,666194500,666.19,257.22,164619.59,56297312047,1594162349,1.59,0.38,1292411.76
4185.74,4182.68,7174498811,666532750,666.53,257.35,164703.17,56370859475,1596244980,1.6,0.38,1294100.18
4185.75,4182.69,7177953757,666853725,666.85,257.47,164782.48,56440939085,1598229414,1.6,0.38,1295708.99
4185.76,4182.7,7181369415,667171050,667.17,257.6,164860.9,56511051866,1600214786,1.6,0.38,1297318.57
4185.77,4182.71,7185103415,667517950,667.52,257.73,164946.62,56584706867,1602300464,1.6,0.38,1299009.46
4185.78,4182.72,7188685107,667850700,667.85,257.86,165028.84,56654890158,1604287833,1.6,0.38,1300620.65
4185.79,4182.73,7192896486,668241950,668.24,258.01,165125.52,56728623372,1606375725,1.61,0.39,1302313.33
4185.8,4182.74,7196551641,668581525,668.58,258.14,165209.43,56798883262,1608365264,1.61,0.39,1303926.28
4185.81,4182.75,7200250390,668925150,668.93,258.27,165294.34,56872694197,1610455357,1.61,0.39,1305620.75
4185.82,4182.76,7203553565,669232025,669.23,258.39,165370.17,56943024269,1612446883,1.61,0.39,1307235.31
4185.83,4182.77,7207627705,669610525,669.61,258.54,165463.7,57016908007,1614539037,1.61,0.39,1308931.46
4185.84,4182.78,7211447817,669965425,669.97,258.68,165551.4,57087313158,1616532689,1.62,0.39,1310547.74
4185.85,4182.79,7215558016,670347275,670.35,258.82,165645.76,57161278557,1618627156,1.62,0.39,1312245.76
4185.86,4182.8,7219025072,670669375,670.67,258.95,165725.35,57231759049,1620622941,1.62,0.39,1313863.77
4185.87,4182.81,7222928066,671031975,671.03,259.09,165814.95,57305800726,1622719568,1.62,0.39,1315563.54
4185.88,4182.82,7226591293,671372300,671.37,259.22,165899.04,57376353948,1624717413,1.62,0.39,1317183.22
4185.89,4182.83,7230582282,671743075,671.74,259.36,165990.66,57450473687,1626816250,1.63,0.39,1318884.78
4185.9,4182.84,7234203800,672079525,672.08,259.49,166073.8,57521101676,1628816212,1.63,0.39,1320506.18
4185.91,4182.85,7238347906,672464525,672.46,259.64,166168.94,57595300785,1630917297,1.63,0.39,1322209.56
4185.92,4182.86,7241915604,672795975,672.8,259.77,166250.84,57666003874,1632919385,1.63,0.39,1323832.68
4185.93,4182.87,7245893138,673165500,673.17,259.91,166342.15,57740280434,1635022663,1.64,0.39,1325537.84
4185.94,4182.88,7250437392,673587675,673.59,260.07,166446.47,57811062121,1637026977,1.64,0.39,1327162.77
4185.95,4182.89,7254573693,673971950,673.97,260.22,166541.43,57885428804,1639132807,1.64,0.39,1328870
4185.96,4182.9,7258318996,674319900,674.32,260.36,166627.41,57956292172,1641139434,1.64,0.39,1330496.8
4185.97,4182.91,7262638553,674721200,674.72,260.51,166726.57,58030738992,1643247534,1.64,0.39,1332205.87
4185.98,4182.92,7267260038,675150550,675.15,260.68,166832.67,58101685996,1645256529,1.65,0.39,1333834.6
4185.99,4182.93,7271334447,675529075,675.53,260.82,166926.2,58176223777,1647367204,1.65,0.4,1335545.75
4186,4182.94,7276594501,676017750,676.02,261.01,167046.96,58247258168,1649378674,1.65,0.4,1337176.48
4186.01,4182.95,7281674529,676489700,676.49,261.19,167163.58,58318341903,1651391541,1.65,0.4,1338808.34
4186.02,4182.96,7286962569,676980975,676.98,261.38,167284.97,58393035515,1653506629,1.65,0.4,1340523.08
4186.03,4182.97,7291329756,677386700,677.39,261.54,167385.23,58464217222,1655522270,1.66,0.4,1342157.19
4186.04,4182.98,7297211426,677933125,677.93,261.75,167520.25,58539011839,1657640218,1.66,0.4,1343874.24
4186.05,4182.99,7303046273,678475200,678.48,261.96,167654.2,58610301793,1659658925,1.66,0.4,1345510.84
4186.06,4183,7308443297,678976600,678.98,262.15,167778.1,58685213560,1661780190,1.66,0.4,1347230.58
4186.07,4183.01,7313749098,679469525,679.47,262.34,167899.9,58756610264,1663801919,1.66,0.4,1348869.63
4186.08,4183.02,7320789772,680123625,680.12,262.6,168061.54,58831638293,1665926476,1.67,0.4,1350592.04
4186.09,4183.03,7326935696,680694600,680.69,262.82,168202.63,58903159507,1667951732,1.67,0.4,1352233.94
4186.1,4183.04,7332757087,681235425,681.24,263.03,168336.27,58978317921,1670079981,1.67,0.4,1353959.35
4186.11,4183.05,7339032447,681818425,681.82,263.25,168480.33,59049954736,1672108510,1.67,0.4,1355603.91
4186.12,4183.06,7346317193,682495200,682.5,263.51,168647.56,59125245879,1674240517,1.67,0.4,1357332.36
4186.13,4183.07,7353329880,683146700,683.15,263.76,168808.55,59197018086,1676272880,1.68,0.4,1358980.02
4186.14,4183.08,7361104115,683868950,683.87,264.04,168987.02,59272455440,1678409028,1.68,0.4,1360711.83
4186.15,4183.09,7369208532,684621875,684.62,264.33,169173.07,59344377030,1680445620,1.68,0.4,1362362.93
4186.16,4183.1,7389524067,686509250,686.51,265.06,169639.45,59420062360,1682588790,1.68,0.4,1364100.43
4186.17,4183.11,7396939863,687198200,687.2,265.33,169809.69,59492260970,1684633227,1.68,0.4,1365757.89
4186.18,4183.12,7405468110,687990500,687.99,265.63,170005.47,59568149492,1686782151,1.69,0.4,1367500.05
4186.19,4183.13,7419066965,689253875,689.25,266.12,170317.66,59640531445,1688831780,1.69,0.41,1369161.72
4186.2,4183.14,7428259613,690107900,690.11,266.45,170528.69,59716652058,1690987275,1.69,0.41,1370909.21
4186.21,4183.15,7436128032,690838900,690.84,266.73,170709.33,59789227733,1693042390,1.69,0.41,1372575.32
4186.22,4183.16,7452260174,692337625,692.34,267.31,171079.67,59865566316,1695204058,1.7,0.41,1374327.82
4186.23,4183.17,7457796860,692852000,692.85,267.51,171206.77,59938367809,1697265566,1.7,0.41,1375999.12
4186.24,4183.18,7462718389,693309225,693.31,267.69,171319.76,60014862158,1699431645,1.7,0.41,1377755.19
4186.25,4183.19,7467942115,693794525,693.79,267.88,171439.67,60087767501,1701496094,1.7,0.41,1379428.87
4186.26,4183.2,7472545570,694222200,694.22,268.04,171545.36,60160718416,1703561834,1.7,0.41,1381103.6
4186.27,4183.21,7477204191,694655000,694.66,268.21,171652.3,60237365339,1705732233,1.71,0.41,1382863.17
4186.28,4183.22,7482177117,695117000,695.12,268.39,171766.46,60310408535,1707800586,1.71,0.41,1384540.02
4186.29,4183.23,7487231580,695586575,695.59,268.57,171882.5,60387155479,1709973818,1.71,0.41,1386301.89
4186.3,4183.24,7492041165,696033400,696.03,268.74,171992.91,60460296449,1712044939,1.71,0.41,1387980.98
4186.31,4183.25,7497016782,696495650,696.5,268.92,172107.13,60537143689,1714221011,1.71,0.41,1389745.15
4186.32,4183.26,7503046187,697055800,697.06,269.13,172245.55,60610384246,1716294953,1.72,0.41,1391426.53
4186.33,4183.27,7508135363,697528600,697.53,269.32,172362.38,60687346924,1718474293,1.72,0.41,1393193.35
4186.34,4183.28,7512504973,697934550,697.93,269.47,172462.69,60760688674,1720551100,1.72,0.41,1394877.05
4186.35,4183.29,7517491354,698397800,698.4,269.65,172577.16,60837744987,1722733092,1.72,0.41,1396646.03
4186.36,4183.3,7522255192,698840375,698.84,269.82,172686.53,60911183230,1724812631,1.72,0.41,1398331.94
4186.37,4183.31,7526562640,699240550,699.24,269.98,172785.41,60988337465,1726997396,1.73,0.41,1400103.16
4186.38,4183.32,7530804428,699634625,699.63,270.13,172882.79,61061858043,1729079267,1.73,0.41,1401790.97
4186.39,4183.33,7535399003,700061475,700.06,270.3,172988.27,61139101685,1731266563,1.73,0.42,1403564.24
4186.4,4183.34,7539322448,700425975,700.43,270.44,173078.34,61212707982,1733350861,1.73,0.42,1405254.02
4186.41,4183.35,7543733230,700835750,700.84,270.59,173179.59,61290036682,1735540566,1.74,0.42,1407029.24
4186.42,4183.36,7547714800,701205650,701.21,270.74,173271,61363724791,1737627181,1.74,0.42,1408720.89
4186.43,4183.37,7552365617,701637725,701.64,270.9,173377.76,61441141891,1739819389,1.74,0.42,1410498.15
4186.44,4183.38,7556158281,701990075,701.99,271.04,173464.83,61514913289,1741908363,1.74,0.42,1412191.71
4186.45,4183.39,7560351093,702379600,702.38,271.19,173561.08,61592414545,1744102954,1.74,0.42,1413970.9
4186.46,4183.4,7564276691,702744300,702.74,271.33,173651.2,61666263784,1746194131,1.75,0.42,1415666.25
4186.47,4183.41,7568616162,703147450,703.15,271.49,173750.82,61743849648,1748391118,1.75,0.42,1417447.38
4186.48,4183.42,7572478522,703506275,703.51,271.63,173839.49,61817779527,1750484580,1.75,0.42,1419144.58
4186.49,4183.43,7577096508,703935300,703.94,271.79,173945.51,61895449637,1752683952,1.75,0.42,1420927.65
4186.5,4183.44,7581574833,704351350,704.35,271.95,174048.31,61969467069,1754779892,1.75,0.42,1422626.86
4186.51,4183.45,7585925068,704755500,704.76,272.11,174148.18,62043526477,1756877021,1.76,0.42,1424327.03
4186.52,4183.46,7589919555,705126600,705.13,272.25,174239.88,62121330621,1759080189,1.76,0.42,1426113.17
4186.53,4183.47,7593759580,705483350,705.48,272.39,174328.04,62195468814,1761179549,1.76,0.42,1427815.16
4186.54,4183.48,7597665803,705846250,705.85,272.53,174417.71,62273353474,1763384997,1.76,0.42,1429603.15
4186.55,4183.49,7601237268,706178050,706.18,272.66,174499.7,62347565867,1765486458,1.77,0.42,1431306.83
4186.56,4183.5,7605474751,706571725,706.57,272.81,174596.98,62425528106,1767694103,1.77,0.42,1433096.61
4186.57,4183.51,7609309932,706928025,706.93,272.95,174685.02,62499818588,1769797775,1.77,0.42,1434802.09
4186.58,4183.52,7612886511,707260300,707.26,273.07,174767.13,62577860942,1772007688,1.77,0.43,1436593.7
4186.59,4183.53,7617150903,707656475,707.66,273.23,174865.02,62652225404,1774113455,1.77,0.43,1438300.87
4186.6,4183.54,7620849113,708000050,708,273.36,174949.92,62730348806,1776325664,1.78,0.43,1440094.34
4186.61,4183.55,7624574234,708346125,708.35,273.49,175035.44,62804788400,1778433558,1.78,0.43,1441803.25
4186.62,4183.56,7628535622,708714150,708.71,273.64,175126.38,62882988918,1780647950,1.78,0.43,1443598.49
4186.63,4183.57,7633213617,709148750,709.15,273.8,175233.77,62957506732,1782758060,1.78,0.43,1445309.19
4186.64,4183.58,7638015667,709594875,709.59,273.98,175344.01,63035801975,1784975134,1.78,0.43,1447106.6
4186.65,4183.59,7641693964,709936600,709.94,274.11,175428.45,63110409154,1787087774,1.79,0.43,1448819.35
4186.66,4183.6,7645934137,710330525,710.33,274.26,175525.79,63188785082,1789307134,1.79,0.43,1450618.62
4186.67,4183.61,7651387942,710837200,710.84,274.46,175650.99,63263478365,1791422212,1.79,0.43,1452333.35
4186.68,4183.62,7655020223,711174650,711.17,274.59,175734.38,63341952277,1793644345,1.79,0.43,1454134.86
4186.69,4183.63,7659215188,711564375,711.56,274.74,175830.68,63416727465,1795761743,1.8,0.43,1455851.47
4186.7,4183.64,7664061639,712014625,712.01,274.91,175941.94,63495284903,1797986242,1.8,0.43,1457654.91
4186.71,4183.65,7667591125,712342525,712.34,275.04,176022.97,63570145083,1800106046,1.8,0.43,1459373.46
4186.72,4183.66,7671056028,712664425,712.66,275.16,176102.51,63648784652,1802332871,1.8,0.43,1461178.78
4186.73,4183.67,7674684542,713001525,713,275.29,176185.81,63723714406,1804454645,1.8,0.43,1462898.94
4186.74,4183.68,7677950043,713304900,713.3,275.41,176260.77,63802425271,1806683489,1.81,0.43,1464705.9
4186.75,4183.69,7681228461,713609475,713.61,275.53,176336.04,63877420156,1808807107,1.81,0.43,1466427.55
4186.76,4183.7,7684313129,713896050,713.9,275.64,176406.85,63952446038,1810931604,1.81,0.43,1468149.91
4186.77,4183.71,7687645905,714205675,714.21,275.76,176483.36,64031255955,1813163252,1.81,0.44,1469959.14
4186.78,4183.72,7690667604,714486400,714.49,275.86,176552.73,64106344071,1815289511,1.82,0.44,1471682.93
4186.79,4183.73,7694151074,714810025,714.81,275.99,176632.7,64185219455,1817523013,1.82,0.44,1473493.66
4186.8,4183.74,7697425725,715114250,715.11,276.11,176707.87,64260372488,1819651110,1.82,0.44,1475218.95
4186.81,4183.75,7700767650,715424725,715.42,276.23,176784.59,64339316831,1821886565,1.82,0.44,1477031.26
4186.82,4183.76,7704213447,715744850,715.74,276.35,176863.7,64414534893,1824016503,1.82,0.44,1478758.04
4186.83,4183.77,7707541917,716054075,716.05,276.47,176940.11,64493549369,1826253944,1.83,0.44,1480571.96
4186.84,4183.78,7710840786,716360550,716.36,276.59,177015.84,64568834285,1828385775,1.83,0.44,1482300.27
4186.85,4183.79,7713835037,716638725,716.64,276.7,177084.58,64647915469,1830625105,1.83,0.44,1484115.73
4186.86,4183.8,7716845434,716918400,716.92,276.8,177153.69,64723260005,1832758624,1.83,0.44,1485845.41
4186.87,4183.81,7719733391,717186700,717.19,276.91,177219.98,64802402123,1834999680,1.83,0.44,1487662.27
4186.88,4183.82,7722598206,717452850,717.45,277.01,177285.75,64877803639,1837134813,1.84,0.44,1489393.25
4186.89,4183.83,7725473784,717720000,717.72,277.11,177351.76,64957004596,1839377534,1.84,0.44,1491211.46
4186.9,4183.84,7728438434,717995425,718,277.22,177419.82,65032462725,1841514270,1.84,0.44,1492943.74
4186.91,4183.85,7731521756,718281875,718.28,277.33,177490.61,65111724284,1843758708,1.84,0.44,1494763.34
4186.92,4183.86,7734651363,718572625,718.57,277.44,177562.45,65187241917,1845897129,1.85,0.44,1496496.99
4186.93,4183.87,7737893184,718873800,718.87,277.56,177636.87,65266568028,1848143394,1.85,0.44,1498318.08
4186.94,4183.88,7741156533,719176975,719.18,277.68,177711.79,65342148476,1850283594,1.85,0.44,1500053.17
4186.95,4183.89,7744452173,719483150,719.48,277.79,177787.45,65421541885,1852531765,1.85,0.44,1501875.79
4186.96,4183.9,7747937258,719806925,719.81,277.92,177867.45,65497187342,1854673806,1.85,0.44,1503612.38
4186.97,4183.91,7751520026,720139775,720.14,278.05,177949.7,65576651409,1856923978,1.86,0.45,1505436.63
4186.98,4183.92,7755213392,720482900,720.48,278.18,178034.49,65652366942,1859068003,1.86,0.45,1507174.82
4186.99,4183.93,7759020049,720836550,720.84,278.32,178121.88,65731906728,1861320319,1.86,0.45,1509000.81
4187,4183.94,7762987088,721205100,721.21,278.46,178212.95,65807697201,1863466466,1.86,0.45,1510740.72
4187.01,4183.95,7766545906,721535725,721.54,278.59,178294.65,65883524022,1865613643,1.87,0.45,1512481.47
4187.02,4183.96,7770565151,721909125,721.91,278.73,178386.92,65963180710,1867869269,1.87,0.45,1514310.14
4187.03,4183.97,7774290540,722255225,722.26,278.86,178472.44,66039081969,1870018553,1.87,0.45,1516052.6
4187.04,4183.98,7778524793,722648600,722.65,279.02,178569.64,66118818921,1872276452,1.87,0.45,1517883.11
4187.05,4183.99,7782276823,722997175,723,279.15,178655.78,66194798211,1874427946,1.87,0.45,1519627.36
4187.06,4184,7786585347,723397450,723.4,279.31,178754.69,66274617631,1876688180,1.88,0.45,1521459.77
4187.07,4184.01,7790883377,723796750,723.8,279.46,178853.36,66350677135,1878841946,1.88,0.45,1523205.86
4187.08,4184.02,7795770192,724250750,724.25,279.63,178965.54,66430588022,1881104770,1.88,0.45,1525040.37
4187.09,4184.03,7799845947,724629400,724.63,279.78,179059.11,66506737529,1883261084,1.88,0.45,1526788.52
4187.1,4184.04,7804647458,725075475,725.08,279.95,179169.34,66586739205,1885526479,1.89,0.45,1528625.11
4187.11,4184.05,7809454082,725522025,725.52,280.13,179279.68,66662977416,1887685305,1.89,0.45,1530375.31
4187.12,4184.06,7814419474,725983325,725.98,280.3,179393.67,66743078864,1889953525,1.89,0.45,1532214.19
4187.13,4184.07,7819046341,726413175,726.41,280.47,179499.89,66819412495,1892115053,1.89,0.45,1533966.57
4187.14,4184.08,7825392205,727002725,727,280.7,179645.57,66899616531,1894386178,1.89,0.45,1535807.81
4187.15,4184.09,7830957684,727519775,727.52,280.9,179773.33,66976062234,1896550880,1.9,0.46,1537562.76
4187.16,4184.1,7838024192,728176275,728.18,281.15,179935.56,67056394330,1898825631,1.9,0.46,1539406.94
4187.17,4184.11,7843793917,728712300,728.71,281.36,180068.01,67132964480,1900993856,1.9,0.46,1541164.75
4187.18,4184.12,7849901898,729279750,729.28,281.58,180208.23,67213422469,1903272173,1.9,0.46,1543011.82
4187.19,4184.13,7856848118,729925075,729.93,281.83,180367.69,67290112486,1905443792,1.91,0.46,1544772.38
4187.2,4184.14,7862939146,730490950,730.49,282.04,180507.52,67370706286,1907725955,1.91,0.46,1546622.57
4187.21,4184.15,7867525110,730917000,730.92,282.21,180612.8,67447513544,1909900894,1.91,0.46,1548385.82
4187.22,4184.16,7873659194,731486875,731.49,282.43,180753.62,67528215550,1912186120,1.91,0.46,1550238.49
4187.23,4184.17,7878377554,731925225,731.93,282.6,180861.94,67605128650,1914364057,1.91,0.46,1552004.18
4187.24,4184.18,7882391954,732298175,732.3,282.74,180954.1,67685933190,1916652187,1.92,0.46,1553859.2
4187.25,4184.19,7885439755,732581325,732.58,282.85,181024.06,67762923520,1918832310,1.92,0.46,1555626.66
4187.26,4184.2,7888479214,732863700,732.86,282.96,181093.84,67839944180,1921013292,1.92,0.46,1557394.81
4187.27,4184.21,7891960263,733187100,733.19,283.09,181173.75,67920848705,1923304253,1.92,0.46,1559252.13
4187.28,4184.22,7895614072,733526550,733.53,283.22,181257.63,67997935437,1925487106,1.93,0.46,1561021.8
4187.29,4184.23,7899163203,733856275,733.86,283.34,181339.11,68078914323,1927780173,1.93,0.46,1562880.83
4187.3,4184.24,7902550067,734170925,734.17,283.46,181416.86,68156069751,1929964971,1.93,0.46,1564652.08
4187.31,4184.25,7906380136,734526750,734.53,283.6,181504.79,68237121053,1932260089,1.93,0.46,1566512.76
4187.32,4184.26,7910362513,734896725,734.9,283.75,181596.21,68314350315,1934446978,1.93,0.46,1568285.71
4187.33,4184.27,7914309370,735263400,735.26,283.89,181686.82,68395482159,1936744376,1.94,0.46,1570148.24
4187.34,4184.28,7918142937,735619550,735.62,284.02,181774.82,68472787525,1938933420,1.94,0.47,1571922.94
4187.35,4184.29,7922161643,735992900,735.99,284.17,181867.08,68553999766,1941233095,1.94,0.47,1573787.32
4187.36,4184.3,7925883534,736338675,736.34,284.3,181952.52,68631381931,1943424314,1.94,0.47,1575563.77
4187.37,4184.31,7929780608,736700725,736.7,284.44,182041.99,68712672413,1945726204,1.95,0.47,1577429.95
4187.38,4184.32,7933221830,737020425,737.02,284.57,182120.98,68790127443,1947919486,1.95,0.47,1579208.08
4187.39,4184.33,7937190484,737389125,737.39,284.71,182212.09,68871493623,1950223520,1.95,0.47,1581075.99
4187.4,4184.34,7940998217,737742875,737.74,284.84,182299.51,68949022561,1952418895,1.95,0.47,1582855.82
4187.41,4184.35,7945408460,738152600,738.15,285,182400.75,69030471341,1954725267,1.95,0.47,1584725.63
4187.42,4184.36,7948940368,738480725,738.48,285.13,182481.83,69108079934,1956922898,1.96,0.47,1586507.28
4187.43,4184.37,7952963649,738854500,738.85,285.27,182574.19,69189607298,1959231496,1.96,0.47,1588378.9
4187.44,4184.38,7956603734,739192675,739.19,285.4,182657.76,69267290785,1961431247,1.96,0.47,1590162.27
4187.45,4184.39,7960393707,739544775,739.54,285.54,182744.76,69348895285,1963742029,1.96,0.47,1592035.65
4187.46,4184.4,7963906240,739871100,739.87,285.67,182825.4,69426649674,1965943788,1.97,0.47,1593820.65
4187.47,4184.41,7967617637,740215900,740.22,285.8,182910.6,69508328774,1968256683,1.97,0.47,1595695.75
4187.48,4184.42,7971271715,740555375,740.56,285.93,182994.49,69586155178,1970460481,1.97,0.47,1597482.41
4187.49,4184.43,7974739309,740877525,740.88,286.05,183074.09,69667908574,1972775479,1.97,0.47,1599359.21
4187.5,4184.44,7979149821,741287275,741.29,286.21,183175.34,69745804768,1974981254,1.97,0.47,1601147.47
4187.51,4184.45,7982707294,741617775,741.62,286.34,183257.01,69823742542,1977188206,1.98,0.47,1602936.68
4187.52,4184.46,7986194801,741941775,741.94,286.47,183337.07,69905613694,1979506539,1.98,0.47,1604816.18
4187.53,4184.47,7989652976,742263050,742.26,286.59,183416.46,69983620359,1981715442,1.98,0.48,1606606.97
4187.54,4184.48,7993102002,742583475,742.58,286.71,183495.64,70065561857,1984035766,1.98,0.48,1608488.1
4187.55,4184.49,7997606967,743002000,743,286.87,183599.06,70143642548,1986246765,1.99,0.48,1610280.59
4187.56,4184.5,8001791169,743390725,743.39,287.02,183695.11,70225669066,1988569498,1.99,0.48,1612163.66
4187.57,4184.51,8005421566,743728000,743.73,287.15,183778.46,70303829209,1990782747,1.99,0.48,1613957.98
4187.58,4184.52,8008811660,744042950,744.04,287.28,183856.28,70385931978,1993107638,1.99,0.48,1615842.8
4187.59,4184.53,8012541893,744389500,744.39,287.41,183941.92,70464160512,1995322823,2,0.48,1617638.69
4187.6,4184.54,8016043124,744714775,744.71,287.54,184022.29,70546336365,1997649784,2,0.48,1619525.19
4187.61,4184.55,8020256388,745106200,745.11,287.69,184119.02,70624638574,1999867056,2,0.48,1621322.77
4187.62,4184.56,8023626299,745419275,745.42,287.81,184196.38,70706893635,2002196260,2,0.48,1623211.09
4187.63,4184.57,8026924092,745725650,745.73,287.93,184272.08,70785264952,2004415489,2,0.48,1625010.25
4187.64,4184.58,8030283508,746037750,746.04,288.05,184349.21,70867588045,2006746619,2.01,0.48,1626900.13
4187.65,4184.59,8033769132,746361575,746.36,288.17,184429.22,70946024966,2008967705,2.01,0.48,1628700.8
4187.66,4184.6,8037038131,746665275,746.67,288.29,184504.27,71028417933,2011300814,2.01,0.48,1630592.29
4187.67,4184.61,8040321393,746970300,746.97,288.41,184579.64,71106920086,2013523748,2.01,0.48,1632394.45
4187.68,4184.62,8043291694,747246250,747.25,288.51,184647.83,71189379122,2015858728,2.02,0.48,1634287.46
4187.69,4184.63,8046169695,747513625,747.51,288.62,184713.9,71267940457,2018083337,2.02,0.48,1636090.98
4187.7,4184.64,8049457800,747819100,747.82,288.73,184789.38,71350461470,2020420072,2.02,0.48,1637985.41
4187.71,4184.65,8052668137,748117350,748.12,288.85,184863.08,71429083892,2022646411,2.02,0.49,1639790.34
4187.72,4184.66,8055839454,748411975,748.41,288.96,184935.89,71511671502,2024985031,2.02,0.49,1641686.29
4187.73,4184.67,8058790649,748686150,748.69,289.07,185003.64,71590355735,2027213121,2.03,0.49,1643492.64
4187.74,4184.68,8062052652,748989200,748.99,289.19,185078.52,71673005977,2029553515,2.03,0.49,1645390.03
4187.75,4184.69,8065219933,749283450,749.28,289.3,185151.23,71751751798,2031783348,2.03,0.49,1647197.79
4187.76,4184.7,8068663846,749603400,749.6,289.42,185230.29,71830529849,2034014094,2.03,0.49,1649006.29
4187.77,4184.71,8072398653,749950375,749.95,289.56,185316.03,71913282794,2036357397,2.04,0.49,1650906.04
4187.78,4184.72,8076015327,750286375,750.29,289.69,185399.06,71992132301,2038590166,2.04,0.49,1652716.18
4187.79,4184.73,8079383893,750599325,750.6,289.81,185476.39,72074959550,2040935573,2.04,0.49,1654617.64
4187.8,4184.74,8082774794,750914350,750.91,289.93,185554.23,72153875263,2043170217,2.04,0.49,1656429.3
4187.81,4184.75,8086277370,751239750,751.24,290.06,185634.64,72236772776,2045517613,2.05,0.49,1658332.37
4187.82,4184.76,8090060347,751591200,751.59,290.19,185721.49,72315757939,2047754224,2.05,0.49,1660145.62
4187.83,4184.77,8093750215,751934000,751.93,290.32,185806.19,72398731098,2050103762,2.05,0.49,1662050.43
4187.84,4184.78,8097595891,752291275,752.29,290.46,185894.48,72477789142,2052342436,2.05,0.49,1663865.36
4187.85,4184.79,8101562931,752659825,752.66,290.6,185985.55,72560840562,2054694191,2.05,0.49,1665771.96
4187.86,4184.8,8104984239,752977675,752.98,290.73,186064.09,72639973987,2056935000,2.06,0.49,1667588.62
4187.87,4184.81,8108518031,753305975,753.31,290.85,186145.22,72723098878,2059288835,2.06,0.49,1669496.91
4187.88,4184.82,8111951450,753624950,753.62,290.98,186224.04,72802299899,2061531558,2.06,0.49,1671315.12
4187.89,4184.83,8115469903,753951825,753.95,291.1,186304.81,72885496249,2063887416,2.06,0.5,1673225.05
4187.9,4184.84,8119028721,754282450,754.28,291.23,186386.51,72964765352,2066132067,2.07,0.5,1675044.82
4187.91,4184.85,8122967236,754648350,754.65,291.37,186476.92,73048036403,2068490041,2.07,0.5,1676956.47
4187.92,4184.86,8126430793,754970125,754.97,291.5,186556.43,73127378776,2070736766,2.07,0.5,1678777.92
4187.93,4184.87,8129846720,755287475,755.29,291.62,186634.85,73210723044,2073096813,2.07,0.5,1680691.25
4187.94,4184.88,8133146397,755594025,755.59,291.74,186710.6,73290131378,2075345407,2.08,0.5,1682514.22
4187.95,4184.89,8136679112,755922225,755.92,291.86,186791.7,73373545143,2077707422,2.08,0.5,1684429.14
4187.96,4184.9,8140396159,756267550,756.27,292,186877.03,73453022058,2079957957,2.08,0.5,1686253.68
4187.97,4184.91,8144040819,756606150,756.61,292.13,186960.7,73536510908,2082322098,2.08,0.5,1688170.33
4187.98,4184.92,8147598023,756936625,756.94,292.25,187042.37,73616059665,2084574668,2.08,0.5,1689996.52
4187.99,4184.93,8150968472,757249750,757.25,292.38,187119.74,73699620693,2086940853,2.09,0.5,1691914.82
4188,4184.94,8154563618,757583750,757.58,292.5,187202.27,73779236517,2089195322,2.09,0.5,1693742.55
4188.01,4184.95,8157960708,757899350,757.9,292.63,187280.26,73858886351,2091450754,2.09,0.5,1695571.07
4188.02,4184.96,8161981836,758272925,758.27,292.77,187372.57,73942556923,2093820041,2.09,0.5,1697491.89
4188.03,4184.97,8165724179,758620600,758.62,292.91,187458.48,74022280694,2096077567,2.1,0.5,1699322.1
4188.04,4184.98,8170203580,759036750,759.04,293.07,187561.32,74106034075,2098449198,2.1,0.5,1701244.81
4188.05,4184.99,8174032303,759392450,759.39,293.2,187649.21,74185838543,2100709009,2.1,0.5,1703076.88
4188.06,4185,8178832469,759838400,759.84,293.38,187759.41,74269677804,2103083073,2.1,0.5,1705001.57
4188.07,4185.01,8183032816,760228625,760.23,293.53,187855.83,74349568894,2105345337,2.11,0.51,1706835.62
4188.08,4185.02,8187306895,760625700,760.63,293.68,187953.95,74433497617,2107721933,2.11,0.51,1708762.36
4188.09,4185.03,8191314030,760997975,761,293.82,188045.94,74513469848,2109986495,2.11,0.51,1710598.28
4188.1,4185.04,8196397556,761470250,761.47,294.01,188162.64,74597486795,2112365590,2.11,0.51,1712527.04
4188.11,4185.05,8200873997,761886125,761.89,294.17,188265.41,74677551031,2114632756,2.11,0.51,1714365.07
4188.12,4185.06,8206348253,762394700,762.39,294.36,188391.08,74761667286,2117014664,2.12,0.51,1716296.12
4188.13,4185.07,8212830011,762996875,763,294.59,188539.88,74841838248,2119284852,2.12,0.51,1718136.6
4188.14,4185.08,8219727255,763637650,763.64,294.84,188698.22,74926085970,2121670482,2.12,0.51,1720070.66
4188.15,4185.09,8224857604,764114275,764.11,295.03,188815.99,75006380702,2123944176,2.12,0.51,1721913.98
4188.16,4185.1,8231493555,764730775,764.73,295.26,188968.33,75090748446,2126333204,2.13,0.51,1723850.8
4188.17,4185.11,8238054158,765340275,765.34,295.5,189118.94,75171164979,2128610347,2.13,0.51,1725696.92
4188.18,4185.12,8243850255,765878750,765.88,295.71,189252,75255664837,2131003116,2.13,0.51,1727636.77
4188.19,4185.13,8252425324,766675400,766.68,296.02,189448.86,75336207746,2133283838,2.13,0.51,1729485.79
4188.2,4185.14,8261497955,767518275,767.52,296.34,189657.14,75420877516,2135681418,2.14,0.51,1731429.54
4188.21,4185.15,8265941298,767931075,767.93,296.5,189759.14,75501577182,2137966579,2.14,0.51,1733282.16
4188.22,4185.16,8272140503,768507000,768.51,296.72,189901.46,75586363673,2140367465,2.14,0.51,1735228.59
4188.23,4185.17,8277310947,768987350,768.99,296.91,190020.15,75667171923,2142655699,2.14,0.51,1737083.7
4188.24,4185.18,8281604940,769386275,769.39,297.06,190118.73,75752067540,2145059676,2.15,0.51,1739032.64
4188.25,4185.19,8284956822,769697675,769.7,297.18,190195.68,75832958260,2147350246,2.15,0.52,1740889.64
4188.26,4185.2,8288246542,770003300,770,297.3,190271.2,75913881575,2149641739,2.15,0.52,1742747.39
4188.27,4185.21,8292144961,770365475,770.37,297.44,190360.69,75998887422,2152048836,2.15,0.52,1744698.86
4188.28,4185.22,8295491192,770676350,770.68,297.56,190437.51,76079881432,2154342331,2.15,0.52,1746558.23
4188.29,4185.23,8299273899,771027775,771.03,297.7,190524.35,76164960478,2156751502,2.16,0.52,1748511.38
4188.3,4185.24,8302954080,771369675,771.37,297.83,190608.84,76246025349,2159047003,2.16,0.52,1750372.38
4188.31,4185.25,8306417637,771691450,771.69,297.95,190688.35,76331180349,2161458324,2.16,0.52,1752327.27
4188.32,4185.26,8310423426,772063600,772.06,298.1,190780.31,76412314705,2163755793,2.16,0.52,1754189.87
4188.33,4185.27,8315065363,772494850,772.49,298.26,190886.87,76497554497,2166169515,2.17,0.52,1756146.71
4188.34,4185.28,8318462453,772810450,772.81,298.38,190964.86,76578771965,2168469338,2.17,0.52,1758011.21
4188.35,4185.29,8321991401,773138300,773.14,298.51,191045.87,76664086713,2170885183,2.17,0.52,1759969.77
4188.36,4185.3,8325182362,773434750,773.43,298.62,191119.12,76745370808,2173186892,2.17,0.52,1761835.8
4188.37,4185.31,8329235513,773811300,773.81,298.77,191212.17,76830756866,2175604756,2.18,0.52,1763796
4188.38,4185.32,8332524695,774116875,774.12,298.89,191287.68,76912112790,2177908499,2.18,0.52,1765663.68
4188.39,4185.33,8336092662,774448350,774.45,299.02,191369.59,76997571680,2180328425,2.18,0.52,1767625.55
4188.4,4185.34,8339230880,774739900,774.74,299.13,191441.63,77078993542,2182634036,2.18,0.52,1769494.75
4188.41,4185.35,8342568230,775049950,775.05,299.25,191518.25,77164519865,2185055871,2.19,0.52,1771458.17
4188.42,4185.36,8345666084,775337750,775.34,299.36,191589.36,77246004696,2187363265,2.19,0.52,1773328.81
4188.43,4185.37,8348872384,775635625,775.64,299.47,191662.97,77331596435,2189786953,2.19,0.53,1775293.73
4188.44,4185.38,8351885202,775915525,775.92,299.58,191732.13,77413142226,2192096073,2.19,0.53,1777165.76
4188.45,4185.39,8355952076,776293350,776.29,299.73,191825.5,77498801518,2194521674,2.19,0.53,1779132.24
4188.46,4185.4,8358688263,776547550,776.55,299.83,191888.31,77580415778,2196832732,2.2,0.53,1781005.85
4188.47,4185.41,8361642418,776822000,776.82,299.93,191956.13,77666139213,2199260149,2.2,0.53,1782973.79
4188.48,4185.42,8364452606,777083075,777.08,300.03,192020.64,77747809306,2201572789,2.2,0.53,1784848.68
4188.49,4185.43,8367262255,777344100,777.34,300.13,192085.14,77833591728,2204001877,2.2,0.53,1786817.98
4188.5,4185.44,8369747911,777575025,777.58,300.22,192142.2,77915314898,2206316019,2.21,0.53,1788694.09
4188.51,4185.45,8372351701,777816925,777.82,300.32,192201.98,77997062408,2208630851,2.21,0.53,1790570.76
4188.52,4185.46,8375070396,778069500,778.07,300.41,192264.39,78082924666,2211062199,2.21,0.53,1792541.89
4188.53,4185.47,8378292573,778368850,778.37,300.53,192338.36,78164726900,2213378581,2.21,0.53,1794419.82
4188.54,4185.48,8381563725,778672750,778.67,300.65,192413.46,78250653296,2215811745,2.22,0.53,1796392.42
4188.55,4185.49,8385204887,779011025,779.01,300.78,192497.05,78332520028,2218129953,2.22,0.53,1798271.83
4188.56,4185.5,8388676786,779333575,779.33,300.9,192576.75,78418519621,2220565190,2.22,0.53,1800246.11
4188.57,4185.51,8391632825,779608200,779.61,301.01,192644.61,78500454505,2222885328,2.22,0.53,1802127.08
4188.58,4185.52,8394824324,779904700,779.9,301.12,192717.88,78586517495,2225322360,2.23,0.53,1804102.82
4188.59,4185.53,8397760450,780177475,780.18,301.23,192785.28,78668512377,2227644197,2.23,0.53,1805985.17
4188.6,4185.54,8400903243,780469450,780.47,301.34,192857.43,78754638093,2230083005,2.23,0.54,1807962.35
4188.61,4185.55,8403903683,780748200,780.75,301.45,192926.31,78836692943,2232406540,2.23,0.54,1809846.08
4188.62,4185.56,8407234037,781057600,781.06,301.57,193002.76,78922882295,2234847151,2.23,0.54,1811824.72
4188.63,4185.57,8410443566,781355775,781.36,301.68,193076.44,79004999562,2237172453,2.24,0.54,1813709.87
4188.64,4185.58,8414281976,781712375,781.71,301.82,193164.56,79091259292,2239615056,2.24,0.54,1815690.13
4188.65,4185.59,8417249855,781988100,781.99,301.93,193232.69,79173443948,2241942266,2.24,0.54,1817576.84
4188.66,4185.6,8420402874,782281025,782.28,302.04,193305.08,79259769600,2244386737,2.24,0.54,1819558.6
4188.67,4185.61,8423373713,782557025,782.56,302.15,193373.28,79342014361,2246715649,2.25,0.54,1821446.69
4188.68,4185.62,8426855031,782880450,782.88,302.27,193453.2,79428403813,2249161926,2.25,0.54,1823429.92
4188.69,4185.63,8430713893,783238950,783.24,302.41,193541.79,79510715508,2251492733,2.25,0.54,1825319.54
4188.7,4185.64,8434454890,783586500,783.59,302.54,193627.67,79597182723,2253941212,2.25,0.54,1827304.56
4188.71,4185.65,8437581537,783876975,783.88,302.66,193699.44,79679565261,2256274026,2.26,0.54,1829195.81
4188.72,4185.66,8440834929,784179225,784.18,302.77,193774.13,79766099884,2258724414,2.26,0.54,1831182.38
4188.73,4185.67,8444218833,784493600,784.49,302.89,193851.81,79848546271,2261059035,2.26,0.54,1833075.09
4188.74,4185.68,8447434820,784792375,784.79,303.01,193925.64,79935148713,2263511343,2.26,0.54,1835063.22
4188.75,4185.69,8450247968,785053725,785.05,303.11,193990.22,80017656649,2265847708,2.27,0.54,1836957.34
4188.76,4185.7,8453427627,785349125,785.35,303.22,194063.22,80100192722,2268184869,2.27,0.54,1838852.11
4188.77,4185.71,8457265769,785705700,785.71,303.36,194151.33,80186893169,2270639953,2.27,0.54,1840842.49
4188.78,4185.72,8460345323,785991800,785.99,303.47,194222.03,80269498012,2272979061,2.27,0.55,1842738.84
4188.79,4185.73,8463568038,786291200,786.29,303.59,194296.01,80356264751,2275436022,2.28,0.55,1844730.73
4188.8,4185.74,8467101292,786619450,786.62,303.72,194377.12,80438933346,2277776936,2.28,0.55,1846628.55
4188.81,4185.75,8470439180,786929550,786.93,303.84,194453.75,80525770374,2280235886,2.28,0.55,1848622.06
4188.82,4185.76,8473808554,787242575,787.24,303.96,194531.1,80608504439,2282578654,2.28,0.55,1850521.38
4188.83,4185.77,8477065175,787545125,787.55,304.07,194605.86,80695409909,2285039543,2.29,0.55,1852516.46
4188.84,4185.78,8480424860,787857250,787.86,304.19,194682.99,80778209316,2287384161,2.29,0.55,1854417.27
4188.85,4185.79,8484945164,788277200,788.28,304.36,194786.76,80865188735,2289847144,2.29,0.55,1856414.05
4188.86,4185.8,8488995893,788653525,788.65,304.5,194879.75,80948068788,2292194046,2.29,0.55,1858316.72
4188.87,4185.81,8492380335,788967950,788.97,304.62,194957.45,81035130544,2294659360,2.29,0.55,1860315.39
4188.88,4185.82,8495955837,789300125,789.3,304.75,195039.53,81118080259,2297008235,2.3,0.55,1862219.66
4188.89,4185.83,8499409707,789621000,789.62,304.87,195118.82,81205214069,2299475589,2.3,0.55,1864219.98
4188.9,4185.84,8503023421,789956725,789.96,305,195201.78,81288232981,2301826423,2.3,0.55,1866125.84
4188.91,4185.85,8506333323,790264225,790.26,305.12,195277.76,81375438328,2304295803,2.3,0.55,1868127.8
4188.92,4185.86,8509627080,790570225,790.57,305.24,195353.38,81458522944,2306648498,2.31,0.55,1870035.17
4188.93,4185.87,8513008293,790884350,790.88,305.36,195431,81545797058,2309119826,2.31,0.55,1872038.71
4188.94,4185.88,8516595367,791217600,791.22,305.49,195513.34,81628948450,2311474411,2.31,0.55,1873947.61
4188.95,4185.89,8520640982,791593450,791.59,305.64,195606.22,81716295340,2313947799,2.31,0.56,1875952.82
4188.96,4185.9,8524861512,791985550,791.99,305.79,195703.11,81799523905,2316304570,2.32,0.56,1877863.49
4188.97,4185.91,8528816441,792352975,792.35,305.93,195793.9,81886955990,2318780371,2.32,0.56,1879870.66
4188.98,4185.92,8532994453,792741125,792.74,306.08,195889.81,81970264330,2321139400,2.32,0.56,1881783.16
4188.99,4185.93,8537256154,793137050,793.14,306.23,195987.65,82057782483,2323617638,2.32,0.56,1883792.31
4189,4185.94,8541029712,793487625,793.49,306.37,196074.28,82141171170,2325978943,2.33,0.56,1885706.65
4189.01,4185.95,8544800310,793837925,793.84,306.5,196160.84,82224596211,2328341277,2.33,0.56,1887621.83
4189.02,4185.96,8548893556,794218200,794.22,306.65,196254.81,82312232988,2330822874,2.33,0.56,1889633.7
4189.03,4185.97,8553169520,794615450,794.62,306.8,196352.97,82395737247,2333187451,2.33,0.56,1891550.7
4189.04,4185.98,8557941699,795058800,795.06,306.97,196462.52,82483463752,2335671589,2.34,0.56,1893564.63
4189.05,4185.99,8562421370,795474975,795.47,307.13,196565.36,82567057636,2338038705,2.34,0.56,1895483.69
4189.06,4186,8566785059,795880375,795.88,307.29,196665.54,82654876550,2340525459,2.34,0.56,1897499.74
4189.07,4186.01,8571339539,796303500,796.3,307.45,196770.09,82738557000,2342895026,2.34,0.56,1899420.78
4189.08,4186.02,8576267257,796761300,796.76,307.63,196883.22,82826469815,2345384440,2.35,0.56,1901438.98
4189.09,4186.03,8580814471,797183750,797.18,307.79,196987.61,82910243437,2347756644,2.35,0.56,1903362.17
4189.1,4186.04,8585843370,797650950,797.65,307.97,197103.05,82998253468,2350248811,2.35,0.56,1905382.61
4189.11,4186.05,8590733145,798105225,798.11,308.15,197215.31,83082121118,2352623678,2.35,0.56,1907307.95
4189.12,4186.06,8596786230,798667575,798.67,308.37,197354.27,83170238271,2355118878,2.36,0.57,1909330.84
4189.13,4186.07,8601550068,799110150,799.11,308.54,197463.63,83254212578,2357496766,2.36,0.57,1911258.63
4189.14,4186.08,8606624444,799581575,799.58,308.72,197580.12,83342436266,2359994982,2.36,0.57,1913283.98
4189.15,4186.09,8611043568,799992125,799.99,308.88,197681.57,83426504278,2362375523,2.36,0.57,1915213.92
4189.16,4186.1,8616574872,800506000,800.51,309.08,197808.55,83514826516,2364876531,2.36,0.57,1917241.52
4189.17,4186.11,8621729440,800984875,800.98,309.26,197926.88,83598995580,2367259933,2.37,0.57,1919173.78
4189.18,4186.12,8626422235,801420850,801.42,309.43,198034.61,83687425899,2369764001,2.37,0.57,1921203.87
4189.19,4186.13,8632939514,802026325,802.03,309.66,198184.23,83771698307,2372150330,2.37,0.57,1923138.5
4189.2,4186.14,8639602375,802645325,802.65,309.9,198337.19,83860253460,2374657932,2.37,0.57,1925171.45
4189.21,4186.15,8646604029,803295800,803.3,310.15,198497.92,83944658483,2377048016,2.38,0.57,1927109.13
4189.22,4186.16,8651657954,803765325,803.77,310.34,198613.94,84033347859,2379559420,2.38,0.57,1929145.16
4189.23,4186.17,8656123094,804180150,804.18,310.5,198716.45,84117857540,2381952468,2.38,0.57,1931085.24
4189.24,4186.18,8660534144,804589950,804.59,310.65,198817.71,84206636332,2384466403,2.38,0.57,1933123.33
4189.25,4186.19,8664652685,804972575,804.97,310.8,198912.26,84291232076,2386861888,2.39,0.57,1935065.39
4189.26,4186.2,8667775834,805262725,805.26,310.91,198983.96,84375862377,2389258351,2.39,0.57,1937008.23
4189.27,4186.21,8671710043,805628225,805.63,311.05,199074.27,84464759678,2391775642,2.39,0.57,1939049.04
4189.28,4186.22,8674931412,805927500,805.93,311.17,199148.23,84549459105,2394174063,2.39,0.57,1940993.48
4189.29,4186.23,8678522522,806261125,806.26,311.3,199230.67,84638428672,2396693401,2.4,0.57,1943035.94
4189.3,4186.24,8681735549,806559625,806.56,311.41,199304.43,84723194588,2399093704,2.4,0.58,1944981.91
4189.31,4186.25,8685636659,806922050,806.92,311.55,199393.98,84812235934,2401615074,2.4,0.58,1947026.02
4189.32,4186.26,8689088915,807242775,807.24,311.68,199473.24,84897072388,2404017375,2.4,0.58,1948973.6
4189.33,4186.27,8692662802,807574800,807.57,311.81,199555.28,84986186584,2406540808,2.41,0.58,1951019.39
4189.34,4186.28,8696156229,807899350,807.9,311.93,199635.48,85071091700,2408945053,2.41,0.58,1952968.55
4189.35,4186.29,8700215569,808276475,808.28,312.08,199728.67,85160280321,2411470594,2.41,0.58,1955016.04
4189.36,4186.3,8704253381,808651600,808.65,312.22,199821.36,85245261000,2413876978,2.41,0.58,1956966.93
4189.37,4186.31,8708297651,809027325,809.03,312.37,199914.21,85334532934,2416404878,2.42,0.58,1959016.34
4189.38,4186.32,8712340845,809402950,809.4,312.51,200007.02,85419593586,2418813528,2.42,0.58,1960969.07
4189.39,4186.33,8716920081,809828375,809.83,312.68,200112.15,85508950265,2421343827,2.42,0.58,1963020.42
4189.4,4186.34,8721916958,810292600,810.29,312.86,200226.86,85594100091,2423755001,2.42,0.58,1964975.2
4189.41,4186.35,8726114075,810682525,810.68,313.01,200323.21,85683554547,2426288070,2.43,0.58,1967028.79
4189.42,4186.36,8729607503,811007075,811.01,313.13,200403.41,85768785998,2428701555,2.43,0.58,1968985.44
4189.43,4186.37,8734423276,811454475,811.45,313.3,200513.97,85858320022,2431236877,2.43,0.58,1971040.87
4189.44,4186.38,8738572764,811839975,811.84,313.45,200609.22,85943637449,2433652797,2.43,0.58,1972999.49
4189.45,4186.39,8742447233,812199925,812.2,313.59,200698.17,86033260861,2436190650,2.44,0.58,1975056.97
4189.46,4186.4,8746084628,812537850,812.54,313.72,200781.67,86118652683,2438608677,2.44,0.59,1977017.3
4189.47,4186.41,8750465539,812944850,812.94,313.88,200882.24,86208353666,2441148726,2.44,0.59,1979076.55
4189.48,4186.42,8754455452,813315525,813.32,314.02,200973.84,86293826450,2443569045,2.44,0.59,1981038.74
4189.49,4186.43,8758547621,813695700,813.7,314.17,201067.78,86383613149,2446111522,2.45,0.59,1983099.97
4189.5,4186.44,8762416171,814055100,814.06,314.31,201156.59,86469163436,2448534036,2.45,0.59,1985063.94
4189.51,4186.45,8766754834,814458175,814.46,314.46,201256.19,86554753178,2450957668,2.45,0.59,1987028.81
4189.52,4186.46,8770522741,814808225,814.81,314.6,201342.69,86644665239,2453503694,2.45,0.59,1989092.92
4189.53,4186.47,8774210456,815150825,815.15,314.73,201427.35,86730332046,2455929507,2.46,0.59,1991059.56
4189.54,4186.48,8778689320,815566925,815.57,314.89,201530.17,86820323540,2458477783,2.46,0.59,1993125.49
4189.55,4186.49,8782150455,815888475,815.89,315.02,201609.63,86906068972,2460905823,2.46,0.59,1995093.93
4189.56,4186.5,8786278953,816272025,816.27,315.16,201704.4,86996140248,2463456358,2.46,0.59,1997161.69
4189.57,4186.51,8789874368,816606050,816.61,315.29,201786.94,87081960897,2465886528,2.47,0.59,1999131.87
4189.58,4186.52,8793509071,816943725,816.94,315.42,201870.38,87172109377,2468439248,2.47,0.59,2001201.4
4189.59,4186.53,8797182794,817285025,817.29,315.56,201954.72,87258000145,2470871404,2.47,0.59,2003173.18
4189.6,4186.54,8801039503,817643325,817.64,315.69,202043.26,87348224620,2473426277,2.47,0.59,2005244.46
4189.61,4186.55,8804569797,817971300,817.97,315.82,202124.3,87434188918,2475860514,2.48,0.59,2007217.93
4189.62,4186.56,8808296262,818317500,818.32,315.95,202209.85,87524488453,2478417513,2.48,0.59,2009290.93
4189.63,4186.57,8811701156,818633825,818.63,316.08,202288.01,87610523398,2480853751,2.48,0.6,2011266.02
4189.64,4186.58,8815478482,818984750,818.98,316.21,202374.73,87700895977,2483412817,2.48,0.6,2013340.7
4189.65,4186.59,8819104574,819321625,819.32,316.34,202457.97,87787001279,2485851048,2.49,0.6,2015317.41
4189.66,4186.6,8822905849,819674775,819.67,316.48,202545.24,87877449189,2488412248,2.49,0.6,2017393.81
4189.67,4186.61,8826228130,819983425,819.98,316.6,202621.51,87963626666,2490852522,2.49,0.6,2019372.18
4189.68,4186.62,8829411287,820279150,820.28,316.71,202694.58,88054145699,2493415736,2.49,0.6,2021450.22
4189.69,4186.63,8832358177,820552925,820.55,316.82,202762.23,88140384064,2495857734,2.5,0.6,2023429.98
4189.7,4186.64,8835858331,820878100,820.88,316.94,202842.58,88230967079,2498422759,2.5,0.6,2025509.49
4189.71,4186.65,8839225014,821190875,821.19,317.06,202919.87,88317270629,2500866604,2.5,0.6,2027490.75
4189.72,4186.66,8842531418,821498050,821.5,317.18,202995.78,88407923282,2503433601,2.5,0.6,2029571.85
4189.73,4186.67,8845646224,821787425,821.79,317.29,203067.28,88494290334,2505879244,2.51,0.6,2031554.57
4189.74,4186.68,8848998913,822098900,822.1,317.41,203144.25,88585008500,2508448096,2.51,0.6,2033637.18
4189.75,4186.69,8852078199,822384975,822.38,317.52,203214.94,88671438791,2510895529,2.51,0.6,2035621.35
4189.76,4186.7,8855160983,822671375,822.67,317.64,203285.71,88757899029,2513343811,2.51,0.6,2037606.21
4189.77,4186.71,8858263949,822959650,822.96,317.75,203356.94,88848714239,2515915411,2.52,0.6,2039691.05
4189.78,4186.72,8861577619,823267500,823.27,317.87,203433.02,88935235464,2518365419,2.52,0.6,2041677.31
4189.79,4186.73,8864953181,823581100,823.58,317.99,203510.51,89026118552,2520938942,2.52,0.6,2043763.7
4189.8,4186.74,8867868048,823851900,823.85,318.09,203577.42,89112703800,2523390763,2.52,0.61,2045751.43
4189.81,4186.75,8871038558,824146450,824.15,318.2,203650.21,89203649486,2525966058,2.53,0.61,2047839.26
4189.82,4186.76,8874660076,824482900,824.48,318.33,203733.35,89290297683,2528419662,2.53,0.61,2049828.43
4189.83,4186.77,8877826280,824777050,824.78,318.45,203806.03,89381313094,2530996931,2.53,0.61,2051917.87
4189.84,4186.78,8880780704,825051525,825.05,318.55,203873.86,89468024398,2533452322,2.53,0.61,2053908.49
4189.85,4186.79,8884033289,825353700,825.35,318.67,203948.53,89559102547,2536031368,2.54,0.61,2055999.36
4189.86,4186.8,8887621708,825687075,825.69,318.8,204030.9,89645877902,2538488572,2.54,0.61,2057991.45
4189.87,4186.81,8891265560,826025600,826.03,318.93,204114.55,89737028892,2541069681,2.54,0.61,2060084
4189.88,4186.82,8894377407,826314700,826.31,319.04,204185.99,89823872312,2543528813,2.54,0.61,2062077.65
4189.89,4186.83,8897681389,826621650,826.62,319.16,204261.84,89915090513,2546111824,2.55,0.61,2064171.74
4189.9,4186.84,8901114538,826940600,826.94,319.28,204340.66,90001997246,2548572749,2.55,0.61,2066166.85
4189.91,4186.85,8904459693,827251375,827.25,319.4,204417.45,90093284635,2551157720,2.55,0.61,2068262.53
4189.92,4186.86,8907967920,827577300,827.58,319.53,204497.99,90180258032,2553620532,2.55,0.61,2070259.17
4189.93,4186.87,8911264906,827883600,827.88,319.65,204573.67,90271615931,2556207500,2.56,0.61,2072356.46
4189.94,4186.88,8914392629,828174175,828.17,319.76,204645.48,90358654516,2558672158,2.56,0.61,2074354.6
4189.95,4186.89,8917787028,828489525,828.49,319.88,204723.4,90450078043,2561260984,2.56,0.61,2076453.4
4189.96,4186.9,8921379483,828823275,828.82,320.01,204805.87,90537182034,2563727495,2.56,0.62,2078453.03
4189.97,4186.91,8924743744,829135825,829.14,320.13,204883.1,90628677445,2566318356,2.57,0.62,2080553.49
4189.98,4186.92,8928394055,829474950,829.47,320.26,204966.9,90715850382,2568786819,2.57,0.62,2082554.71
4189.99,4186.93,8931840659,829795150,829.8,320.39,205046.03,90807418249,2571379732,2.57,0.62,2084656.82
4190,4186.94,8934813113,830071300,830.07,320.49,205114.26,90894656827,2573850053,2.57,0.62,2086659.55
4190.01,4186.95,8937916348,830359600,830.36,320.6,205185.5,90981925045,2576321214,2.58,0.62,2088662.96
4190.02,4186.96,8941550513,830697225,830.7,320.73,205268.93,91073590592,2578916893,2.58,0.62,2090767.31
4190.03,4186.97,8944790450,830998225,831,320.85,205343.31,91160926124,2581389960,2.58,0.62,2092772.26
4190.04,4186.98,8948001863,831296575,831.3,320.97,205417.04,91252660812,2583987597,2.58,0.62,2094878.21
4190.05,4186.99,8951216236,831595200,831.6,321.08,205490.83,91340058027,2586462411,2.59,0.62,2096884.58
4190.06,4187,8955142103,831959925,831.96,321.22,205580.95,91431861289,2589061990,2.59,0.62,2098992.1
4190.07,4187.01,8959116408,832329150,832.33,321.36,205672.19,91519333079,2591538915,2.59,0.62,2101000.18
4190.08,4187.02,8962953204,832685600,832.69,321.5,205760.27,91611218175,2594140811,2.59,0.62,2103109.57
4190.09,4187.03,8966980790,833059775,833.06,321.65,205852.73,91698765012,2596619862,2.6,0.62,2105119.38
4190.1,4187.04,8971554375,833484675,833.48,321.81,205957.72,91790733624,2599224123,2.6,0.62,2107230.69
4190.11,4187.05,8976036737,833901100,833.9,321.97,206060.63,91878367921,2601705650,2.6,0.62,2109242.5
4190.12,4187.06,8980357101,834302475,834.3,322.13,206159.81,91970429129,2604312533,2.6,0.62,2111355.94
4190.13,4187.07,8984373116,834675575,834.68,322.27,206252,92058147286,2606796434,2.61,0.63,2113369.68
4190.14,4187.08,8988804349,835087250,835.09,322.43,206353.73,92150293126,2609405714,2.61,0.63,2115485.06
4190.15,4187.09,8993337570,835508400,835.51,322.59,206457.8,92238096187,2611892020,2.61,0.63,2117500.75
4190.16,4187.1,9000983714,836218750,836.22,322.87,206633.33,92330344738,2614504208,2.61,0.63,2119618.49
4190.17,4187.11,9005463115,836634900,836.63,323.03,206736.16,92418267288,2616993897,2.62,0.63,2121636.92
4190.18,4187.12,9009284572,836989925,836.99,323.16,206823.89,92510627503,2619609247,2.62,0.63,2123757.22
4190.19,4187.13,9012928425,837328450,837.33,323.29,206907.54,92598625753,2622101080,2.62,0.63,2125777.39
4190.2,4187.14,9017635483,837765750,837.77,323.46,207015.6,92691067945,2624718751,2.62,0.63,2127899.58
4190.21,4187.15,9022177584,838187725,838.19,323.63,207119.87,92779148954,2627212928,2.63,0.63,2129921.64
4190.22,4187.16,9026437940,838583525,838.58,323.78,207217.67,92871684275,2629833236,2.63,0.63,2132045.97
4190.23,4187.17,9030140994,838927550,838.93,323.91,207302.68,92959850471,2632329825,2.63,0.63,2134069.99
4190.24,4187.18,9033575489,839246625,839.25,324.03,207381.53,93052462009,2634952292,2.63,0.63,2136196.07
4190.25,4187.19,9039345214,839782650,839.78,324.24,207513.98,93140709027,2637451169,2.64,0.63,2138221.94
4190.26,4187.2,9042910490,840113875,840.11,324.37,207595.83,93229000363,2639951301,2.64,0.63,2140248.84
4190.27,4187.21,9047145013,840507275,840.51,324.52,207693.04,93321746858,2642577589,2.64,0.63,2142378.01
4190.28,4187.22,9050583006,840826675,840.83,324.64,207771.97,93410113851,2645079864,2.65,0.63,2144406.64
4190.29,4187.23,9054051676,841148925,841.15,324.77,207851.59,93502935018,2647708267,2.65,0.64,2146537.53
4190.3,4187.24,9057270892,841448000,841.45,324.88,207925.5,93591368914,2650212436,2.65,0.64,2148567.7
4190.31,4187.25,9060444093,841742800,841.74,325,207998.34,93684256975,2652842733,2.65,0.64,2150700.12
4190.32,4187.26,9063321017,842010075,842.01,325.1,208064.39,93772751180,2655348610,2.66,0.64,2152731.67
4190.33,4187.27,9066553420,842310375,842.31,325.22,208138.59,93865701090,2657980658,2.66,0.64,2154865.51
4190.34,4187.28,9069571620,842590775,842.59,325.33,208207.88,93954255795,2660488248,2.66,0.64,2156898.45
4190.35,4187.29,9072876141,842897775,842.9,325.44,208283.74,94047270118,2663122120,2.66,0.64,2159033.78
4190.36,4187.3,9075965652,843184800,843.18,325.56,208354.67,94135886860,2665631467,2.67,0.64,2161068.14
4190.37,4187.31,9079696961,843531450,843.53,325.69,208440.33,94228968477,2668267245,2.67,0.64,2163205.01
4190.38,4187.32,9083062567,843844125,843.84,325.81,208517.59,94317653761,2670778532,2.67,0.64,2165240.95
4190.39,4187.33,9086674397,844179675,844.18,325.94,208600.51,94410808112,2673416370,2.67,0.64,2167379.48
4190.4,4187.34,9089637702,844454975,844.45,326.05,208668.53,94499559327,2675929524,2.68,0.64,2169416.93
4190.41,4187.35,9092818168,844750450,844.75,326.16,208741.55,94592779237,2678569218,2.68,0.64,2171556.97
4190.42,4187.36,9095669259,845015325,845.02,326.26,208807,94681589597,2681084048,2.68,0.64,2173595.78
4190.43,4187.37,9098805324,845306675,845.31,326.37,208878.99,94774870861,2683725479,2.68,0.64,2175737.23
4190.44,4187.38,9101686016,845574300,845.57,326.48,208945.12,94863739880,2686241969,2.69,0.64,2177777.39
4190.45,4187.39,9104671656,845851675,845.85,326.59,209013.66,94957082260,2688885131,2.69,0.65,2179920.24
4190.46,4187.4,9107713537,846134275,846.13,326.69,209083.5,95046008997,2691403256,2.69,0.65,2181961.72
4190.47,4187.41,9111010791,846440600,846.44,326.81,209159.19,95139414288,2694048199,2.69,0.65,2184106.02
4190.48,4187.42,9113992126,846717575,846.72,326.92,209227.63,95228403391,2696568090,2.7,0.65,2186148.93
4190.49,4187.43,9116856940,846983725,846.98,327.02,209293.4,95321871256,2699214805,2.7,0.65,2188294.67
4190.5,4187.44,9119683812,847246350,847.25,327.12,209358.3,95410915864,2701736268,2.7,0.65,2190338.85
4190.51,4187.45,9122421882,847500725,847.5,327.22,209421.15,95499988598,2704258527,2.7,0.65,2192383.69
4190.52,4187.46,9125264093,847764775,847.76,327.32,209486.4,95593543490,2706907706,2.71,0.65,2194531.42
4190.53,4187.47,9127821598,848002375,848,327.42,209545.11,95682669592,2709431476,2.71,0.65,2196577.48
4190.54,4187.48,9130839529,848282750,848.28,327.52,209614.39,95776279890,2712082225,2.71,0.65,2198726.48
4190.55,4187.49,9133633571,848542325,848.54,327.62,209678.54,95865461667,2714607571,2.71,0.65,2200773.82
4190.56,4187.5,9136459636,848804875,848.8,327.73,209743.41,95959131613,2717260009,2.72,0.65,2202924.19
4190.57,4187.51,9139006646,849041500,849.04,327.82,209801.88,96048366878,2719786870,2.72,0.65,2204972.75
4190.58,4187.52,9141758440,849297150,849.3,327.92,209865.06,96142091265,2722440849,2.72,0.65,2207124.37
4190.59,4187.53,9144760494,849576050,849.58,328.02,209933.97,96231380548,2724969240,2.72,0.65,2209174.18
4190.6,4187.54,9147680474,849847325,849.85,328.13,210001.01,96325165198,2727624926,2.73,0.65,2211327.18
4190.61,4187.55,9150226677,850083875,850.08,328.22,210059.46,96414509785,2730154883,2.73,0.65,2213378.26
4190.62,4187.56,9153021257,850343500,850.34,328.32,210123.61,96508349602,2732812131,2.73,0.66,2215532.53
4190.63,4187.57,9155463589,850570400,850.57,328.41,210179.68,96597746071,2735343557,2.74,0.66,2217584.8
4190.64,4187.58,9158266780,850830825,850.83,328.51,210244.03,96691639474,2738002322,2.74,0.66,2219740.3
4190.65,4187.59,9160727948,851059475,851.06,328.6,210300.54,96781087311,2740535202,2.74,0.66,2221793.74
4190.66,4187.6,9163406278,851308300,851.31,328.69,210362.02,96875034083,2743195479,2.74,0.66,2223950.47
4190.67,4187.61,9165879018,851538025,851.54,328.78,210418.79,96964532054,2745729779,2.75,0.66,2226005.07
4190.68,4187.62,9168810030,851810325,851.81,328.89,210486.07,97058532663,2748391580,2.75,0.66,2228163.03
4190.69,4187.63,9171466833,852057150,852.06,328.98,210547.06,97148084554,2750927407,2.75,0.66,2230218.86
4190.7,4187.64,9174236656,852314475,852.31,329.08,210610.65,97242141672,2753590808,2.75,0.66,2232378.12
4190.71,4187.65,9176750836,852548050,852.55,329.17,210668.37,97331745892,2756128117,2.76,0.66,2234435.16
4190.72,4187.66,9179428090,852796775,852.8,329.27,210729.83,97425856769,2758793040,2.76,0.66,2236595.65
4190.73,4187.67,9181862617,853022950,853.02,329.35,210785.72,97515511028,2761331766,2.76,0.66,2238653.84
4190.74,4187.68,9184554940,853273075,853.27,329.45,210847.53,97609674191,2763998170,2.76,0.66,2240815.53
4190.75,4187.69,9187101951,853509700,853.51,329.54,210906,97699379073,2766538329,2.77,0.66,2242874.88
4190.76,4187.7,9189720541,853752975,853.75,329.64,210966.11,97789108838,2769079193,2.77,0.66,2244934.79
4190.77,4187.71,9192311683,853993700,853.99,329.73,211025.59,97883351883,2771747859,2.77,0.66,2247098.32
4190.78,4187.72,9195050022,854248100,854.25,329.83,211088.46,97973133248,2774290184,2.77,0.67,2249159.42
4190.79,4187.73,9197627709,854487575,854.49,329.92,211147.63,98067430999,2776960399,2.78,0.67,2251324.21
4190.8,4187.74,9200201630,854726700,854.73,330.01,211206.72,98157263369,2779504169,2.78,0.67,2253386.48
4190.81,4187.75,9202617051,854951100,854.95,330.1,211262.17,98251613313,2782175862,2.78,0.67,2255552.46
4190.82,4187.76,9205080641,855179975,855.18,330.19,211318.73,98341493946,2784720998,2.78,0.67,2257615.84
4190.83,4187.77,9207581097,855412275,855.41,330.28,211376.13,98435893865,2787394106,2.79,0.67,2259782.97
4190.84,4187.78,9210293334,855664250,855.66,330.37,211438.4,98525824165,2789940648,2.79,0.67,2261847.49
4190.85,4187.79,9212909771,855907325,855.91,330.47,211498.46,98620278387,2792615294,2.79,0.67,2264015.87
4190.86,4187.8,9215557424,856153300,856.15,330.56,211559.24,98710260492,2795163303,2.8,0.67,2266081.58
4190.87,4187.81,9218159330,856395025,856.4,330.66,211618.97,98804768297,2797839466,2.8,0.67,2268251.19
4190.88,4187.82,9220927808,856652225,856.65,330.76,211682.53,98894802166,2800388942,2.8,0.67,2270318.08
4190.89,4187.83,9223594567,856899975,856.9,330.85,211743.75,98989365374,2803066674,2.8,0.67,2272488.96
4190.9,4187.84,9226325909,857153725,857.15,330.95,211806.45,99079452038,2805617644,2.81,0.67,2274557.07
4190.91,4187.85,9229061826,857407900,857.41,331.05,211869.26,99174070962,2808296953,2.81,0.67,2276729.23
4190.92,4187.86,9231989072,857679850,857.68,331.15,211936.46,99264211887,2810849460,2.81,0.67,2278798.59
4190.93,4187.87,9234729563,857934450,857.93,331.25,211999.37,99358888952,2813530416,2.81,0.68,2280972.08
4190.94,4187.88,9237603527,858201450,858.2,331.35,212065.35,99449085676,2816084503,2.82,0.68,2283042.71
4190.95,4187.89,9240734480,858492325,858.49,331.47,212137.22,99543822903,2818767162,2.82,0.68,2285217.59
4190.96,4187.9,9243730614,858770675,858.77,331.57,212206.01,99634078868,2821322927,2.82,0.68,2287289.59
4190.97,4187.91,9246885785,859063800,859.06,331.69,212278.44,99728878886,2824007364,2.82,0.68,2289465.9
4190.98,4187.92,9249976642,859350950,859.35,331.8,212349.39,99819195072,2826564834,2.83,0.68,2291539.28
4190.99,4187.93,9253477604,859676200,859.68,331.92,212429.77,99914061278,2829251146,2.83,0.68,2293717.11
4191,4187.94,9256934434,859997350,860,332.05,212509.12,1.00004E+11,2831810489,2.83,0.68,2295792.01
4191.01,4187.95,9260448851,860323850,860.32,332.17,212589.8,1.00095E+11,2834370808,2.83,0.68,2297867.7
4191.02,4187.96,9263774361,860632800,860.63,332.29,212666.15,1.0019E+11,2837060107,2.84,0.68,2300047.96
4191.03,4187.97,9267258639,860956500,860.96,332.42,212746.13,1.0028E+11,2839622309,2.84,0.68,2302125.17
4191.04,4187.98,9270472473,861255075,861.26,332.53,212819.91,1.00375E+11,2842313579,2.84,0.68,2304307.03
4191.05,4187.99,9274019720,861584625,861.58,332.66,212901.35,1.00466E+11,2844877618,2.84,0.68,2306385.73
4191.06,4188,9277629397,861919975,861.92,332.79,212984.21,1.00561E+11,2847570904,2.85,0.68,2308569.22
4191.07,4188.01,9281342408,862264925,862.26,332.92,213069.45,1.00652E+11,2850136952,2.85,0.68,2310649.56
4191.08,4188.02,9284960966,862601100,862.6,333.05,213152.52,1.00747E+11,2852832364,2.85,0.68,2312834.77
4191.09,4188.03,9288882797,862965450,862.97,333.19,213242.55,1.00838E+11,2855400464,2.86,0.69,2314916.76
4191.1,4188.04,9292925183,863341000,863.34,333.34,213335.35,1.00933E+11,2858098094,2.86,0.69,2317103.77
4191.11,4188.05,9297361529,863753150,863.75,333.5,213437.2,1.01024E+11,2860668489,2.86,0.69,2319187.63
4191.12,4188.06,9301806216,864166075,864.17,333.66,213539.23,1.01119E+11,2863368624,2.86,0.69,2321376.67
4191.13,4188.07,9306380878,864591075,864.59,333.82,213644.25,1.0121E+11,2865941491,2.87,0.69,2323462.54
4191.14,4188.08,9310364333,864961150,864.96,333.96,213735.7,1.01305E+11,2868644225,2.87,0.69,2325653.68
4191.15,4188.09,9314134392,865311400,865.31,334.1,213822.25,1.01396E+11,2871219329,2.87,0.69,2327741.36
4191.16,4188.1,9318645009,865730450,865.73,334.26,213925.8,1.01492E+11,2873924363,2.87,0.69,2329934.37
4191.17,4188.11,9322598593,866097750,866.1,334.4,214016.56,1.01583E+11,2876501777,2.88,0.69,2332023.92
4191.18,4188.12,9326695876,866478400,866.48,334.55,214110.62,1.01678E+11,2879209249,2.88,0.69,2334218.91
4191.19,4188.13,9330377133,866820400,866.82,334.68,214195.13,1.01769E+11,2881788875,2.88,0.69,2336310.25
4191.2,4188.14,9333822123,867140450,867.14,334.8,214274.21,1.01865E+11,2884498503,2.88,0.69,2338506.99
4191.21,4188.15,9338855058,867608025,867.61,334.99,214389.75,1.01956E+11,2887080226,2.89,0.69,2340600.03
4191.22,4188.16,9342547886,867951100,867.95,335.12,214474.53,1.02052E+11,2889792375,2.89,0.69,2342798.81
4191.23,4188.17,9345770601,868250500,868.25,335.23,214548.51,1.02143E+11,2892376317,2.89,0.69,2344893.65
4191.24,4188.18,9348745746,868526900,868.53,335.34,214616.81,1.02239E+11,2895090346,2.9,0.69,2347093.96
4191.25,4188.19,9353309644,868950900,868.95,335.5,214721.58,1.0233E+11,2897676200,2.9,0.7,2349190.35
4191.26,4188.2,9356502758,869247550,869.25,335.62,214794.89,1.02422E+11,2900263111,2.9,0.7,2351287.6
4191.27,4188.21,9359357616,869512775,869.51,335.72,214860.43,1.02518E+11,2902980244,2.9,0.7,2353490.42
4191.28,4188.22,9361901397,869749100,869.75,335.81,214918.82,1.02609E+11,2905568727,2.91,0.7,2355588.94
4191.29,4188.23,9364695709,870008700,870.01,335.91,214982.97,1.02705E+11,2908287412,2.91,0.7,2357793.02
4191.3,4188.24,9367270705,870247925,870.25,336,215042.09,1.02797E+11,2910877379,2.91,0.7,2359892.75
4191.31,4188.25,9370024652,870503775,870.5,336.1,215105.31,1.02893E+11,2913597615,2.91,0.7,2362098.08
4191.32,4188.26,9372493354,870733125,870.73,336.19,215161.98,1.02984E+11,2916189038,2.92,0.7,2364198.99
4191.33,4188.27,9375195365,870984150,870.98,336.29,215224.01,1.0308E+11,2918910782,2.92,0.7,2366405.55
4191.34,4188.28,9377650882,871212275,871.21,336.38,215280.38,1.03172E+11,2921503629,2.92,0.7,2368507.61
4191.35,4188.29,9380375766,871465425,871.47,336.47,215342.93,1.03268E+11,2924226873,2.92,0.7,2370715.39
4191.36,4188.3,9382865997,871696775,871.7,336.56,215400.1,1.0336E+11,2926821164,2.93,0.7,2372818.62
4191.37,4188.31,9385670264,871957300,871.96,336.66,215464.48,1.03456E+11,2929545926,2.93,0.7,2375027.62
4191.38,4188.32,9388181216,872190575,872.19,336.75,215522.12,1.03548E+11,2932141680,2.93,0.7,2377132.04
4191.39,4188.33,9391041456,872456300,872.46,336.86,215587.78,1.03644E+11,2934867999,2.93,0.7,2379342.31
4191.4,4188.34,9393601652,872694150,872.69,336.95,215646.56,1.03736E+11,2937465245,2.94,0.7,2381447.94
4191.41,4188.35,9396426102,872956550,872.96,337.05,215711.4,1.03832E+11,2940193132,2.94,0.71,2383659.48
4191.42,4188.36,9398945395,873190600,873.19,337.14,215769.23,1.03924E+11,2942791867,2.94,0.71,2385766.31
4191.43,4188.37,9401558603,873433375,873.43,337.23,215829.22,1.0402E+11,2945521280,2.95,0.71,2387979.09
4191.44,4188.38,9404029997,873662975,873.66,337.32,215885.96,1.04112E+11,2948121429,2.95,0.71,2390087.07
4191.45,4188.39,9406727971,873913625,873.91,337.42,215947.9,1.04208E+11,2950852322,2.95,0.71,2392301.04
4191.46,4188.4,9409213897,874144575,874.14,337.51,216004.96,1.043E+11,2953453897,2.95,0.71,2394410.18
4191.47,4188.41,9411967843,874400425,874.4,337.61,216068.19,1.04397E+11,2956186312,2.96,0.71,2396625.39
4191.48,4188.42,9414477718,874633600,874.63,337.7,216125.8,1.04489E+11,2958789338,2.96,0.71,2398735.7
4191.49,4188.43,9417068053,874874250,874.87,337.79,216185.27,1.04585E+11,2961523258,2.96,0.71,2400952.14
4191.5,4188.44,9419566626,875106375,875.11,337.88,216242.63,1.04677E+11,2964127689,2.96,0.71,2403063.59
4191.51,4188.45,9421998731,875332325,875.33,337.97,216298.46,1.04769E+11,2966732816,2.97,0.71,2405175.6
4191.52,4188.46,9424588528,875572925,875.57,338.06,216357.92,1.04866E+11,2969468930,2.97,0.71,2407393.81
4191.53,4188.47,9426869401,875784825,875.78,338.14,216410.28,1.04958E+11,2972075425,2.97,0.71,2409506.94
4191.54,4188.48,9429317921,876012300,876.01,338.23,216466.49,1.05055E+11,2974812937,2.97,0.71,2411726.28
4191.55,4188.49,9431580764,876222525,876.22,338.31,216518.44,1.05147E+11,2977420742,2.98,0.71,2413840.47
4191.56,4188.5,9434023634,876449475,876.45,338.4,216574.52,1.05243E+11,2980159611,2.98,0.71,2416060.91
4191.57,4188.51,9436440401,876674000,876.67,338.49,216630,1.05335E+11,2982768734,2.98,0.72,2418176.17
4191.58,4188.52,9438964538,876908500,876.91,338.58,216687.94,1.05432E+11,2985509034,2.99,0.72,2420397.77
4191.59,4188.53,9441277164,877123350,877.12,338.66,216741.03,1.05524E+11,2988119509,2.99,0.72,2422514.12
4191.6,4188.54,9443782733,877356125,877.36,338.75,216798.55,1.05621E+11,2990861202,2.99,0.72,2424736.85
4191.61,4188.55,9446124422,877573675,877.57,338.83,216852.31,1.05714E+11,2993473016,2.99,0.72,2426854.29
4191.62,4188.56,9448537421,877797850,877.8,338.92,216907.7,1.0581E+11,2996216107,3,0.72,2429078.16
4191.63,4188.57,9450744292,878002875,878,339,216958.37,1.05903E+11,2998829213,3,0.72,2431196.64
4191.64,4188.58,9453095399,878221300,878.22,339.08,217012.34,1.06E+11,3001573633,3,0.72,2433421.59
4191.65,4188.59,9455313572,878427375,878.43,339.16,217063.26,1.06092E+11,3004187997,3,0.72,2435541.09
4191.66,4188.6,9457759940,878654650,878.65,339.25,217119.42,1.06189E+11,3006933764,3.01,0.72,2437767.13
4191.67,4188.61,9460033547,878865875,878.87,339.33,217171.62,1.06281E+11,3009549429,3.01,0.72,2439887.69
4191.68,4188.62,9462503326,879095325,879.1,339.42,217228.32,1.06378E+11,3012296564,3.01,0.72,2442114.83
4191.69,4188.63,9464820527,879310600,879.31,339.5,217281.51,1.06471E+11,3014913544,3.01,0.72,2444236.46
4191.7,4188.64,9467262320,879537450,879.54,339.59,217337.57,1.06568E+11,3017662065,3.02,0.72,2446464.72
4191.71,4188.65,9469578983,879752675,879.75,339.67,217390.75,1.0666E+11,3020280368,3.02,0.72,2448587.42
4191.72,4188.66,9472008666,879978400,879.98,339.76,217446.53,1.06757E+11,3023030272,3.02,0.73,2450816.81
4191.73,4188.67,9474289808,880190325,880.19,339.84,217498.9,1.0685E+11,3025649876,3.03,0.73,2452940.56
4191.74,4188.68,9476787035,880422325,880.42,339.93,217556.22,1.06947E+11,3028401154,3.03,0.73,2455171.07
4191.75,4188.69,9479079479,880635300,880.64,340.02,217608.85,1.0704E+11,3031022081,3.03,0.73,2457295.89
4191.76,4188.7,9481513737,880861450,880.86,340.1,217664.73,1.07132E+11,3033643663,3.03,0.73,2459421.25
4191.77,4188.71,9490610049,881706525,881.71,340.43,217873.56,1.07229E+11,3036397950,3.04,0.73,2461654.19
4191.78,4188.72,9493122615,881939950,881.94,340.52,217931.24,1.07322E+11,3039022728,3.04,0.73,2463782.14
4191.79,4188.73,9495713757,882180675,882.18,340.61,217990.72,1.07419E+11,3041779490,3.04,0.73,2466017.09
4191.8,4188.74,9498300594,882421000,882.42,340.7,218050.11,1.07512E+11,3044405694,3.04,0.73,2468146.19
4191.81,4188.75,9500850833,882657925,882.66,340.8,218108.65,1.0761E+11,3047163953,3.05,0.73,2470382.35
4191.82,4188.76,9503279441,882883550,882.88,340.88,218164.4,1.07702E+11,3049791560,3.05,0.73,2472512.6
4191.83,4188.77,9505827796,883120300,883.12,340.97,218222.91,1.078E+11,3052551274,3.05,0.73,2474749.94
4191.84,4188.78,9508213348,883341925,883.34,341.06,218277.67,1.07893E+11,3055180258,3.06,0.73,2476881.3
4191.85,4188.79,9510812832,883583425,883.58,341.15,218337.35,1.0799E+11,3057941405,3.06,0.73,2479119.8
4191.86,4188.8,9513281535,883812775,883.81,341.24,218394.02,1.08083E+11,3060571768,3.06,0.73,2481252.27
4191.87,4188.81,9516000230,884065350,884.07,341.34,218456.43,1.08181E+11,3063334402,3.06,0.73,2483491.98
4191.88,4188.82,9518516294,884299100,884.3,341.43,218514.19,1.08274E+11,3065966210,3.07,0.74,2485625.63
4191.89,4188.83,9521334824,884560950,884.56,341.53,218578.9,1.08371E+11,3068730385,3.07,0.74,2487866.59
4191.9,4188.84,9523937537,884802750,884.8,341.62,218638.65,1.08464E+11,3071363677,3.07,0.74,2490001.44
4191.91,4188.85,9526769253,885065825,885.07,341.73,218703.65,1.08562E+11,3074129423,3.07,0.74,2492243.67
4191.92,4188.86,9529355821,885306125,885.31,341.82,218763.03,1.08655E+11,3076764218,3.08,0.74,2494379.74
4191.93,4188.87,9532125913,885563475,885.56,341.92,218826.62,1.08753E+11,3079531531,3.08,0.74,2496623.24
4191.94,4188.88,9534738583,885806200,885.81,342.01,218886.6,1.08846E+11,3082167804,3.08,0.74,2498760.51
4191.95,4188.89,9537509483,886063625,886.06,342.11,218950.21,1.08944E+11,3084936676,3.08,0.74,2501005.28
4191.96,4188.9,9540191849,886312825,886.31,342.21,219011.79,1.09037E+11,3087574447,3.09,0.74,2503143.76
4191.97,4188.91,9543125015,886585325,886.59,342.31,219079.13,1.09135E+11,3090344926,3.09,0.74,2505389.83
4191.98,4188.92,9546013780,886853700,886.85,342.42,219145.45,1.09228E+11,3092984279,3.09,0.74,2507529.59
4191.99,4188.93,9549087145,887139225,887.14,342.53,219216,1.09326E+11,3095756462,3.1,0.74,2509777.04
4192,4188.94,9551953305,887405500,887.41,342.63,219281.8,1.09419E+11,3098397464,3.1,0.74,2511918.14
4192.01,4188.95,9554906922,887679900,887.68,342.74,219349.6,1.09512E+11,3101039274,3.1,0.74,2514059.9
4192.02,4188.96,9557952033,887962800,887.96,342.84,219419.51,1.0961E+11,3103814043,3.1,0.74,2516309.45
4192.03,4188.97,9561008714,888246775,888.25,342.95,219489.68,1.09704E+11,3106457520,3.11,0.75,2518452.55
4192.04,4188.98,9564085309,888532600,888.53,343.06,219560.31,1.09802E+11,3109234067,3.11,0.75,2520703.54
4192.05,4188.99,9567280845,888829475,888.83,343.18,219633.67,1.09895E+11,3111879264,3.11,0.75,2522848.05
4192.06,4189,9570563299,889134425,889.13,343.3,219709.02,1.09993E+11,3114657648,3.11,0.75,2525100.52
4192.07,4189.01,9574005059,889454175,889.45,343.42,219788.03,1.10087E+11,3117304664,3.12,0.75,2527246.5
4192.08,4189.02,9577615544,889789600,889.79,343.55,219870.92,1.10185E+11,3120085048,3.12,0.75,2529500.6
4192.09,4189.03,9581174631,890120250,890.12,343.68,219952.62,1.10278E+11,3122734037,3.12,0.75,2531648.18
4192.1,4189.04,9584753631,890452750,890.45,343.81,220034.79,1.10377E+11,3125516502,3.13,0.75,2533903.96
4192.11,4189.05,9588202657,890773175,890.77,343.93,220113.96,1.1047E+11,3128167441,3.13,0.75,2536053.12
4192.12,4189.06,9591833324,891110475,891.11,344.06,220197.31,1.10569E+11,3130951953,3.13,0.75,2538310.57
4192.13,4189.07,9595336170,891435900,891.44,344.19,220277.73,1.10662E+11,3133604857,3.13,0.75,2540461.32
4192.14,4189.08,9599267150,891801100,891.8,344.33,220367.97,1.10761E+11,3136391474,3.14,0.75,2542720.47
4192.15,4189.09,9602874675,892136250,892.14,344.46,220450.79,1.10854E+11,3139046449,3.14,0.75,2544872.9
4192.16,4189.1,9606783319,892499375,892.5,344.6,220540.52,1.10953E+11,3141835272,3.14,0.75,2547133.84
4192.17,4189.11,9610373353,892832900,892.83,344.72,220622.93,1.11047E+11,3144492322,3.14,0.75,2549287.95
4192.18,4189.12,9614052457,893174700,893.17,344.86,220707.39,1.11145E+11,3147283287,3.15,0.76,2551550.63
4192.19,4189.13,9617419139,893487475,893.49,344.98,220784.68,1.11239E+11,3149942307,3.15,0.76,2553706.34
4192.2,4189.14,9620873009,893808350,893.81,345.1,220863.97,1.11338E+11,3152735290,3.15,0.76,2555970.65
4192.21,4189.15,9624251262,894122200,894.12,345.22,220941.52,1.11432E+11,3155396209,3.16,0.76,2558127.9
4192.22,4189.16,9628063839,894476400,894.48,345.36,221029.05,1.1153E+11,3158191216,3.16,0.76,2560393.85
4192.23,4189.17,9631775505,894821225,894.82,345.49,221114.26,1.11625E+11,3160854157,3.16,0.76,2562552.74
4192.24,4189.18,9635464835,895163975,895.16,345.62,221198.95,1.11723E+11,3163651315,3.16,0.76,2564820.44
4192.25,4189.19,9638594980,895454775,895.45,345.74,221270.81,1.11817E+11,3166316252,3.17,0.76,2566980.94
4192.26,4189.2,9641461948,895721125,895.72,345.84,221336.62,1.11912E+11,3168981999,3.17,0.76,2569142.1
4192.27,4189.21,9644512978,896004575,896,345.95,221406.67,1.1201E+11,3171781895,3.17,0.76,2571412.02
4192.28,4189.22,9647189425,896253225,896.25,346.05,221468.11,1.12105E+11,3174449257,3.17,0.76,2573574.49
4192.29,4189.23,9650032981,896517400,896.52,346.15,221533.39,1.12204E+11,3177250789,3.18,0.76,2575845.74
4192.3,4189.24,9652574609,896753525,896.75,346.24,221591.74,1.12298E+11,3179919668,3.18,0.76,2578009.44
4192.31,4189.25,9655047886,896983300,896.98,346.33,221648.51,1.12397E+11,3182722716,3.18,0.76,2580281.91
4192.32,4189.26,9657346520,897196850,897.2,346.41,221701.28,1.12491E+11,3185392944,3.19,0.76,2582446.71
4192.33,4189.27,9659894337,897433550,897.43,346.5,221759.77,1.1259E+11,3188197380,3.19,0.76,2584720.31
4192.34,4189.28,9662253248,897652700,897.65,346.59,221813.93,1.12684E+11,3190868958,3.19,0.77,2586886.2
4192.35,4189.29,9664723835,897882225,897.88,346.67,221870.64,1.12784E+11,3193674811,3.19,0.77,2589160.94
4192.36,4189.3,9667024621,898095975,898.1,346.76,221923.46,1.12878E+11,3196347717,3.2,0.77,2591327.91
4192.37,4189.31,9669502204,898326150,898.33,346.85,221980.34,1.12977E+11,3199154952,3.2,0.77,2593603.78
4192.38,4189.32,9671788996,898538600,898.54,346.93,222032.84,1.13072E+11,3201829175,3.2,0.77,2595771.81
4192.39,4189.33,9674400052,898781175,898.78,347.02,222092.78,1.13171E+11,3204637813,3.2,0.77,2598048.82
4192.4,4189.34,9676619570,898987375,898.99,347.1,222143.73,1.13265E+11,3207313378,3.21,0.77,2600217.94
4192.41,4189.35,9679022882,899210650,899.21,347.19,222198.9,1.13364E+11,3210123395,3.21,0.77,2602496.06
4192.42,4189.36,9681252626,899417800,899.42,347.27,222250.09,1.13459E+11,3212800237,3.21,0.77,2604666.22
4192.43,4189.37,9683696841,899644875,899.64,347.35,222306.2,1.13558E+11,3215611622,3.22,0.77,2606945.45
4192.44,4189.38,9686054138,899863875,899.86,347.44,222360.32,1.13653E+11,3218289787,3.22,0.77,2609116.68
4192.45,4189.39,9688529299,900093825,900.09,347.53,222417.14,1.13752E+11,3221102558,3.22,0.77,2611397.04
4192.46,4189.4,9691132282,900335650,900.34,347.62,222476.89,1.13847E+11,3223782091,3.22,0.77,2613569.38
4192.47,4189.41,9693677946,900572150,900.57,347.71,222535.33,1.13946E+11,3226596348,3.23,0.77,2615850.94
4192.48,4189.42,9696167639,900803450,900.8,347.8,222592.49,1.14041E+11,3229277297,3.23,0.77,2618024.42
4192.49,4189.43,9698731064,901041600,901.04,347.89,222651.34,1.1414E+11,3232093017,3.23,0.78,2620307.17
4192.5,4189.44,9701278074,901278225,901.28,347.99,222709.81,1.14235E+11,3234775364,3.23,0.78,2622481.79
4192.51,4189.45,9703742741,901507200,901.51,348.07,222766.39,1.1433E+11,3237458403,3.24,0.78,2624656.97
4192.52,4189.46,9706451748,901758875,901.76,348.17,222828.58,1.14429E+11,3240276342,3.24,0.78,2626941.52
4192.53,4189.47,9708974539,901993250,901.99,348.26,222886.49,1.14524E+11,3242960818,3.24,0.78,2629117.86
4192.54,4189.48,9711769120,902252875,902.25,348.36,222950.65,1.14624E+11,3245780289,3.25,0.78,2631403.65
4192.55,4189.49,9714387172,902496100,902.5,348.46,223010.75,1.14719E+11,3248466251,3.25,0.78,2633581.2
4192.56,4189.5,9717271362,902764050,902.76,348.56,223076.96,1.14818E+11,3251287293,3.25,0.78,2635868.26
4192.57,4189.51,9719820525,903000875,903,348.65,223135.48,1.14913E+11,3253974764,3.25,0.78,2638047.04
4192.58,4189.52,9722511233,903250850,903.25,348.75,223197.25,1.15013E+11,3256797368,3.26,0.78,2640335.37
4192.59,4189.53,9725136282,903494725,903.49,348.84,223257.52,1.15108E+11,3259486294,3.26,0.78,2642515.32
4192.6,4189.54,9727966383,903757650,903.76,348.94,223322.49,1.15207E+11,3262310465,3.26,0.78,2644804.92
4192.61,4189.55,9730509357,903993900,903.99,349.03,223380.86,1.15302E+11,3265000898,3.27,0.78,2646986.09
4192.62,4189.56,9733248772,904248400,904.25,349.13,223443.75,1.15402E+11,3267826611,3.27,0.78,2649276.94
4192.63,4189.57,9735758109,904481525,904.48,349.22,223501.36,1.15497E+11,3270518498,3.27,0.78,2651459.29
4192.64,4189.58,9738434824,904730200,904.73,349.32,223562.81,1.15597E+11,3273345734,3.27,0.79,2653751.38
4192.65,4189.59,9740937433,904962700,904.96,349.41,223620.26,1.15692E+11,3276039051,3.28,0.79,2655934.89
4192.66,4189.6,9743726093,905221775,905.22,349.51,223684.28,1.15792E+11,3278867807,3.28,0.79,2658228.21
4192.67,4189.61,9746252921,905456525,905.46,349.6,223742.29,1.15887E+11,3281562589,3.28,0.79,2660412.91
4192.68,4189.62,9748994489,905711225,905.71,349.7,223805.22,1.15987E+11,3284392880,3.28,0.79,2662707.47
4192.69,4189.63,9751609581,905954175,905.95,349.79,223865.26,1.16082E+11,3287089135,3.29,0.79,2664893.36
4192.7,4189.64,9754310785,906205125,906.21,349.89,223927.27,1.16182E+11,3289920973,3.29,0.79,2667189.18
4192.71,4189.65,9756843533,906440425,906.44,349.98,223985.41,1.16278E+11,3292618686,3.29,0.79,2669376.25
4192.72,4189.66,9759692471,906705100,906.71,350.08,224050.81,1.16378E+11,3295452058,3.3,0.79,2671673.31
4192.73,4189.67,9762272580,906944800,906.94,350.17,224110.04,1.16473E+11,3298151260,3.3,0.79,2673861.6
4192.74,4189.68,9764991275,907197375,907.2,350.27,224172.46,1.16573E+11,3300986189,3.3,0.79,2676159.92
4192.75,4189.69,9767644310,907443850,907.44,350.37,224233.36,1.16669E+11,3303686857,3.3,0.79,2678349.39
4192.76,4189.7,9770236259,907684650,907.68,350.46,224292.86,1.16764E+11,3306388275,3.31,0.79,2680539.47
4192.77,4189.71,9773101881,907950875,907.95,350.56,224358.65,1.16864E+11,3309225556,3.31,0.79,2682839.7
4192.78,4189.72,9775858519,908206975,908.21,350.66,224421.93,1.1696E+11,3311928497,3.31,0.79,2685031.01
4192.79,4189.73,9778895825,908489150,908.49,350.77,224491.66,1.1706E+11,3314767442,3.31,0.8,2687332.59
4192.8,4189.74,9781660536,908746000,908.75,350.87,224555.13,1.17155E+11,3317471989,3.32,0.8,2689525.21
4192.81,4189.75,9784587512,909017925,909.02,350.97,224622.32,1.17256E+11,3320312587,3.32,0.8,2691828.12
4192.82,4189.76,9787515026,909289900,909.29,351.08,224689.53,1.17351E+11,3323018730,3.32,0.8,2694022.04
4192.83,4189.77,9790498782,909567100,909.57,351.19,224758.03,1.17452E+11,3325861032,3.33,0.8,2696326.33
4192.84,4189.78,9793306279,909827925,909.83,351.29,224822.48,1.17547E+11,3328568795,3.33,0.8,2698521.56
4192.85,4189.79,9796510426,910125600,910.13,351.4,224896.03,1.17648E+11,3331412801,3.33,0.8,2700827.24
4192.86,4189.8,9799376048,910391825,910.39,351.5,224961.82,1.17743E+11,3334122236,3.33,0.8,2703023.82
4192.87,4189.81,9802576966,910689200,910.69,351.62,225035.3,1.17844E+11,3336968025,3.34,0.8,2705330.94
4192.88,4189.82,9805549689,910965375,910.97,351.73,225103.55,1.1794E+11,3339679148,3.34,0.8,2707528.89
4192.89,4189.83,9808976380,911283725,911.28,351.85,225182.21,1.1804E+11,3342526773,3.34,0.8,2709837.5
4192.9,4189.84,9811991621,911563850,911.56,351.96,225251.43,1.18136E+11,3345239669,3.35,0.8,2712036.89
4192.91,4189.85,9815295334,911870775,911.87,352.08,225327.27,1.18237E+11,3348089130,3.35,0.8,2714346.99
4192.92,4189.86,9818539845,912172200,912.17,352.19,225401.76,1.18333E+11,3350803813,3.35,0.8,2716547.83
4192.93,4189.87,9821948507,912488875,912.49,352.31,225480.01,1.18433E+11,3353655189,3.35,0.8,2718859.48
4192.94,4189.88,9825122246,912783725,912.78,352.43,225552.87,1.18529E+11,3356371687,3.36,0.81,2721061.79
4192.95,4189.89,9828719814,913117950,913.12,352.56,225635.46,1.1863E+11,3359224996,3.36,0.81,2723375.01
4192.96,4189.9,9832074117,913429575,913.43,352.68,225712.46,1.18726E+11,3361943388,3.36,0.81,2725578.85
4192.97,4189.91,9835726043,913768850,913.77,352.81,225796.3,1.18827E+11,3364798720,3.36,0.81,2727893.71
4192.98,4189.92,9839189600,914090625,914.09,352.93,225875.81,1.18923E+11,3367519059,3.37,0.81,2730099.13
4192.99,4189.93,9842720432,914418650,914.42,353.06,225956.87,1.19024E+11,3370376446,3.37,0.81,2732415.66
4193,4189.94,9846045404,914727550,914.73,353.18,226033.2,1.1912E+11,3373098711,3.37,0.81,2734622.64
4193.01,4189.95,9849624673,915060075,915.06,353.31,226115.36,1.19216E+11,3375821920,3.38,0.81,2736830.39
4193.02,4189.96,9853474117,915417700,915.42,353.44,226203.74,1.19317E+11,3378682390,3.38,0.81,2739149.41
4193.03,4189.97,9857304992,915773600,915.77,353.58,226291.68,1.19413E+11,3381407691,3.38,0.81,2741358.86
4193.04,4189.98,9861033880,916120025,916.12,353.72,226377.28,1.19514E+11,3384270358,3.38,0.81,2743679.67
4193.05,4189.99,9865001727,916488650,916.49,353.86,226468.37,1.19611E+11,3386997761,3.39,0.81,2745890.81
4193.06,4190,9868834217,916844700,916.84,354,226556.35,1.19712E+11,3389862665,3.39,0.81,2748213.43
4193.07,4190.01,9872763582,917209750,917.21,354.14,226646.56,1.19808E+11,3392592230,3.39,0.81,2750426.33
4193.08,4190.02,9876778521,917582750,917.58,354.28,226738.73,1.1991E+11,3395459404,3.4,0.81,2752750.8
4193.09,4190.03,9880596480,917937450,917.94,354.42,226826.38,1.20006E+11,3398191144,3.4,0.82,2754965.46
4193.1,4190.04,9884731974,918321650,918.32,354.57,226921.31,1.20107E+11,3401060630,3.4,0.82,2757291.8
4193.11,4190.05,9888834370,918702775,918.7,354.71,227015.49,1.20204E+11,3403794605,3.4,0.82,2759508.27
4193.12,4190.06,9893450204,919131600,919.13,354.88,227121.46,1.20305E+11,3406666556,3.41,0.82,2761836.61
4193.13,4190.07,9897495012,919507375,919.51,355.02,227214.31,1.20402E+11,3409402946,3.41,0.82,2764055.04
4193.14,4190.08,9901527980,919882050,919.88,355.17,227306.9,1.20503E+11,3412277323,3.41,0.82,2766385.34
4193.15,4190.09,9905416174,920243275,920.24,355.31,227396.16,1.206E+11,3415015933,3.42,0.82,2768605.57
4193.16,4190.1,9909303829,920604450,920.6,355.45,227485.4,1.20702E+11,3417892582,3.42,0.82,2770937.72
4193.17,4190.11,9913160807,920962775,920.96,355.59,227573.95,1.20799E+11,3420633319,3.42,0.82,2773159.67
4193.18,4190.12,9916913106,921311375,921.31,355.72,227660.09,1.209E+11,3423512198,3.42,0.82,2775493.62
4193.19,4190.13,9920372896,921632800,921.63,355.84,227739.51,1.20997E+11,3426254989,3.43,0.82,2777717.25
4193.2,4190.14,9923845334,921955400,921.96,355.97,227819.23,1.21099E+11,3429135937,3.43,0.82,2780052.88
4193.21,4190.15,9927448284,922290125,922.29,356.1,227901.94,1.21196E+11,3431880644,3.43,0.82,2782278.05
4193.22,4190.16,9930886815,922609575,922.61,356.22,227980.88,1.21298E+11,3434763637,3.43,0.82,2784615.34
4193.23,4190.17,9934272603,922924125,922.92,356.34,228058.61,1.21395E+11,3437510282,3.44,0.82,2786842.08
4193.24,4190.18,9937446880,923219025,923.22,356.46,228131.48,1.21496E+11,3440395214,3.44,0.83,2789180.94
4193.25,4190.19,9940834821,923533775,923.53,356.58,228209.25,1.21593E+11,3443143698,3.44,0.83,2791409.18
4193.26,4190.2,9943860556,923814875,923.81,356.69,228278.71,1.21691E+11,3445893040,3.45,0.83,2793638.11
4193.27,4190.21,9947008462,924107325,924.11,356.8,228350.98,1.21793E+11,3448780747,3.45,0.83,2795979.22
4193.28,4190.22,9950288763,924412075,924.41,356.92,228426.28,1.2189E+11,3451531829,3.45,0.83,2798209.57
4193.29,4190.23,9953501791,924710575,924.71,357.03,228500.05,1.21992E+11,3454421410,3.45,0.83,2800552.19
4193.3,4190.24,9956465095,924985875,924.99,357.14,228568.07,1.22089E+11,3457174246,3.46,0.83,2802783.96
4193.31,4190.25,9959750241,925291075,925.29,357.26,228643.49,1.22191E+11,3460065636,3.46,0.83,2805128.05
4193.32,4190.26,9962817686,925576050,925.58,357.37,228713.91,1.22288E+11,3462820236,3.46,0.83,2807361.25
4193.33,4190.27,9965913387,925863650,925.86,357.48,228784.98,1.22391E+11,3465713452,3.47,0.83,2809706.83
4193.34,4190.28,9969170815,926166275,926.17,357.59,228859.76,1.22488E+11,3468469750,3.47,0.83,2811941.4
4193.35,4190.29,9972262748,926453525,926.45,357.71,228930.74,1.2259E+11,3471364816,3.47,0.83,2814288.47
4193.36,4190.3,9975385897,926743675,926.74,357.82,229002.43,1.22687E+11,3474122876,3.47,0.83,2816524.47
4193.37,4190.31,9978482405,927031350,927.03,357.93,229073.52,1.2279E+11,3477019744,3.48,0.83,2818873.01
4193.38,4190.32,9981766743,927336475,927.34,358.05,229148.92,1.22887E+11,3479779558,3.48,0.83,2821110.43
4193.39,4190.33,9984862982,927624125,927.62,358.16,229220,1.2299E+11,3482678281,3.48,0.84,2823460.47
4193.4,4190.34,9987950879,927911000,927.91,358.27,229290.88,1.23087E+11,3485439823,3.49,0.84,2825699.3
4193.41,4190.35,9991172786,928210325,928.21,358.38,229364.85,1.2319E+11,3488340355,3.49,0.84,2828050.8
4193.42,4190.36,9994259337,928497075,928.5,358.49,229435.71,1.23287E+11,3491103637,3.49,0.84,2830291.04
4193.43,4190.37,9997348042,928784025,928.78,358.61,229506.61,1.2339E+11,3494005983,3.49,0.84,2832644.01
4193.44,4190.38,10000704498,929095850,929.1,358.73,229583.67,1.23487E+11,3496770993,3.5,0.84,2834885.65
4193.45,4190.39,10003781093,929381675,929.38,358.84,229654.29,1.2359E+11,3499675209,3.5,0.84,2837240.14
4193.46,4190.4,10006927653,929674000,929.67,358.95,229726.53,1.23688E+11,3502441991,3.5,0.84,2839483.21
4193.47,4190.41,10009921904,929952175,929.95,359.06,229795.27,1.2379E+11,3505347999,3.51,0.84,2841839.16
4193.48,4190.42,10013142466,930251375,930.25,359.17,229869.2,1.23888E+11,3508116505,3.51,0.84,2844083.63
4193.49,4190.43,10016125683,930528525,930.53,359.28,229937.69,1.23991E+11,3511024317,3.51,0.84,2846441.04
4193.5,4190.44,10019164066,930810800,930.81,359.39,230007.44,1.24088E+11,3513794494,3.51,0.84,2848686.86
4193.51,4190.45,10022371711,931108800,931.11,359.5,230081.07,1.24186E+11,3516565533,3.52,0.84,2850933.38
4193.52,4190.46,10025575858,931406475,931.41,359.62,230154.63,1.24289E+11,3519476047,3.52,0.84,2853292.98
4193.53,4190.47,10028575491,931685150,931.69,359.73,230223.49,1.24387E+11,3522248823,3.52,0.85,2855540.91
4193.54,4190.48,10031970967,932000600,932,359.85,230301.44,1.2449E+11,3525161163,3.53,0.85,2857901.99
4193.55,4190.49,10034919471,932274525,932.27,359.95,230369.13,1.24588E+11,3527935699,3.53,0.85,2860151.35
4193.56,4190.5,10038059034,932566200,932.57,360.07,230441.2,1.24691E+11,3530849847,3.53,0.85,2862513.9
4193.57,4190.51,10041083962,932847225,932.85,360.17,230510.65,1.24789E+11,3533626060,3.53,0.85,2864764.61
4193.58,4190.52,10044262276,933142500,933.14,360.29,230583.61,1.24892E+11,3536542004,3.54,0.85,2867128.61
4193.59,4190.53,10047065198,933402900,933.4,360.39,230647.96,1.2499E+11,3539319918,3.54,0.85,2869380.71
4193.6,4190.54,10050162244,933690625,933.69,360.5,230719.06,1.25093E+11,3542237586,3.54,0.85,2871746.11
4193.61,4190.55,10053194707,933972350,933.97,360.61,230788.67,1.25191E+11,3545017184,3.55,0.85,2873999.57
4193.62,4190.56,10056313819,934262125,934.26,360.72,230860.28,1.25294E+11,3547936636,3.55,0.85,2876366.42
4193.63,4190.57,10059157106,934526275,934.53,360.82,230925.55,1.25392E+11,3550717891,3.55,0.85,2878621.22
4193.64,4190.58,10062445212,934831750,934.83,360.94,231001.03,1.25496E+11,3553639097,3.55,0.85,2880989.49
4193.65,4190.59,10065225530,935090050,935.09,361.04,231064.86,1.25594E+11,3556422040,3.56,0.85,2883245.66
4193.66,4190.6,10068291630,935374900,935.37,361.15,231135.25,1.25697E+11,3559344978,3.56,0.85,2885615.33
4193.67,4190.61,10071321132,935656350,935.66,361.26,231204.79,1.25795E+11,3562129555,3.56,0.85,2887872.83
4193.68,4190.62,10074389116,935941375,935.94,361.37,231275.23,1.25899E+11,3565054261,3.57,0.86,2890243.94
4193.69,4190.63,10077273844,936209375,936.21,361.47,231341.45,1.25997E+11,3567840521,3.57,0.86,2892502.8
4193.7,4190.64,10080345864,936494775,936.49,361.58,231411.97,1.261E+11,3570766954,3.57,0.86,2894875.3
4193.71,4190.65,10083464169,936784475,936.78,361.69,231483.56,1.26199E+11,3573554911,3.57,0.86,2897135.54
4193.72,4190.66,10086559600,937072050,937.07,361.81,231554.62,1.26302E+11,3576483144,3.58,0.86,2899509.51
4193.73,4190.67,10089466125,937342075,937.34,361.91,231621.34,1.26401E+11,3579272771,3.58,0.86,2901771.1
4193.74,4190.68,10092803476,937652125,937.65,362.03,231697.96,1.26504E+11,3582202790,3.58,0.86,2904146.51
4193.75,4190.69,10095668559,937918300,937.92,362.13,231763.73,1.26603E+11,3584994136,3.58,0.86,2906409.5
4193.76,4190.7,10098488704,938180300,938.18,362.23,231828.47,1.26701E+11,3587786277,3.59,0.86,2908673.13
4193.77,4190.71,10101759318,938484150,938.48,362.35,231903.56,1.26805E+11,3590718901,3.59,0.86,2911050.65
4193.78,4190.72,10104587536,938746900,938.75,362.45,231968.48,1.26904E+11,3593512729,3.59,0.86,2913315.65
4193.79,4190.73,10107702073,939036250,939.04,362.56,232039.98,1.27007E+11,3596447104,3.6,0.86,2915694.59
4193.8,4190.74,10110718659,939316500,939.32,362.67,232109.23,1.27106E+11,3599242580,3.6,0.86,2917960.93
4193.81,4190.75,10113822433,939604850,939.6,362.78,232180.49,1.2721E+11,3602178740,3.6,0.86,2920341.32
4193.82,4190.76,10116681058,939870425,939.87,362.89,232246.11,1.27309E+11,3604975911,3.6,0.86,2922609.03
4193.83,4190.77,10119795865,940159800,940.16,363,232317.62,1.27412E+11,3607913807,3.61,0.87,2924990.82
4193.84,4190.78,10122768588,940435975,940.44,363.1,232385.86,1.27511E+11,3610712652,3.61,0.87,2927259.89
4193.85,4190.79,10125876128,940724675,940.72,363.22,232457.2,1.27615E+11,3613652313,3.61,0.87,2929643.12
4193.86,4190.8,10128733678,940990150,940.99,363.32,232522.8,1.27714E+11,3616452816,3.62,0.87,2931913.53
4193.87,4190.81,10131857634,941280375,941.28,363.43,232594.52,1.27818E+11,3619394211,3.62,0.87,2934298.16
4193.88,4190.82,10134586285,941533875,941.53,363.53,232657.16,1.27917E+11,3622196348,3.62,0.87,2936569.9
4193.89,4190.83,10137543131,941808575,941.81,363.63,232725.04,1.28021E+11,3625139415,3.63,0.87,2938955.89
4193.9,4190.84,10140427321,942076525,942.08,363.74,232791.25,1.2812E+11,3627943134,3.63,0.87,2941228.91
4193.91,4190.85,10143388473,942351625,942.35,363.84,232859.23,1.28224E+11,3630887901,3.63,0.87,2943616.27
4193.92,4190.86,10146248713,942617350,942.62,363.95,232924.89,1.28323E+11,3633693242,3.63,0.87,2945890.61
4193.93,4190.87,10149283059,942899250,942.9,364.06,232994.55,1.28427E+11,3636639706,3.64,0.87,2948279.35
4193.94,4190.88,10152299914,943179525,943.18,364.16,233063.8,1.28526E+11,3639446722,3.64,0.87,2950555.04
4193.95,4190.89,10155434634,943470750,943.47,364.28,233135.77,1.2863E+11,3642394959,3.64,0.87,2952945.22
4193.96,4190.9,10158346272,943741250,943.74,364.38,233202.61,1.28729E+11,3645203647,3.65,0.87,2955222.27
4193.97,4190.91,10168610737,944694850,944.69,364.75,233438.25,1.28833E+11,3648155113,3.65,0.88,2957615.07
4193.98,4190.92,10171529640,944966025,944.97,364.85,233505.26,1.28933E+11,3650967440,3.65,0.88,2959895.06
4193.99,4190.93,10174897668,945278925,945.28,364.97,233582.58,1.29037E+11,3653921278,3.65,0.88,2962289.78
4194,4190.94,10178207301,945586400,945.59,365.09,233658.55,1.29136E+11,3656735386,3.66,0.88,2964571.22
4194.01,4190.95,10181709877,945911800,945.91,365.22,233738.96,1.29236E+11,3659550430,3.66,0.88,2966853.42
4194.02,4190.96,10185376872,946252475,946.25,365.35,233823.14,1.2934E+11,3662507276,3.66,0.88,2969250.58
4194.03,4190.97,10189297627,946616725,946.62,365.49,233913.15,1.2944E+11,3665324347,3.67,0.88,2971534.43
4194.04,4190.98,10193205734,946979800,946.98,365.63,234002.87,1.29544E+11,3668283425,3.67,0.88,2973933.4
4194.05,4190.99,10197069170,947338725,947.34,365.77,234091.56,1.29644E+11,3671102674,3.67,0.88,2976219
4194.06,4191,10201148423,947717700,947.72,365.92,234185.21,1.29748E+11,3674064021,3.67,0.88,2978619.81
4194.07,4191.01,10205553015,948126900,948.13,366.07,234286.32,1.29848E+11,3676885564,3.68,0.88,2980907.28
4194.08,4191.02,10210400811,948577275,948.58,366.25,234397.61,1.29953E+11,3679849454,3.68,0.88,2983310.15
4194.09,4191.03,10215371854,949039100,949.04,366.43,234511.73,1.30052E+11,3682673579,3.68,0.88,2985599.71
4194.1,4191.04,10221247873,949585000,949.59,366.64,234646.63,1.30157E+11,3685640461,3.69,0.88,2988005.01
4194.11,4191.05,10226079792,950033900,950.03,366.81,234757.55,1.30257E+11,3688467604,3.69,0.88,2990297.02
4194.12,4191.06,10232209570,950603375,950.6,367.03,234898.27,1.30362E+11,3691437588,3.69,0.89,2992704.83
4194.13,4191.07,10237327002,951078800,951.08,367.21,235015.75,1.30462E+11,3694267791,3.69,0.89,2994999.32
4194.14,4191.08,10243925010,951691775,951.69,367.45,235167.22,1.30567E+11,3697241094,3.7,0.89,2997409.82
4194.15,4191.09,10248579325,952124175,952.12,367.62,235274.07,1.30667E+11,3700074484,3.7,0.89,2999706.89
4194.16,4191.1,10254253521,952651325,952.65,367.82,235404.33,1.30772E+11,3703050971,3.7,0.89,3002119.98
4194.17,4191.11,10258484545,953044400,953.04,367.97,235501.46,1.30872E+11,3705887143,3.71,0.89,3004419.3
4194.18,4191.12,10262905283,953455100,953.46,368.13,235602.94,1.30977E+11,3708866384,3.71,0.89,3006834.62
4194.19,4191.13,10267263590,953860000,953.86,368.29,235703,1.31078E+11,3711704945,3.71,0.89,3009135.89
4194.2,4191.14,10272615945,954357250,954.36,368.48,235825.87,1.31183E+11,3714686869,3.71,0.89,3011553.38
4194.21,4191.15,10277777778,954836800,954.84,368.66,235944.37,1.31283E+11,3717528203,3.72,0.89,3013856.89
4194.22,4191.16,10282493447,955274900,955.27,368.83,236052.62,1.31389E+11,3720513127,3.72,0.89,3016276.81
4194.23,4191.17,10286358498,955633975,955.63,368.97,236141.35,1.31489E+11,3723357073,3.72,0.89,3018582.44
4194.24,4191.18,10290210633,955991850,955.99,369.11,236229.79,1.31595E+11,3726344353,3.73,0.89,3021004.28
4194.25,4191.19,10293643782,956310800,956.31,369.23,236308.6,1.31695E+11,3729190383,3.73,0.89,3023311.6
4194.26,4191.2,10297345221,956654675,956.65,369.37,236393.57,1.31796E+11,3732037381,3.73,0.9,3025619.7
4194.27,4191.21,10300918840,956986675,956.99,369.49,236475.61,1.31901E+11,3735027795,3.74,0.9,3028044.08
4194.28,4191.22,10304755636,957343125,957.34,369.63,236563.69,1.32002E+11,3737876836,3.74,0.9,3030353.84
4194.29,4191.23,10308382535,957680075,957.68,369.76,236646.95,1.32108E+11,3740869409,3.74,0.9,3032779.96
4194.3,4191.24,10312412543,958054475,958.05,369.91,236739.47,1.32208E+11,3743720563,3.74,0.9,3035091.44
4194.31,4191.25,10316327647,958418200,958.42,370.05,236829.35,1.32314E+11,3746715384,3.75,0.9,3037519.38
4194.32,4191.26,10320436231,958799900,958.8,370.19,236923.67,1.32415E+11,3749568752,3.75,0.9,3039832.65
4194.33,4191.27,10324495033,959176975,959.18,370.34,237016.84,1.32521E+11,3752565929,3.75,0.9,3042262.51
4194.34,4191.28,10328224459,959523450,959.52,370.47,237102.46,1.32621E+11,3755421489,3.76,0.9,3044577.56
4194.35,4191.29,10331931818,959867875,959.87,370.61,237187.57,1.32727E+11,3758420891,3.76,0.9,3047009.22
4194.36,4191.3,10335782607,960225625,960.23,370.75,237275.97,1.32828E+11,3761278495,3.76,0.9,3049325.92
4194.37,4191.31,10339653579,960585250,960.59,370.88,237364.84,1.32934E+11,3764280122,3.76,0.9,3051759.38
4194.38,4191.32,10343287475,960922850,960.92,371.01,237448.26,1.33035E+11,3767139842,3.77,0.9,3054077.8
4194.39,4191.33,10347125347,961279400,961.28,371.15,237536.36,1.33141E+11,3770143615,3.77,0.9,3056513.01
4194.4,4191.34,10350690892,961610650,961.61,371.28,237618.22,1.33242E+11,3773005399,3.77,0.91,3058833.1
4194.41,4191.35,10354872941,961999175,962,371.43,237714.22,1.33349E+11,3776011359,3.78,0.91,3061270.08
4194.42,4191.36,10358703009,962355000,962.36,371.57,237802.15,1.3345E+11,3778875320,3.78,0.91,3063591.93
4194.43,4191.37,10362416558,962700000,962.7,371.7,237887.4,1.33556E+11,3781883593,3.78,0.91,3066030.79
4194.44,4191.38,10365795888,963013950,963.01,371.82,237964.98,1.33657E+11,3784749577,3.78,0.91,3068354.28
4194.45,4191.39,10369130278,963323725,963.32,371.94,238041.52,1.33763E+11,3787759830,3.79,0.91,3070794.74
4194.46,4191.4,10372942586,963677900,963.68,372.08,238129.04,1.33865E+11,3790627710,3.79,0.91,3073119.78
4194.47,4191.41,10376370084,963996325,964,372.2,238207.73,1.33971E+11,3793640057,3.79,0.91,3075561.93
4194.48,4191.42,10379758832,964311150,964.31,372.32,238285.52,1.34072E+11,3796509901,3.8,0.91,3077888.56
4194.49,4191.43,10383446010,964653700,964.65,372.45,238370.17,1.34179E+11,3799524241,3.8,0.91,3080332.33
4194.5,4191.44,10387009672,964984775,964.98,372.58,238451.98,1.3428E+11,3802396054,3.8,0.91,3082660.55
4194.51,4191.45,10390258220,965286575,965.29,372.7,238526.55,1.34382E+11,3805268815,3.81,0.91,3084989.54
4194.52,4191.46,10393733617,965609450,965.61,372.82,238606.34,1.34488E+11,3808286189,3.81,0.91,3087435.78
4194.53,4191.47,10397192600,965930800,965.93,372.95,238685.74,1.3459E+11,3811160868,3.81,0.91,3089766.32
4194.54,4191.48,10400586730,966246125,966.25,373.07,238763.66,1.34697E+11,3814180242,3.81,0.92,3092214.17
4194.55,4191.49,10403734367,966538550,966.54,373.18,238835.92,1.34798E+11,3817056744,3.82,0.92,3094546.2
4194.56,4191.5,10407400823,966879175,966.88,373.31,238920.09,1.34905E+11,3820078059,3.82,0.92,3096995.62
4194.57,4191.51,10410792263,967194250,967.19,373.44,238997.95,1.35006E+11,3822956482,3.82,0.92,3099329.21
4194.58,4191.52,10414428581,967532075,967.53,373.57,239081.43,1.35113E+11,3825979845,3.83,0.92,3101780.29
4194.59,4191.53,10417895098,967854125,967.85,373.69,239161.01,1.35215E+11,3828860212,3.83,0.92,3104115.45
4194.6,4191.54,10421513925,968190325,968.19,373.82,239244.08,1.35322E+11,3831885636,3.83,0.92,3106568.21
4194.61,4191.55,10424725875,968488725,968.49,373.94,239317.82,1.35424E+11,3834767932,3.83,0.92,3108904.93
4194.62,4191.56,10428515310,968840775,968.84,374.07,239404.81,1.3553E+11,3837795338,3.84,0.92,3111359.29
4194.63,4191.57,10431791844,969145175,969.15,374.19,239480.03,1.35632E+11,3840679579,3.84,0.92,3113697.59
4194.64,4191.58,10435243831,969465875,969.47,374.31,239559.28,1.35739E+11,3843709007,3.84,0.92,3116153.59
4194.65,4191.59,10438461971,969764850,969.76,374.43,239633.15,1.35841E+11,3846595105,3.85,0.92,3118493.4
4194.66,4191.6,10442281544,970119700,970.12,374.57,239720.84,1.35948E+11,3849626538,3.85,0.92,3120951.03
4194.67,4191.61,10445501030,970418800,970.42,374.68,239794.75,1.3605E+11,3852514580,3.85,0.92,3123292.41
4194.68,4191.62,10448960282,970740175,970.74,374.8,239874.16,1.36157E+11,3855547996,3.86,0.92,3125751.64
4194.69,4191.63,10452705853,971088150,971.09,374.94,239960.15,1.36259E+11,3858437965,3.86,0.93,3128094.59
4194.7,4191.64,10456090296,971402575,971.4,375.06,240037.84,1.36367E+11,3861473456,3.86,0.93,3130555.51
4194.71,4191.65,10459232281,971694475,971.69,375.17,240109.97,1.36469E+11,3864365305,3.86,0.93,3132899.97
4194.72,4191.66,10462766342,972022800,972.02,375.3,240191.1,1.36576E+11,3867402690,3.87,0.93,3135362.43
4194.73,4191.67,10465862312,972310425,972.31,375.41,240262.18,1.36678E+11,3870296382,3.87,0.93,3137708.39
4194.74,4191.68,10469184593,972619075,972.62,375.53,240338.45,1.36786E+11,3873335680,3.87,0.93,3140172.39
4194.75,4191.69,10472160545,972895550,972.9,375.64,240406.76,1.36888E+11,3876231129,3.88,0.93,3142519.78
4194.76,4191.7,10475434388,973199700,973.2,375.75,240481.92,1.3699E+11,3879127486,3.88,0.93,3144867.9
4194.77,4191.71,10478755055,973508200,973.51,375.87,240558.15,1.37098E+11,3882169584,3.88,0.93,3147334.17
4194.78,4191.72,10481880087,973798525,973.8,375.99,240629.89,1.372E+11,3885067715,3.89,0.93,3149683.73
4194.79,4191.73,10485454243,974130575,974.13,376.11,240711.94,1.37307E+11,3888111735,3.89,0.93,3152151.56
4194.8,4191.74,10488593807,974422250,974.42,376.23,240784.02,1.3741E+11,3891011714,3.89,0.93,3154502.62
4194.81,4191.75,10492036375,974742075,974.74,376.35,240863.05,1.37517E+11,3894057645,3.89,0.93,3156972
4194.82,4191.76,10495594385,975072625,975.07,376.48,240944.73,1.3762E+11,3896959496,3.9,0.93,3159324.58
4194.83,4191.77,10499007621,975389725,975.39,376.6,241023.09,1.37727E+11,3900007457,3.9,0.94,3161795.61
4194.84,4191.78,10502198852,975686200,975.69,376.71,241096.35,1.3783E+11,3902911197,3.9,0.94,3164149.71
4194.85,4191.79,10505993937,976038775,976.04,376.85,241183.47,1.37938E+11,3905961093,3.91,0.94,3166622.31
4194.86,4191.8,10509238180,976340175,976.34,376.97,241257.95,1.3804E+11,3908866770,3.91,0.94,3168977.99
4194.87,4191.81,10512809915,976672000,976.67,377.1,241339.94,1.38148E+11,3911918718,3.91,0.94,3171452.25
4194.88,4191.82,10516163680,976983575,976.98,377.22,241416.93,1.38251E+11,3914826285,3.91,0.94,3173809.46
4194.89,4191.83,10520293792,977367275,977.37,377.36,241511.75,1.38359E+11,3917880361,3.92,0.94,3176285.44
4194.9,4191.84,10523739320,977687375,977.69,377.49,241590.85,1.38461E+11,3920790013,3.92,0.94,3178644.34
4194.91,4191.85,10527662496,978051850,978.05,377.63,241680.91,1.38569E+11,3923846216,3.92,0.94,3181122.05
4194.92,4191.86,10531513823,978409650,978.41,377.77,241769.32,1.38672E+11,3926757973,3.93,0.94,3183482.66
4194.93,4191.87,10535318597,978763125,978.76,377.9,241856.67,1.3878E+11,3929816419,3.93,0.94,3185962.19
4194.94,4191.88,10538874724,979093500,979.09,378.03,241938.31,1.38883E+11,3932730247,3.93,0.94,3188324.47
4194.95,4191.89,10542953707,979472450,979.47,378.18,242031.95,1.38991E+11,3935790840,3.94,0.94,3190805.74
4194.96,4191.9,10546582760,979809600,979.81,378.31,242115.26,1.39094E+11,3938706783,3.94,0.94,3193169.74
4194.97,4191.91,10550526926,980176025,980.18,378.45,242205.8,1.39202E+11,3941769619,3.94,0.95,3195652.83
4194.98,4191.92,10554380137,980534000,980.53,378.59,242294.26,1.39305E+11,3944687684,3.94,0.95,3198018.55
4194.99,4191.93,10558834512,980947825,980.95,378.75,242396.52,1.39414E+11,3947752899,3.95,0.95,3200503.57
4195,4191.94,10562671846,981304325,981.3,378.88,242484.61,1.39517E+11,3950673257,3.95,0.95,3202871.15
4195.01,4191.95,10566760786,981684200,981.68,379.03,242578.48,1.3962E+11,3953594702,3.95,0.95,3205239.61
4195.02,4191.96,10571160535,982092950,982.09,379.19,242679.48,1.39728E+11,3956663462,3.96,0.95,3207727.5
4195.03,4191.97,10575359267,982483025,982.48,379.34,242775.87,1.39832E+11,3959587280,3.96,0.95,3210097.88
4195.04,4191.98,10579454935,982863525,982.86,379.49,242869.89,1.3994E+11,3962658476,3.96,0.95,3212587.75
4195.05,4191.99,10584226307,983306800,983.31,379.66,242979.43,1.40043E+11,3965584625,3.97,0.95,3214960.02
4195.06,4192,10589032124,983753275,983.75,379.83,243089.76,1.40152E+11,3968658491,3.97,0.95,3217452.05
4195.07,4192.01,10594128029,984226700,984.23,380.01,243206.74,1.40255E+11,3971587374,3.97,0.95,3219826.54
4195.08,4192.02,10599757285,984749675,984.75,380.21,243335.97,1.40364E+11,3974664230,3.97,0.95,3222320.99
4195.09,4192.03,10606921474,985415250,985.42,380.47,243500.44,1.40467E+11,3977596229,3.98,0.95,3224698.01
4195.1,4192.04,10613307164,986008500,986.01,380.7,243647.03,1.40576E+11,3980676953,3.98,0.96,3227195.6
4195.11,4192.05,10618735404,986512800,986.51,380.89,243771.65,1.4068E+11,3983612622,3.98,0.96,3229575.59
4195.12,4192.06,10627396316,987317425,987.32,381.21,243970.47,1.40789E+11,3986696969,3.99,0.96,3232076.12
4195.13,4192.07,10633324539,987868175,987.87,381.42,244106.57,1.40893E+11,3989636598,3.99,0.96,3234459.32
4195.14,4192.08,10639883528,988477525,988.48,381.65,244257.14,1.41002E+11,3992724988,3.99,0.96,3236963.13
4195.15,4192.09,10645429095,988992725,988.99,381.85,244384.45,1.41106E+11,3995668021,4,0.96,3239349.09
4195.16,4192.1,10651032248,989513275,989.51,382.05,244513.08,1.41215E+11,3998759806,4,0.96,3241855.65
4195.17,4192.11,10656232832,989996425,990,382.24,244632.47,1.41319E+11,4001705857,4,0.96,3244244.05
4195.18,4192.12,10661949813,990527550,990.53,382.44,244763.71,1.41428E+11,4004800786,4,0.96,3246753.16
4195.19,4192.13,10666596325,990959225,990.96,382.61,244870.38,1.41532E+11,4007749792,4.01,0.96,3249143.96
4195.2,4192.14,10671556873,991420075,991.42,382.79,244984.26,1.41642E+11,4010847627,4.01,0.96,3251655.43
4195.21,4192.15,10676712786,991899075,991.9,382.97,245102.62,1.41746E+11,4013799296,4.01,0.96,3254048.39
4195.22,4192.16,10681782857,992370100,992.37,383.16,245219.01,1.41855E+11,4016900084,4.02,0.96,3256562.25
4195.23,4192.17,10686331954,992792725,992.79,383.32,245323.44,1.4196E+11,4019854550,4.02,0.96,3258957.48
4195.24,4192.18,10691198856,993244875,993.24,383.49,245435.17,1.42069E+11,4022958095,4.02,0.97,3261473.57
4195.25,4192.19,10696254127,993714525,993.71,383.68,245551.22,1.42174E+11,4025915269,4.03,0.97,3263870.99
4195.26,4192.2,10700680247,994125725,994.13,383.83,245652.83,1.42278E+11,4028873706,4.03,0.97,3266269.44
4195.27,4192.21,10704993884,994526475,994.53,383.99,245751.86,1.42388E+11,4031981334,4.03,0.97,3268788.85
4195.28,4192.22,10710035161,994994825,994.99,384.17,245867.59,1.42493E+11,4034942264,4.03,0.97,3271189.32
4195.29,4192.23,10714403425,995400650,995.4,384.33,245967.87,1.42602E+11,4038052611,4.04,0.97,3273710.92
4195.3,4192.24,10718782453,995807475,995.81,384.48,246068.4,1.42707E+11,4041016062,4.04,0.97,3276113.44
4195.31,4192.25,10723491126,996244925,996.24,384.65,246176.5,1.42817E+11,4044128958,4.04,0.97,3278637.11
4195.32,4192.26,10727854008,996650250,996.65,384.81,246276.66,1.42922E+11,4047094910,4.05,0.97,3281041.65
4195.33,4192.27,10732217966,997055675,997.06,384.97,246376.84,1.43032E+11,4050210434,4.05,0.97,3283567.46
4195.34,4192.28,10736506308,997454075,997.45,385.12,246475.28,1.43137E+11,4053178803,4.05,0.97,3285973.96
4195.35,4192.29,10741103843,997881200,997.88,385.28,246580.83,1.43247E+11,4056296903,4.06,0.97,3288501.85
4195.36,4192.3,10745176638,998259575,998.26,385.43,246674.33,1.43352E+11,4059267696,4.06,0.97,3290910.32
4195.37,4192.31,10749324780,998644950,998.64,385.58,246769.55,1.43462E+11,4062388213,4.06,0.97,3293440.17
4195.38,4192.32,10754117411,999090200,999.09,385.75,246879.58,1.43567E+11,4065361366,4.07,0.98,3295850.55
4195.39,4192.33,10758452845,999492975,999.49,385.91,246979.1,1.43677E+11,4068484524,4.07,0.98,3298382.54
4195.4,4192.34,10762863626,999902750,999.9,386.06,247080.36,1.43782E+11,4071460132,4.07,0.98,3300794.91
4195.41,4192.35,10767818254,1000363050,1000.36,386.24,247194.1,1.43893E+11,4074585887,4.07,0.98,3303329.01
4195.42,4192.36,10772072421,1000758275,1000.76,386.39,247291.77,1.43998E+11,4077564084,4.08,0.98,3305743.48
4195.43,4192.37,10776195268,1001141300,1001.14,386.54,247386.41,1.44108E+11,4080692413,4.08,0.98,3308279.66
4195.44,4192.38,10780575372,1001548225,1001.55,386.7,247486.97,1.44214E+11,4083672896,4.08,0.98,3310695.98
4195.45,4192.39,10784474598,1001910475,1001.91,386.84,247576.48,1.44324E+11,4086803663,4.09,0.98,3313234.15
4195.46,4192.4,10788460744,1002280800,1002.28,386.98,247667.99,1.44429E+11,4089786432,4.09,0.98,3315652.32
4195.47,4192.41,10792363468,1002643375,1002.64,387.12,247757.58,1.4454E+11,4092919482,4.09,0.98,3318192.33
4195.48,4192.42,10796696481,1003045925,1003.05,387.28,247857.05,1.44646E+11,4095904505,4.1,0.98,3320612.34
4195.49,4192.43,10800552382,1003404150,1003.4,387.42,247945.57,1.44756E+11,4099039945,4.1,0.98,3323154.29
4195.5,4192.44,10804498163,1003770725,1003.77,387.56,248036.16,1.44862E+11,4102027151,4.1,0.98,3325576.06
4195.51,4192.45,10808790541,1004169500,1004.17,387.71,248134.69,1.44967E+11,4105015478,4.11,0.98,3327998.74
4195.52,4192.46,10812994117,1004560025,1004.56,387.86,248231.2,1.45078E+11,4108154467,4.11,0.99,3330543.57
4195.53,4192.47,10816928596,1004925550,1004.93,388,248321.52,1.45184E+11,4111145104,4.11,0.99,3332968.12
4195.54,4192.48,10821741947,1005372725,1005.37,388.18,248432.02,1.45295E+11,4114286503,4.11,0.99,3335514.9
4195.55,4192.49,10825747467,1005744850,1005.74,388.32,248523.97,1.454E+11,4117279565,4.12,0.99,3337941.42
4195.56,4192.5,10830076443,1006147025,1006.15,388.48,248623.35,1.45511E+11,4120423492,4.12,0.99,3340490.25
4195.57,4192.51,10834099455,1006520775,1006.52,388.62,248715.71,1.45617E+11,4123418866,4.12,0.99,3342918.65
4195.58,4192.52,10839269899,1007001125,1007,388.81,248834.4,1.45728E+11,4126565437,4.13,0.99,3345469.62
4195.59,4192.53,10843270575,1007372800,1007.37,388.95,248926.24,1.45834E+11,4129563349,4.13,0.99,3347900.08
4195.6,4192.54,10847596860,1007774725,1007.77,389.1,249025.56,1.45945E+11,4132712367,4.13,0.99,3350453.03
4195.61,4192.55,10852189013,1008201350,1008.2,389.27,249130.98,1.46051E+11,4135712675,4.14,0.99,3352885.43
4195.62,4192.56,10856855707,1008634900,1008.63,389.44,249238.11,1.46163E+11,4138864320,4.14,0.99,3355440.52
4195.63,4192.57,10861059283,1009025425,1009.03,389.59,249334.62,1.46269E+11,4141867120,4.14,0.99,3357874.93
4195.64,4192.58,10866249371,1009507600,1009.51,389.77,249453.76,1.4638E+11,4145021400,4.15,0.99,3360432.15
4195.65,4192.59,10870415274,1009894625,1009.89,389.92,249549.4,1.46486E+11,4148026793,4.15,1,3362868.67
4195.66,4192.6,10875081698,1010328150,1010.33,390.09,249656.52,1.46598E+11,4151183737,4.15,1,3365428.05
4195.67,4192.61,10879901777,1010775950,1010.78,390.26,249767.18,1.46704E+11,4154191586,4.15,1,3367866.56
4195.68,4192.62,10884438765,1011197450,1011.2,390.43,249871.33,1.46815E+11,4157351292,4.16,1,3370428.19
4195.69,4192.63,10888982750,1011619600,1011.62,390.59,249975.65,1.46922E+11,4160361789,4.16,1,3372868.84
4195.7,4192.64,10893568176,1012045600,1012.05,390.75,250080.91,1.47033E+11,4163524143,4.16,1,3375432.61
4195.71,4192.65,10899141191,1012563350,1012.56,390.95,250208.85,1.4714E+11,4166537364,4.17,1,3377875.47
4195.72,4192.66,10903857667,1013001525,1013,391.12,250317.13,1.47252E+11,4169702677,4.17,1,3380441.64
4195.73,4192.67,10908722147,1013453450,1013.45,391.3,250428.8,1.47358E+11,4172718587,4.17,1,3382886.69
4195.74,4192.68,10914176221,1013960150,1013.96,391.49,250554.01,1.4747E+11,4175886800,4.18,1,3385455.21
4195.75,4192.69,10918871169,1014396325,1014.4,391.66,250661.79,1.47577E+11,4178905541,4.18,1,3387902.54
4195.76,4192.7,10923460093,1014822650,1014.82,391.83,250767.13,1.47683E+11,4181925556,4.18,1,3390350.92
4195.77,4192.71,10929185148,1015354525,1015.35,392.03,250898.56,1.47795E+11,4185098014,4.19,1,3392922.88
4195.78,4192.72,10933860722,1015788900,1015.79,392.2,251005.9,1.47902E+11,4188120893,4.19,1,3395373.57
4195.79,4192.73,10938981921,1016264675,1016.26,392.38,251123.47,1.48014E+11,4191296335,4.19,1.01,3397947.95
4195.8,4192.74,10943717504,1016704625,1016.7,392.55,251232.18,1.48121E+11,4194321932,4.19,1.01,3400400.85
4195.81,4192.75,10949554772,1017246925,1017.25,392.76,251366.18,1.48233E+11,4197500421,4.2,1.01,3402977.7
4195.82,4192.76,10954957448,1017748850,1017.75,392.96,251490.21,1.4834E+11,4200529004,4.2,1.01,3405433.02
4195.83,4192.77,10960415020,1018255875,1018.26,393.15,251615.5,1.48453E+11,4203710608,4.2,1.01,3408012.39
4195.84,4192.78,10966292653,1018801925,1018.8,393.36,251750.43,1.4856E+11,4206742314,4.21,1.01,3410470.24
4195.85,4192.79,10971716588,1019305825,1019.31,393.56,251874.95,1.48672E+11,4209927212,4.21,1.01,3413052.29
4195.86,4192.8,10976668794,1019765900,1019.77,393.73,251988.63,1.48779E+11,4212961883,4.21,1.01,3415512.54
4195.87,4192.81,10982847009,1020339875,1020.34,393.96,252130.47,1.48892E+11,4216149883,4.22,1.01,3418097.1
4195.88,4192.82,10987976551,1020816425,1020.82,394.14,252248.22,1.48999E+11,4219187653,4.22,1.01,3420559.87
4195.89,4192.83,10993743316,1021352175,1021.35,394.35,252380.61,1.49112E+11,4222378897,4.22,1.01,3423147.06
4195.9,4192.84,10999764109,1021911525,1021.91,394.56,252518.83,1.49219E+11,4225419715,4.23,1.01,3425612.3
4195.91,4192.85,11005521994,1022446450,1022.45,394.77,252651.01,1.49332E+11,4228614366,4.23,1.01,3428202.25
4195.92,4192.86,11010990060,1022954450,1022.95,394.96,252776.54,1.4944E+11,4231658449,4.23,1.02,3430670.13
4195.93,4192.87,11017311167,1023541700,1023.54,395.19,252921.65,1.49553E+11,4234856441,4.23,1.02,3433262.79
4195.94,4192.88,11023913749,1024155100,1024.16,395.43,253073.22,1.4966E+11,4237903993,4.24,1.02,3435733.49
4195.95,4192.89,11029888796,1024710200,1024.71,395.64,253210.39,1.49773E+11,4241105692,4.24,1.02,3438329.16
4195.96,4192.9,11035699693,1025250050,1025.25,395.85,253343.79,1.49881E+11,4244156542,4.24,1.02,3440802.53
4195.97,4192.91,11042791764,1025908925,1025.91,396.11,253506.6,1.49994E+11,4247361829,4.25,1.02,3443401.1
4195.98,4192.92,11048707071,1026458475,1026.46,396.32,253642.4,1.50102E+11,4250416265,4.25,1.02,3445877.38
4195.99,4192.93,11055181025,1027059925,1027.06,396.55,253791.02,1.50215E+11,4253625226,4.25,1.02,3448478.93
4196,4192.94,11062360554,1027726925,1027.73,396.81,253955.84,1.50323E+11,4256683206,4.26,1.02,3450958.09
4196.01,4192.95,11068821322,1028327150,1028.33,397.04,254104.16,1.50431E+11,4259743164,4.26,1.02,3453438.84
4196.02,4192.96,11075868454,1028981850,1028.98,397.29,254265.94,1.50545E+11,4262958072,4.26,1.02,3456045.22
4196.03,4192.97,11082843737,1029629875,1029.63,397.54,254426.07,1.50653E+11,4266021809,4.27,1.02,3458529.03
4196.04,4192.98,11092031273,1030483425,1030.48,397.87,254636.98,1.50767E+11,4269241213,4.27,1.02,3461139.05
4196.05,4192.99,11100023207,1031225900,1031.23,398.16,254820.45,1.50875E+11,4272309548,4.27,1.02,3463626.6
4196.06,4193,11109564337,1032112300,1032.11,398.5,255039.48,1.50989E+11,4275533809,4.28,1.03,3466240.56
4196.07,4193.01,11127619721,1033789700,1033.79,399.15,255453.98,1.51098E+11,4278608185,4.28,1.03,3468733
4196.08,4193.02,11136922699,1034653975,1034.65,399.48,255667.54,1.51212E+11,4281840692,4.28,1.03,3471353.64
4196.09,4193.03,11144246733,1035334400,1035.33,399.74,255835.68,1.51321E+11,4284921328,4.28,1.03,3473851.16
4196.1,4193.04,11171933125,1037906550,1037.91,400.74,256471.27,1.51435E+11,4288159846,4.29,1.03,3476476.68
4196.11,4193.05,11182087529,1038849925,1038.85,401.1,256704.38,1.51544E+11,4291250780,4.29,1.03,3478982.55
4196.12,4193.06,11193545443,1039914400,1039.91,401.51,256967.42,1.51659E+11,4294499072,4.29,1.03,3481615.98
4196.13,4193.07,11202092257,1040708425,1040.71,401.82,257163.62,1.51768E+11,4297595380,4.3,1.03,3484126.21
4196.14,4193.08,11227534912,1043072125,1043.07,402.73,257747.7,1.51883E+11,4300850809,4.3,1.03,3486765.44
4196.15,4193.09,11237631729,1044010150,1044.01,403.09,257979.49,1.51993E+11,4303957137,4.3,1.03,3489283.78
4196.16,4193.1,11250016415,1045160725,1045.16,403.54,258263.81,1.52108E+11,4307221675,4.31,1.03,3491930.39
4196.17,4193.11,11257071620,1045816175,1045.82,403.79,258425.77,1.52218E+11,4310333812,4.31,1.03,3494453.45
4196.18,4193.12,11264802530,1046534400,1046.53,404.07,258603.25,1.52333E+11,4313603440,4.31,1.03,3497104.19
4196.19,4193.13,11269707374,1046990075,1046.99,404.25,258715.85,1.52443E+11,4316719148,4.32,1.04,3499630.14
4196.2,4193.14,11276866990,1047655225,1047.66,404.5,258880.21,1.52559E+11,4319992440,4.32,1.04,3502283.85
4196.21,4193.15,11282834232,1048209600,1048.21,404.72,259017.2,1.52669E+11,4323111647,4.32,1.04,3504812.64
4196.22,4193.16,11290407720,1048913200,1048.91,404.99,259191.06,1.52785E+11,4326388854,4.33,1.04,3507469.52
4196.23,4193.17,11295197929,1049358225,1049.36,405.16,259301.03,1.52895E+11,4329511584,4.33,1.04,3510001.16
4196.24,4193.18,11298348526,1049650925,1049.65,405.27,259373.35,1.53011E+11,4332791673,4.33,1.04,3512660.38
4196.25,4193.19,11301113505,1049907800,1049.91,405.37,259436.83,1.53121E+11,4335916402,4.34,1.04,3515193.65
4196.26,4193.2,11304876030,1050257350,1050.26,405.51,259523.21,1.53232E+11,4339041886,4.34,1.04,3517727.53
4196.27,4193.21,11307799508,1050528950,1050.53,405.61,259590.32,1.53348E+11,4342324756,4.34,1.04,3520389
4196.28,4193.22,11310711415,1050799475,1050.8,405.72,259657.17,1.53458E+11,4345452103,4.35,1.04,3522924.39
4196.29,4193.23,11313670145,1051074350,1051.07,405.82,259725.09,1.53574E+11,4348736669,4.35,1.04,3525587.23
4196.3,4193.24,11317582288,1051437800,1051.44,405.96,259814.9,1.53685E+11,4351865820,4.35,1.04,3528124.08
4196.31,4193.25,11320615289,1051719575,1051.72,406.07,259884.53,1.53801E+11,4355152392,4.36,1.04,3530788.56
4196.32,4193.26,11323728481,1052008800,1052.01,406.18,259956,1.53911E+11,4358283307,4.36,1.05,3533326.84
4196.33,4193.27,11327970000,1052402850,1052.4,406.34,260053.37,1.54027E+11,4361571816,4.36,1.05,3535992.88
4196.34,4193.28,11331223392,1052705100,1052.71,406.45,260128.05,1.54138E+11,4364704781,4.36,1.05,3538532.83
4196.35,4193.29,11334462252,1053006000,1053.01,406.57,260202.41,1.54254E+11,4367995342,4.37,1.05,3541200.53
4196.36,4193.3,11338760820,1053405350,1053.41,406.72,260301.09,1.54365E+11,4371130151,4.37,1.05,3543741.97
4196.37,4193.31,11342194238,1053724325,1053.72,406.85,260379.91,1.54481E+11,4374422925,4.37,1.05,3546411.47
4196.38,4193.32,11345603169,1054041025,1054.04,406.97,260458.17,1.54592E+11,4377559844,4.38,1.05,3548954.62
4196.39,4193.33,11349001335,1054356725,1054.36,407.09,260536.18,1.54708E+11,4380854598,4.38,1.05,3551625.73
4196.4,4193.34,11354253854,1054844700,1054.84,407.28,260656.76,1.54819E+11,4383993836,4.38,1.05,3554170.76
4196.41,4193.35,11357779304,1055172225,1055.17,407.4,260737.69,1.54936E+11,4387291120,4.39,1.05,3556843.92
4196.42,4193.36,11361305830,1055499850,1055.5,407.53,260818.65,1.55047E+11,4390432362,4.39,1.05,3559390.57
4196.43,4193.37,11366056751,1055941225,1055.94,407.7,260927.72,1.55163E+11,4393731906,4.39,1.05,3562065.56
4196.44,4193.38,11369689033,1056278675,1056.28,407.83,261011.1,1.55274E+11,4396875452,4.4,1.05,3564614.08
4196.45,4193.39,11373356297,1056619375,1056.62,407.96,261095.29,1.55391E+11,4400177239,4.4,1.06,3567290.89
4196.46,4193.4,11378270829,1057075950,1057.08,408.14,261208.11,1.55502E+11,4403322928,4.4,1.06,3569841.15
4196.47,4193.41,11381944014,1057417200,1057.42,408.27,261292.44,1.55619E+11,4406627206,4.41,1.06,3572519.98
4196.48,4193.42,11385662138,1057762625,1057.76,408.4,261377.79,1.5573E+11,4409775155,4.41,1.06,3575072.07
4196.49,4193.43,11390536574,1058215475,1058.22,408.58,261489.69,1.55847E+11,4413081614,4.41,1.06,3577752.66
4196.5,4193.44,11394240436,1058559575,1058.56,408.71,261574.72,1.55958E+11,4416231937,4.42,1.06,3580306.68
4196.51,4193.45,11397831007,1058893150,1058.89,408.84,261657.15,1.56069E+11,4419383262,4.42,1.06,3582861.51
4196.52,4193.46,11401729427,1059255325,1059.26,408.98,261746.64,1.56186E+11,4422693241,4.42,1.06,3585544.96
4196.53,4193.47,11407049489,1059749575,1059.75,409.17,261868.78,1.56297E+11,4425847006,4.43,1.06,3588101.76
4196.54,4193.48,11410736398,1060092100,1060.09,409.3,261953.41,1.56414E+11,4429159657,4.43,1.06,3590787.38
4196.55,4193.49,11414424383,1060434725,1060.43,409.44,262038.08,1.56526E+11,4432315580,4.43,1.06,3593345.93
4196.56,4193.5,11419292630,1060887000,1060.89,409.61,262149.84,1.56643E+11,4435630529,4.44,1.06,3596033.41
4196.57,4193.51,11422983575,1061229900,1061.23,409.74,262234.57,1.56754E+11,4438788815,4.44,1.06,3598593.88
4196.58,4193.52,11426650301,1061570550,1061.57,409.87,262318.75,1.56871E+11,4442106093,4.44,1.07,3601283.25
4196.59,4193.53,11431442394,1062015750,1062.02,410.05,262428.76,1.56983E+11,4445266470,4.45,1.07,3603845.42
4196.6,4193.54,11435112618,1062356725,1062.36,410.18,262513.01,1.571E+11,4448586198,4.45,1.07,3606536.77
4196.61,4193.55,11438740325,1062693750,1062.69,410.31,262596.29,1.57212E+11,4451748853,4.45,1.07,3609100.78
4196.62,4193.56,11442408935,1063034575,1063.03,410.44,262680.51,1.57329E+11,4455070701,4.46,1.07,3611793.86
4196.63,4193.57,11447184882,1063478275,1063.48,410.61,262790.15,1.57441E+11,4458235674,4.46,1.07,3614359.75
4196.64,4193.58,11450883900,1063821925,1063.82,410.74,262875.07,1.57559E+11,4461559973,4.46,1.07,3617054.81
4196.65,4193.59,11454527215,1064160400,1064.16,410.87,262958.71,1.5767E+11,4464726995,4.46,1.07,3619622.36
4196.66,4193.6,11459332493,1064606825,1064.61,411.05,263069.02,1.57788E+11,4468053625,4.47,1.07,3622319.31
4196.67,4193.61,11463039315,1064951200,1064.95,411.18,263154.12,1.579E+11,4471222985,4.47,1.07,3624888.76
4196.68,4193.62,11466742100,1065295200,1065.3,411.31,263239.12,1.58017E+11,4474551890,4.47,1.07,3627587.55
4196.69,4193.63,11471707492,1065756500,1065.76,411.49,263353.11,1.58129E+11,4477723420,4.48,1.07,3630158.76
4196.7,4193.64,11475451987,1066104375,1066.1,411.63,263439.07,1.58247E+11,4481054852,4.48,1.08,3632859.61
4196.71,4193.65,11479194868,1066452100,1066.45,411.76,263525,1.58359E+11,4484228676,4.48,1.08,3635432.67
4196.72,4193.66,11484767883,1066969850,1066.97,411.96,263652.94,1.58477E+11,4487562329,4.49,1.08,3638135.32
4196.73,4193.67,11488472283,1067314000,1067.31,412.09,263737.98,1.58589E+11,4490738722,4.49,1.08,3640710.47
4196.74,4193.68,11492289972,1067668675,1067.67,412.23,263825.62,1.58707E+11,4494075030,4.49,1.08,3643415.26
4196.75,4193.69,11496048461,1068017850,1068.02,412.36,263911.9,1.58819E+11,4497253509,4.5,1.08,3645992.1
4196.76,4193.7,11500932585,1068471600,1068.47,412.54,264024.03,1.58931E+11,4500433286,4.5,1.08,3648570
4196.77,4193.71,11504948062,1068844650,1068.84,412.68,264116.21,1.59049E+11,4503773229,4.5,1.08,3651277.74
4196.78,4193.72,11508605639,1069184450,1069.18,412.81,264200.17,1.59162E+11,4506955189,4.51,1.08,3653857.4
4196.79,4193.73,11513776083,1069664800,1069.66,413,264318.87,1.5928E+11,4510297520,4.51,1.08,3656567.08
4196.8,4193.74,11517481828,1070009075,1070.01,413.13,264403.94,1.59392E+11,4513481925,4.51,1.08,3659148.73
4196.81,4193.75,11521568347,1070388725,1070.39,413.28,264497.76,1.5951E+11,4516826679,4.52,1.08,3661860.37
4196.82,4193.76,11526690085,1070864550,1070.86,413.46,264615.33,1.59623E+11,4520013340,4.52,1.08,3664443.85
4196.83,4193.77,11530829346,1071249100,1071.25,413.61,264710.36,1.59741E+11,4523360778,4.52,1.09,3667157.67
4196.84,4193.78,11534651611,1071604200,1071.6,413.75,264798.11,1.59854E+11,4526549917,4.53,1.09,3669743.15
4196.85,4193.79,11540503949,1072147900,1072.15,413.96,264932.46,1.59972E+11,4529899671,4.53,1.09,3672458.85
4196.86,4193.8,11544365771,1072506675,1072.51,414.1,265021.11,1.60085E+11,4533091485,4.53,1.09,3675046.5
4196.87,4193.81,11548603253,1072900350,1072.9,414.25,265118.39,1.60203E+11,4536444062,4.54,1.09,3677764.48
4196.88,4193.82,11552578096,1073269625,1073.27,414.39,265209.64,1.60316E+11,4539638137,4.54,1.09,3680353.97
4196.89,4193.83,11558376346,1073808300,1073.81,414.6,265342.75,1.60434E+11,4542993395,4.54,1.09,3683074.13
4196.9,4193.84,11562344192,1074176925,1074.18,414.74,265433.84,1.60547E+11,4546190167,4.55,1.09,3685665.8
4196.91,4193.85,11566640338,1074576050,1074.58,414.9,265532.46,1.60666E+11,4549547971,4.55,1.09,3688388.02
4196.92,4193.86,11573884181,1075249025,1075.25,415.16,265698.76,1.60779E+11,4552747393,4.55,1.09,3690981.84
4196.93,4193.87,11578285544,1075657925,1075.66,415.31,265799.8,1.60897E+11,4556108564,4.56,1.09,3693706.8
4196.94,4193.88,11582417809,1076041825,1076.04,415.46,265894.66,1.61011E+11,4559310858,4.56,1.09,3696302.94
4196.95,4193.89,11588443715,1076601650,1076.6,415.68,266033,1.61129E+11,4562674579,4.56,1.09,3699029.96
4196.96,4193.9,11592603697,1076988125,1076.99,415.83,266128.5,1.61243E+11,4565879684,4.57,1.1,3701628.39
4196.97,4193.91,11597120503,1077407750,1077.41,415.99,266232.19,1.61361E+11,4569246309,4.57,1.1,3704357.77
4196.98,4193.92,11601360677,1077801675,1077.8,416.14,266329.53,1.61475E+11,4572453825,4.57,1.1,3706958.15
4196.99,4193.93,11607481843,1078370350,1078.37,416.36,266470.05,1.61594E+11,4575823376,4.58,1.1,3709689.9
4197,4193.94,11611713675,1078763500,1078.76,416.51,266567.2,1.61707E+11,4579033761,4.58,1.1,3712292.6
4197.01,4193.95,11616018701,1079163450,1079.16,416.67,266666.03,1.6182E+11,4582245338,4.58,1.1,3714896.28
4197.02,4193.96,11626073270,1080097550,1080.1,417.03,266896.85,1.6194E+11,4585619613,4.59,1.1,3717631.85
4197.03,4193.97,11630472211,1080506225,1080.51,417.19,266997.83,1.62053E+11,4588835174,4.59,1.1,3720238.76
4197.04,4193.98,11635163392,1080942050,1080.94,417.35,267105.53,1.62172E+11,4592212834,4.59,1.1,3722977.08
4197.05,4193.99,11641108030,1081494325,1081.49,417.57,267242,1.62286E+11,4595431014,4.6,1.1,3725586.11
4197.06,4194,11645916538,1081941050,1081.94,417.74,267352.39,1.62406E+11,4598811786,4.6,1.1,3728326.95
4197.07,4194.01,11650308483,1082349075,1082.35,417.9,267453.21,1.62519E+11,4602032829,4.6,1.1,3730938.3
4197.08,4194.02,11658633560,1083122500,1083.12,418.2,267644.33,1.62639E+11,4605416257,4.61,1.1,3733681.3
4197.09,4194.03,11663131260,1083540350,1083.54,418.36,267747.58,1.62753E+11,4608640832,4.61,1.11,3736295.51
4197.1,4194.04,11668046869,1083997025,1084,418.53,267860.43,1.62872E+11,4612028005,4.61,1.11,3739041.54
4197.11,4194.05,11672517121,1084412325,1084.41,418.69,267963.05,1.62986E+11,4615255186,4.62,1.11,3741657.87
4197.12,4194.06,11679038705,1085018200,1085.02,418.93,268112.76,1.63106E+11,4618645427,4.62,1.11,3744406.39
4197.13,4194.07,11683550398,1085437350,1085.44,419.09,268216.34,1.6322E+11,4621875651,4.62,1.11,3747025.18
4197.14,4194.08,11688405729,1085888425,1085.89,419.26,268327.8,1.6334E+11,4625268741,4.63,1.11,3749776.01
4197.15,4194.09,11694974944,1086498725,1086.5,419.5,268478.61,1.63454E+11,4628501781,4.63,1.11,3752397.08
4197.16,4194.1,11699983391,1086964025,1086.96,419.68,268593.59,1.63574E+11,4631898212,4.63,1.11,3755150.62
4197.17,4194.11,11704558591,1087389075,1087.39,419.84,268698.62,1.63688E+11,4635134233,4.64,1.11,3757774.11
4197.18,4194.12,11712039240,1088084050,1088.08,420.11,268870.35,1.63808E+11,4638533556,4.64,1.11,3760530
4197.19,4194.13,11716709432,1088517925,1088.52,420.28,268977.56,1.63923E+11,4641772921,4.64,1.11,3763156.2
4197.2,4194.14,11721852428,1088995725,1089,420.46,269095.63,1.64043E+11,4645175678,4.65,1.11,3765914.87
4197.21,4194.15,11726583974,1089435300,1089.44,420.63,269204.25,1.64157E+11,4648417765,4.65,1.12,3768543.27
4197.22,4194.16,11734123017,1090135700,1090.14,420.9,269377.32,1.64278E+11,4651823971,4.65,1.12,3771304.74
4197.23,4194.17,11739030822,1090591650,1090.59,421.08,269489.99,1.64392E+11,4655069470,4.66,1.12,3773935.91
4197.24,4194.18,11744319131,1091082950,1091.08,421.27,269611.39,1.64513E+11,4658478731,4.66,1.12,3776699.85
4197.25,4194.19,11751325629,1091733875,1091.73,421.52,269772.24,1.64627E+11,4661727399,4.66,1.12,3779333.6
4197.26,4194.2,11756529711,1092217350,1092.22,421.71,269891.71,1.64742E+11,4664977694,4.66,1.12,3781968.66
4197.27,4194.21,11761706883,1092698325,1092.7,421.89,270010.56,1.64863E+11,4668392010,4.67,1.12,3784736.7
4197.28,4194.22,11769549468,1093426925,1093.43,422.17,270190.6,1.64978E+11,4671645397,4.67,1.12,3787374.27
4197.29,4194.23,11774812213,1093915850,1093.92,422.36,270311.41,1.65098E+11,4675063503,4.68,1.12,3790145.38
4197.3,4194.24,11780098369,1094406950,1094.41,422.55,270432.77,1.65213E+11,4678320296,4.68,1.12,3792785.71
4197.31,4194.25,11787782994,1095120875,1095.12,422.83,270609.18,1.65334E+11,4681741511,4.68,1.12,3795559.34
4197.32,4194.26,11793161451,1095620550,1095.62,423.02,270732.65,1.65449E+11,4685001897,4.69,1.12,3798202.59
4197.33,4194.27,11798617139,1096127400,1096.13,423.22,270857.9,1.6557E+11,4688426889,4.69,1.12,3800979.28
4197.34,4194.28,11804129607,1096639525,1096.64,423.41,270984.44,1.65685E+11,4691690289,4.69,1.13,3803624.97
4197.35,4194.29,11812617757,1097428100,1097.43,423.72,271179.3,1.65807E+11,4695119116,4.7,1.13,3806404.77
4197.36,4194.3,11818203419,1097947025,1097.95,423.92,271307.53,1.65922E+11,4698386404,4.7,1.13,3809053.61
4197.37,4194.31,11823784238,1098465500,1098.47,424.12,271435.65,1.66043E+11,4701818680,4.7,1.13,3811836.21
4197.38,4194.32,11831814922,1099211575,1099.21,424.41,271620.01,1.66159E+11,4705089348,4.71,1.13,3814487.79
4197.39,4194.33,11837438527,1099734025,1099.73,424.61,271749.11,1.6628E+11,4708525577,4.71,1.13,3817273.6
4197.4,4194.34,11843090388,1100259100,1100.26,424.81,271878.86,1.66396E+11,4711799733,4.71,1.13,3819928
4197.41,4194.35,11851646889,1101054025,1101.05,425.12,272075.29,1.66517E+11,4715239401,4.72,1.13,3822716.6
4197.42,4194.36,11857139443,1101564300,1101.56,425.32,272201.38,1.66633E+11,4718517497,4.72,1.13,3825374.2
4197.43,4194.37,11863113952,1102119350,1102.12,425.53,272338.53,1.66754E+11,4721961161,4.72,1.13,3828166.03
4197.44,4194.38,11868603008,1102629300,1102.63,425.73,272464.54,1.6687E+11,4725242430,4.73,1.13,3830826.2
4197.45,4194.39,11877058867,1103414875,1103.41,426.03,272658.66,1.66992E+11,4728690077,4.73,1.13,3833621.26
4197.46,4194.4,11882549269,1103924950,1103.92,426.23,272784.7,1.67108E+11,4731975195,4.73,1.14,3836284.56
4197.47,4194.41,11888525930,1104480200,1104.48,426.44,272921.91,1.6723E+11,4735426236,4.74,1.14,3839082.37
4197.48,4194.42,11899734928,1105521550,1105.52,426.84,273179.23,1.67346E+11,4738715560,4.74,1.14,3841749.08
4197.49,4194.43,11905642969,1106070425,1106.07,427.06,273314.86,1.67468E+11,4742171577,4.74,1.14,3844550.92
4197.5,4194.44,11911146018,1106581675,1106.58,427.25,273441.19,1.67585E+11,4745464599,4.75,1.14,3847220.63
4197.51,4194.45,11919495853,1107357400,1107.36,427.55,273632.88,1.67701E+11,4748759389,4.75,1.14,3849891.76
4197.52,4194.46,11925194805,1107886850,1107.89,427.76,273763.71,1.67823E+11,4752221106,4.75,1.14,3852698.23
4197.53,4194.47,11930912594,1108418050,1108.42,427.96,273894.97,1.6794E+11,4755519564,4.76,1.14,3855372.34
4197.54,4194.48,11943126942,1109552800,1109.55,428.4,274175.37,1.68062E+11,4758984675,4.76,1.14,3858181.56
4197.55,4194.49,11948831545,1110082775,1110.08,428.61,274306.33,1.68179E+11,4762288088,4.76,1.14,3860859.69
4197.56,4194.5,11954504933,1110609850,1110.61,428.81,274436.57,1.68301E+11,4765758313,4.77,1.14,3863673.05
4197.57,4194.51,11960211690,1111140025,1111.14,429.01,274567.58,1.68418E+11,4769064868,4.77,1.14,3866353.72
4197.58,4194.52,11973798435,1112402275,1112.4,429.5,274879.49,1.68541E+11,4772540170,4.77,1.14,3869171.2
4197.59,4194.53,11979479089,1112930025,1112.93,429.7,275009.9,1.68658E+11,4775852059,4.78,1.15,3871856.2
4197.6,4194.54,11985129873,1113455000,1113.46,429.91,275139.62,1.6878E+11,4779331188,4.78,1.15,3874676.79
4197.61,4194.55,11994127964,1114290950,1114.29,430.23,275346.19,1.68898E+11,4782646668,4.78,1.15,3877364.7
4197.62,4194.56,11999802698,1114818150,1114.82,430.43,275476.46,1.69021E+11,4786130055,4.79,1.15,3880188.73
4197.63,4194.57,12005440565,1115341925,1115.34,430.64,275605.89,1.69138E+11,4789449122,4.79,1.15,3882879.55
4197.64,4194.58,12013795243,1116118100,1116.12,430.94,275797.69,1.69261E+11,4792935971,4.79,1.15,3885706.39
4197.65,4194.59,12019516799,1116649650,1116.65,431.14,275929.03,1.69378E+11,4796258922,4.8,1.15,3888400.36
4197.66,4194.6,12025161125,1117174025,1117.17,431.34,276058.61,1.69502E+11,4799749671,4.8,1.15,3891230.36
4197.67,4194.61,12030734947,1117691850,1117.69,431.54,276186.57,1.69619E+11,4803075743,4.8,1.15,3893926.86
4197.68,4194.62,12039237091,1118481725,1118.48,431.85,276381.75,1.69742E+11,4806570534,4.81,1.15,3896760.14
4197.69,4194.63,12044980982,1119015350,1119.02,432.05,276513.61,1.6986E+11,4809900519,4.81,1.15,3899459.81
4197.7,4194.64,12050736176,1119550025,1119.55,432.26,276645.73,1.69984E+11,4813398677,4.81,1.15,3902295.82
4197.71,4194.65,12059886845,1120400150,1120.4,432.59,276855.8,1.70101E+11,4816732500,4.82,1.16,3904998.6
4197.72,4194.66,12065705277,1120940700,1120.94,432.8,276989.37,1.70225E+11,4820234991,4.82,1.16,3907838.12
4197.73,4194.67,12071598518,1121488200,1121.49,433.01,277124.66,1.70343E+11,4823572309,4.82,1.16,3910543.74
4197.74,4194.68,12080598762,1122324350,1122.32,433.33,277331.28,1.70467E+11,4827078551,4.83,1.16,3913386.3
4197.75,4194.69,12086728809,1122893850,1122.89,433.55,277472,1.70585E+11,4830420026,4.83,1.16,3916095.29
4197.76,4194.7,12092602675,1123439550,1123.44,433.76,277606.85,1.70703E+11,4833763152,4.83,1.16,3918805.61
4197.77,4194.71,12103248720,1124428600,1124.43,434.14,277851.25,1.70827E+11,4837275329,4.84,1.16,3921652.99
4197.78,4194.72,12109370694,1124997350,1125,434.36,277991.79,1.70945E+11,4840623057,4.84,1.16,3924367.04
4197.79,4194.73,12116014180,1125614550,1125.61,434.6,278144.3,1.71069E+11,4844140013,4.84,1.16,3927218.29
4197.8,4194.74,12122157951,1126185325,1126.19,434.82,278285.34,1.71188E+11,4847491273,4.85,1.16,3929935.21
4197.81,4194.75,12131997241,1127099425,1127.1,435.18,278511.22,1.71312E+11,4851012694,4.85,1.16,3932790.08
4197.82,4194.76,12138107375,1127667075,1127.67,435.39,278651.49,1.7143E+11,4854368367,4.85,1.16,3935510.57
4197.83,4194.77,12144816521,1128290375,1128.29,435.64,278805.51,1.71555E+11,4857893685,4.86,1.17,3938368.6
4197.84,4194.78,12154782556,1129216250,1129.22,435.99,279034.3,1.71674E+11,4861253484,4.86,1.17,3941092.44
4197.85,4194.79,12161583733,1129848100,1129.85,436.24,279190.43,1.71798E+11,4864783654,4.86,1.17,3943954.41
4197.86,4194.8,12167909414,1130435775,1130.44,436.46,279335.65,1.71917E+11,4868147535,4.87,1.17,3946681.56
4197.87,4194.81,12177983358,1131371675,1131.37,436.83,279566.91,1.72042E+11,4871681742,4.87,1.17,3949546.79
4197.88,4194.82,12184391652,1131967025,1131.97,437.05,279714.02,1.72161E+11,4875050166,4.88,1.17,3952277.62
4197.89,4194.83,12191369626,1132615300,1132.62,437.31,279874.22,1.72286E+11,4878588955,4.88,1.17,3955146.57
4197.9,4194.84,12197813710,1133213975,1133.21,437.54,280022.15,1.72405E+11,4881961082,4.88,1.17,3957880.41
4197.91,4194.85,12208842412,1134238575,1134.24,437.93,280275.33,1.7253E+11,4885504864,4.89,1.17,3960753.41
4197.92,4194.86,12215429926,1134850575,1134.85,438.17,280426.56,1.72649E+11,4888881847,4.89,1.17,3963491.18
4197.93,4194.87,12222555096,1135512525,1135.51,438.42,280590.13,1.72775E+11,4892429662,4.89,1.17,3966367.45
4197.94,4194.88,12232489109,1136435425,1136.44,438.78,280818.19,1.72894E+11,4895811083,4.9,1.17,3969108.82
4197.95,4194.89,12239607821,1137096775,1137.1,439.04,280981.61,1.73019E+11,4899363852,4.9,1.18,3971989.1
4197.96,4194.9,12246177574,1137707125,1137.71,439.27,281132.43,1.73139E+11,4902749340,4.9,1.18,3974733.77
4197.97,4194.91,12257454116,1138754750,1138.75,439.68,281391.3,1.73265E+11,4906306594,4.91,1.18,3977617.69
4197.98,4194.92,12264229459,1139384200,1139.38,439.92,281546.84,1.73384E+11,4909697039,4.91,1.18,3980366.37
4197.99,4194.93,12271514204,1140060975,1140.06,440.18,281714.08,1.7351E+11,4913259051,4.91,1.18,3983254.15
4198,4194.94,12282028930,1141037825,1141.04,440.56,281955.46,1.7363E+11,4916653497,4.92,1.18,3986006.08
4198.01,4194.95,12288894152,1141675625,1141.68,440.8,282113.06,1.7375E+11,4920050775,4.92,1.18,3988760.3
4198.02,4194.96,12296398482,1142372800,1142.37,441.07,282285.34,1.73876E+11,4923620002,4.92,1.18,3991653.93
4198.03,4194.97,12303387758,1143022125,1143.02,441.32,282445.79,1.73996E+11,4927021277,4.93,1.18,3994411.4
4198.04,4194.98,12315479666,1144145500,1144.15,441.76,282723.38,1.74122E+11,4930595776,4.93,1.18,3997309.3
4198.05,4194.99,12322588690,1144805950,1144.81,442.01,282886.58,1.74243E+11,4934002341,4.93,1.18,4000071.05
4198.06,4195,12330362925,1145528200,1145.53,442.29,283065.05,1.74369E+11,4937581383,4.94,1.18,4002972.64
4198.07,4195.01,12341726385,1146583900,1146.58,442.7,283325.92,1.7449E+11,4940992759,4.94,1.19,4005738.29
4198.08,4195.02,12349581079,1147313625,1147.31,442.98,283506.24,1.74616E+11,4944577368,4.94,1.19,4008644.39
4198.09,4195.03,12356940096,1147997300,1148,443.24,283675.18,1.74737E+11,4947993390,4.95,1.19,4011413.81
4198.1,4195.04,12369263966,1149142225,1149.14,443.69,283958.09,1.74863E+11,4951582798,4.95,1.19,4014323.8
4198.11,4195.05,12376691064,1149832225,1149.83,443.95,284128.59,1.74984E+11,4955004267,4.96,1.19,4017097.63
4198.12,4195.06,12384740855,1150580075,1150.58,444.24,284313.39,1.75111E+11,4958599066,4.96,1.19,4020011.99
4198.13,4195.07,12396803431,1151700725,1151.7,444.67,284590.31,1.75232E+11,4962024826,4.96,1.19,4022789.31
4198.14,4195.08,12404990461,1152461325,1152.46,444.97,284778.26,1.75359E+11,4965625476,4.97,1.19,4025708.41
4198.15,4195.09,12412506092,1153159550,1153.16,445.24,284950.79,1.75481E+11,4969056839,4.97,1.19,4028490.27
4198.16,4195.1,12420760397,1153926400,1153.93,445.53,285140.28,1.75608E+11,4972662055,4.97,1.19,4031413.07
4198.17,4195.11,12432857418,1155050250,1155.05,445.97,285417.99,1.75729E+11,4976098724,4.98,1.19,4034199.23
4198.18,4195.12,12441008658,1155807525,1155.81,446.26,285605.12,1.75857E+11,4979709831,4.98,1.19,4037126.81
4198.19,4195.13,12448669871,1156519275,1156.52,446.53,285780.99,1.75978E+11,4983151175,4.98,1.2,4039916.76
4198.2,4195.14,12461547276,1157715625,1157.72,447,286076.62,1.76106E+11,4986767527,4.99,1.2,4042848.59
4198.21,4195.15,12469159782,1158422850,1158.42,447.27,286251.38,1.76228E+11,4990214537,4.99,1.2,4045643.14
4198.22,4195.16,12477306448,1159179700,1159.18,447.56,286438.4,1.76356E+11,4993836183,4.99,1.2,4048579.26
4198.23,4195.17,12489449484,1160307825,1160.31,448,286717.16,1.76478E+11,4997287735,5,1.2,4051377.49
4198.24,4195.18,12497721818,1161076350,1161.08,448.29,286907.07,1.76606E+11,5000915285,5,1.2,4054318.4
4198.25,4195.19,12505412632,1161790850,1161.79,448.57,287083.62,1.76728E+11,5004372309,5,1.2,4057121.06
4198.26,4195.2,12513393534,1162532300,1162.53,448.86,287266.84,1.7685E+11,5007831487,5.01,1.2,4059925.47
4198.27,4195.21,12525942370,1163698125,1163.7,449.31,287554.92,1.76978E+11,5011467078,5.01,1.2,4062872.9
4198.28,4195.22,12533864339,1164434100,1164.43,449.59,287736.78,1.77101E+11,5014931928,5.01,1.2,4065681.9
4198.29,4195.23,12541808374,1165172125,1165.17,449.88,287919.15,1.77229E+11,5018572320,5.02,1.2,4068633.23
4198.3,4195.24,12553386036,1166247725,1166.25,450.29,288184.94,1.77352E+11,5022042222,5.02,1.2,4071446.33
4198.31,4195.25,12561420757,1166994175,1166.99,450.58,288369.39,1.77481E+11,5025688337,5.03,1.21,4074402.29
4198.32,4195.26,12568904634,1167689450,1167.69,450.85,288541.19,1.77603E+11,5029162974,5.03,1.21,4077219.23
4198.33,4195.27,12581979287,1168904125,1168.9,451.32,288841.34,1.77732E+11,5032814086,5.03,1.21,4080179.24
4198.34,4195.28,12589348798,1169588775,1169.59,451.58,289010.52,1.77855E+11,5036294390,5.04,1.21,4083000.78
4198.35,4195.29,12597307096,1170328125,1170.33,451.87,289193.22,1.77984E+11,5039950937,5.04,1.21,4085965.2
4198.36,4195.3,12608705808,1171387100,1171.39,452.28,289454.9,1.78107E+11,5043435474,5.04,1.21,4088790.16
4198.37,4195.31,12616570459,1172117750,1172.12,452.56,289635.45,1.78237E+11,5047097627,5.05,1.21,4091759.13
4198.38,4195.32,12623774744,1172787050,1172.79,452.82,289800.83,1.7836E+11,5050587472,5.05,1.21,4094588.4
4198.39,4195.33,12631575350,1173511750,1173.51,453.1,289979.91,1.78489E+11,5054253989,5.05,1.21,4097560.9
4198.4,4195.34,12643479428,1174617675,1174.62,453.52,290253.19,1.78613E+11,5057748957,5.06,1.21,4100394.32
4198.41,4195.35,12651305598,1175344750,1175.34,453.8,290432.85,1.78742E+11,5061421195,5.06,1.21,4103371.46
4198.42,4195.36,12658537331,1176016600,1176.02,454.06,290598.87,1.78866E+11,5064920652,5.06,1.22,4106208.53
4198.43,4195.37,12670403466,1177119000,1177.12,454.49,290871.28,1.78996E+11,5068597824,5.07,1.22,4109189.67
4198.44,4195.38,12677567925,1177784600,1177.78,454.75,291035.75,1.7912E+11,5072102548,5.07,1.22,4112031
4198.45,4195.39,12685291838,1178502175,1178.5,455.02,291213.06,1.7925E+11,5075784668,5.08,1.22,4115016.15
4198.46,4195.4,12697174387,1179606100,1179.61,455.45,291485.85,1.79374E+11,5079293774,5.08,1.22,4117861.04
4198.47,4195.41,12704750566,1180309950,1180.31,455.72,291659.77,1.79504E+11,5082981577,5.08,1.22,4120850.79
4198.48,4195.42,12711737420,1180959050,1180.96,455.97,291820.17,1.79628E+11,5086495774,5.09,1.22,4123699.81
4198.49,4195.43,12719262470,1181658150,1181.66,456.24,291992.92,1.79758E+11,5090187791,5.09,1.22,4126692.98
4198.5,4195.44,12730124870,1182667300,1182.67,456.63,292242.29,1.79883E+11,5093707031,5.09,1.22,4129546.08
4198.51,4195.45,12737340188,1183337625,1183.34,456.89,292407.93,1.80007E+11,5097228273,5.1,1.22,4132400.81
4198.52,4195.46,12744495498,1184002375,1184,457.15,292572.19,1.80138E+11,5100927662,5.1,1.22,4135399.96
4198.53,4195.47,12756378855,1185106375,1185.11,457.57,292844.99,1.80262E+11,5104453717,5.1,1.22,4138258.59
4198.54,4195.48,12763548696,1185772475,1185.77,457.83,293009.59,1.80393E+11,5108158629,5.11,1.23,4141262.21
4198.55,4195.49,12770668753,1186433950,1186.43,458.08,293173.04,1.80518E+11,5111689099,5.11,1.23,4144124.42
4198.56,4195.5,12781723020,1187460925,1187.46,458.48,293426.81,1.80649E+11,5115398588,5.12,1.23,4147131.76
4198.57,4195.51,12788885057,1188126300,1188.13,458.74,293591.23,1.80773E+11,5118934083,5.12,1.23,4149998.04
4198.58,4195.52,12796050054,1188791950,1188.79,459,293755.71,1.80905E+11,5122648431,5.12,1.23,4153009.32
4198.59,4195.53,12807794826,1189883075,1189.88,459.42,294025.34,1.8103E+11,5126187936,5.13,1.23,4155878.85
4198.6,4195.54,12814901698,1190543325,1190.54,459.67,294188.49,1.81161E+11,5129907768,5.13,1.23,4158894.57
4198.61,4195.55,12822016911,1191204350,1191.2,459.93,294351.83,1.81286E+11,5133452428,5.13,1.23,4161768.28
4198.62,4195.56,12829218237,1191873375,1191.87,460.18,294517.15,1.81418E+11,5137176405,5.14,1.23,4164787.37
4198.63,4195.57,12840218953,1192895375,1192.9,460.58,294769.69,1.81543E+11,5140725886,5.14,1.23,4167664.99
4198.64,4195.58,12847358117,1193558625,1193.56,460.84,294933.58,1.81675E+11,5144455136,5.14,1.23,4170688.35
4198.65,4195.59,12854564016,1194228075,1194.23,461.09,295099,1.818E+11,5148008777,5.15,1.24,4173569.34
4198.66,4195.6,12866536983,1195340400,1195.34,461.52,295373.86,1.81932E+11,5151742934,5.15,1.24,4176596.68
4198.67,4195.61,12873702787,1196006125,1196.01,461.78,295538.37,1.82058E+11,5155301877,5.16,1.24,4179481.97
4198.68,4195.62,12880801586,1196665625,1196.67,462.04,295701.33,1.8219E+11,5159040848,5.16,1.24,4182513.21
4198.69,4195.63,12891759247,1197683625,1197.68,462.43,295952.89,1.82316E+11,5162603992,5.16,1.24,4185401.9
4198.7,4195.64,12898744218,1198332550,1198.33,462.68,296113.24,1.82448E+11,5166348182,5.17,1.24,4188437.37
4198.71,4195.65,12905696089,1198978400,1198.98,462.93,296272.83,1.82574E+11,5169916002,5.17,1.24,4191329.86
4198.72,4195.66,12912640695,1199623575,1199.62,463.18,296432.26,1.82706E+11,5173664237,5.17,1.24,4194368.61
4198.73,4195.67,12923766542,1200657200,1200.66,463.58,296687.67,1.82832E+11,5177237013,5.18,1.24,4197265.12
4198.74,4195.68,12930640106,1201295775,1201.3,463.82,296845.46,1.82965E+11,5180990479,5.18,1.24,4200308.11
4198.75,4195.69,12937507750,1201933800,1201.93,464.07,297003.12,1.83091E+11,5184567108,5.18,1.24,4203207.74
4198.76,4195.7,12947461407,1202858525,1202.86,464.43,297231.63,1.83218E+11,5188146204,5.19,1.24,4206109.36
4198.77,4195.71,12954535718,1203515750,1203.52,464.68,297394.03,1.8335E+11,5191906569,5.19,1.25,4209157.95
4198.78,4195.72,12961005366,1204116800,1204.12,464.91,297542.55,1.83477E+11,5195489741,5.2,1.25,4212062.88
4198.79,4195.73,12972220016,1205158675,1205.16,465.31,297800,1.8361E+11,5199254495,5.2,1.25,4215115.02
4198.8,4195.74,12978641226,1205755225,1205.76,465.54,297947.41,1.83737E+11,5202842552,5.2,1.25,4218023.92
4198.81,4195.75,12985645303,1206405925,1206.41,465.8,298108.2,1.8387E+11,5206611947,5.21,1.25,4221079.82
4198.82,4195.76,12996134734,1207380425,1207.38,466.17,298349.01,1.83997E+11,5210203830,5.21,1.25,4223991.82
4198.83,4195.77,13003004530,1208018650,1208.02,466.42,298506.72,1.8413E+11,5213978292,5.21,1.25,4227051.83
4198.84,4195.78,13009358198,1208608925,1208.61,466.65,298652.57,1.84257E+11,5217574858,5.22,1.25,4229967.62
4198.85,4195.79,13016295538,1209253425,1209.25,466.9,298811.83,1.8439E+11,5221353171,5.22,1.25,4233030.76
4198.86,4195.8,13026832868,1210232375,1210.23,467.27,299053.74,1.84518E+11,5224954326,5.22,1.25,4235950.27
4198.87,4195.81,13033759982,1210875925,1210.88,467.52,299212.76,1.84651E+11,5228737706,5.23,1.25,4239017.51
4198.88,4195.82,13040177426,1211472125,1211.47,467.75,299360.08,1.84778E+11,5232342773,5.23,1.26,4241940.2
4198.89,4195.83,13050588818,1212439375,1212.44,468.13,299599.1,1.84912E+11,5236130610,5.24,1.26,4245011.05
4198.9,4195.84,13056854221,1213021450,1213.02,468.35,299742.93,1.8504E+11,5239740315,5.24,1.26,4247937.5
4198.91,4195.85,13063549374,1213643450,1213.64,468.59,299896.63,1.85174E+11,5243532421,5.24,1.26,4251011.82
4198.92,4195.86,13074263232,1214638800,1214.64,468.97,300142.58,1.85301E+11,5247146130,5.25,1.26,4253941.5
4198.93,4195.87,13080837828,1215249600,1215.25,469.21,300293.51,1.85435E+11,5250943273,5.25,1.26,4257019.91
4198.94,4195.88,13087312051,1215851075,1215.85,469.44,300442.14,1.85563E+11,5254561398,5.25,1.26,4259953.18
4198.95,4195.89,13097418556,1216790000,1216.79,469.81,300674.15,1.85697E+11,5258362338,5.26,1.26,4263034.66
4198.96,4195.9,13104002302,1217401650,1217.4,470.04,300825.3,1.85825E+11,5261985064,5.26,1.26,4265971.65
4198.97,4195.91,13110554832,1218010400,1218.01,470.28,300975.72,1.8596E+11,5265790835,5.27,1.26,4269057.05
4198.98,4195.92,13117118934,1218620225,1218.62,470.51,301126.41,1.86088E+11,5269417194,5.27,1.26,4271997
4198.99,4195.93,13127829294,1219615250,1219.62,470.9,301372.29,1.86222E+11,5273227641,5.27,1.27,4275086.18
4199,4195.94,13134221173,1220209075,1220.21,471.13,301519.02,1.86351E+11,5276858754,5.28,1.27,4278029.98
4199.01,4195.95,13140420916,1220785050,1220.79,471.35,301661.35,1.86479E+11,5280491597,5.28,1.27,4280975.18
4199.02,4195.96,13150502933,1221721700,1221.72,471.71,301892.8,1.86614E+11,5284308378,5.28,1.27,4284069.51
4199.03,4195.97,13156757303,1222302750,1222.3,471.93,302036.38,1.86742E+11,5287945733,5.29,1.27,4287018.37
4199.04,4195.98,13163404556,1222920300,1222.92,472.17,302188.98,1.86877E+11,5291766825,5.29,1.27,4290116.18
4199.05,4195.99,13173589906,1223866550,1223.87,472.54,302422.8,1.87006E+11,5295407897,5.3,1.27,4293068.06
4199.06,4196,13180312237,1224491075,1224.49,472.78,302577.12,1.87141E+11,5299233892,5.3,1.27,4296169.85
4199.07,4196.01,13186534854,1225069175,1225.07,473,302719.97,1.87269E+11,5302879489,5.3,1.27,4299125.39
4199.08,4196.02,13193273062,1225695175,1225.7,473.24,302874.66,1.87405E+11,5306709234,5.31,1.27,4302230.22
4199.09,4196.03,13202835989,1226583600,1226.58,473.59,303094.2,1.87534E+11,5310359197,5.31,1.27,4305189.3
4199.1,4196.04,13209557782,1227208075,1227.21,473.83,303248.51,1.87669E+11,5314193675,5.31,1.27,4308297.97
4199.11,4196.05,13215752951,1227783625,1227.78,474.05,303390.73,1.87798E+11,5317847343,5.32,1.28,4311260.06
4199.12,4196.06,13226464925,1228778800,1228.78,474.43,303636.64,1.87934E+11,5321686229,5.32,1.28,4314372.3
4199.13,4196.07,13232724946,1229360375,1229.36,474.66,303780.35,1.88063E+11,5325344584,5.33,1.28,4317338.19
4199.14,4196.08,13239494370,1229989275,1229.99,474.9,303935.75,1.88198E+11,5329187746,5.33,1.28,4320453.9
4199.15,4196.09,13249256160,1230896175,1230.9,475.25,304159.85,1.88328E+11,5332849991,5.33,1.28,4323422.93
4199.16,4196.1,13256127571,1231534550,1231.53,475.5,304317.6,1.88464E+11,5336697971,5.34,1.28,4326542.55
4199.17,4196.11,13262438183,1232120825,1232.12,475.72,304462.47,1.88593E+11,5340364527,5.34,1.28,4329515.08
4199.18,4196.12,13273091494,1233110550,1233.11,476.11,304707.03,1.88729E+11,5344216317,5.34,1.28,4332637.79
4199.19,4196.13,13279385960,1233695325,1233.7,476.33,304851.53,1.88859E+11,5347887564,5.35,1.28,4335614.12
4199.2,4196.14,13286418830,1234348700,1234.35,476.58,305012.99,1.88995E+11,5351744306,5.35,1.28,4338740.84
4199.21,4196.15,13292729441,1234934975,1234.93,476.81,305157.86,1.89125E+11,5355419240,5.36,1.28,4341720.17
4199.22,4196.16,13303688179,1235953075,1235.95,477.2,305409.43,1.89261E+11,5359280670,5.36,1.29,4344850.69
4199.23,4196.17,13310233174,1236561125,1236.56,477.44,305559.69,1.89391E+11,5362960414,5.36,1.29,4347833.91
4199.24,4196.18,13317266852,1237214575,1237.21,477.69,305721.16,1.89528E+11,5366826112,5.37,1.29,4350967.89
4199.25,4196.19,13327816560,1238194675,1238.19,478.07,305963.34,1.89658E+11,5370510106,5.37,1.29,4353954.56
4199.26,4196.2,13334336799,1238800425,1238.8,478.3,306113.03,1.89788E+11,5374196540,5.37,1.29,4356943.21
4199.27,4196.21,13341465737,1239462725,1239.46,478.56,306276.68,1.89925E+11,5378069280,5.38,1.29,4360082.9
4199.28,4196.22,13351928796,1240434775,1240.43,478.93,306516.88,1.90055E+11,5381759707,5.38,1.29,4363074.79
4199.29,4196.23,13358962204,1241088200,1241.09,479.19,306678.35,1.90192E+11,5385637544,5.39,1.29,4366218.61
4199.3,4196.24,13365424318,1241688550,1241.69,479.42,306826.7,1.90322E+11,5389332584,5.39,1.29,4369214.23
4199.31,4196.25,13372453689,1242341600,1242.34,479.67,306988.07,1.9046E+11,5393214338,5.39,1.29,4372361.23
4199.32,4196.26,13382733493,1243296625,1243.3,480.04,307224.06,1.9059E+11,5396914076,5.4,1.29,4375360.67
4199.33,4196.27,13389535208,1243928525,1243.93,480.28,307380.2,1.90727E+11,5400800817,5.4,1.3,4378511.71
4199.34,4196.28,13395870307,1244517075,1244.52,480.51,307525.64,1.90858E+11,5404504293,5.4,1.3,4381514.17
4199.35,4196.29,13406661397,1245519600,1245.52,480.9,307773.36,1.90996E+11,5408395570,5.41,1.3,4384668.89
4199.36,4196.3,13412965819,1246105300,1246.11,481.12,307918.09,1.91127E+11,5412103782,5.41,1.3,4387675.19
4199.37,4196.31,13419725286,1246733275,1246.73,481.37,308073.27,1.91264E+11,5415999293,5.42,1.3,4390833.34
4199.38,4196.32,13429717962,1247661625,1247.66,481.72,308302.67,1.91395E+11,5419711465,5.42,1.3,4393842.86
4199.39,4196.33,13436453479,1248287375,1248.29,481.97,308457.29,1.91533E+11,5423611840,5.42,1.3,4397004.95
4199.4,4196.34,13442710271,1248868650,1248.87,482.19,308600.93,1.91664E+11,5427328275,5.43,1.3,4400017.92
4199.41,4196.35,13453718522,1249891350,1249.89,482.59,308853.64,1.91802E+11,5431232559,5.43,1.3,4403183.18
4199.42,4196.36,13460002493,1250475150,1250.48,482.81,308997.9,1.91934E+11,5434953771,5.43,1.3,4406200.03
4199.43,4196.37,13466890857,1251115100,1251.12,483.06,309156.04,1.92072E+11,5438862963,5.44,1.3,4409369.27
4199.44,4196.38,13473320948,1251712475,1251.71,483.29,309303.65,1.92203E+11,5442587836,5.44,1.31,4412389.08
4199.45,4196.39,13484486084,1252749750,1252.75,483.69,309559.97,1.92341E+11,5446501816,5.45,1.31,4415562.2
4199.46,4196.4,13490971609,1253352275,1253.35,483.92,309708.85,1.92473E+11,5450231554,5.45,1.31,4418585.96
4199.47,4196.41,13498150868,1254019250,1254.02,484.18,309873.67,1.92611E+11,5454149770,5.45,1.31,4421762.52
4199.48,4196.42,13509261107,1255051425,1255.05,484.58,310128.72,1.92743E+11,5457883924,5.46,1.31,4424789.85
4199.49,4196.43,13516458934,1255720125,1255.72,484.84,310293.96,1.92882E+11,5461807453,5.46,1.31,4427970.72
4199.5,4196.44,13523172385,1256343825,1256.34,485.08,310448.08,1.93014E+11,5465546069,5.47,1.31,4431001.67
4199.51,4196.45,13533901044,1257340550,1257.34,485.46,310694.37,1.93146E+11,5469286776,5.47,1.31,4434034.32
4199.52,4196.46,13540786986,1257980275,1257.98,485.71,310852.45,1.93285E+11,5473217408,5.47,1.31,4437220.94
4199.53,4196.47,13547735090,1258625775,1258.63,485.96,311011.96,1.93417E+11,5476962780,5.48,1.31,4440257.37
4199.54,4196.48,13554726250,1259275275,1259.28,486.21,311172.45,1.93556E+11,5480897452,5.48,1.31,4443447.27
4199.55,4196.49,13566273235,1260348025,1260.35,486.62,311437.53,1.93689E+11,5484647819,5.48,1.32,4446487.75
4199.56,4196.5,13573163483,1260988150,1260.99,486.87,311595.71,1.93828E+11,5488587850,5.49,1.32,4449681.99
4199.57,4196.51,13580018749,1261625025,1261.63,487.12,311753.09,1.9396E+11,5492342158,5.49,1.32,4452725.67
4199.58,4196.52,13590437676,1262592975,1262.59,487.49,311992.27,1.941E+11,5496286822,5.5,1.32,4455923.67
4199.59,4196.53,13597204946,1263221675,1263.22,487.73,312147.63,1.94232E+11,5500045896,5.5,1.32,4458971.21
4199.6,4196.54,13603994552,1263852450,1263.85,487.98,312303.49,1.94372E+11,5503994887,5.5,1.32,4462172.71
4199.61,4196.55,13615052586,1264879775,1264.88,488.37,312557.35,1.94505E+11,5507758118,5.51,1.32,4465223.62
4199.62,4196.56,13621965707,1265522025,1265.52,488.62,312716.05,1.94644E+11,5511712309,5.51,1.32,4468429.35
4199.63,4196.57,13628869680,1266163425,1266.16,488.87,312874.54,1.94777E+11,5515480111,5.52,1.32,4471483.96
4199.64,4196.58,13639714319,1267170925,1267.17,489.26,313123.5,1.94917E+11,5519438423,5.52,1.32,4474693.02
4199.65,4196.59,13646804238,1267829600,1267.83,489.51,313286.26,1.9505E+11,5523211153,5.52,1.33,4477751.63
4199.66,4196.6,13653973002,1268495600,1268.5,489.77,313450.84,1.9519E+11,5527174594,5.53,1.33,4480964.86
4199.67,4196.61,13661180517,1269165200,1269.17,490.03,313616.3,1.95324E+11,5530951281,5.53,1.33,4484026.67
4199.68,4196.62,13707844490,1273500425,1273.5,491.7,314687.55,1.95464E+11,5534927613,5.53,1.33,4487250.35
4199.69,4196.63,13715249523,1274188375,1274.19,491.97,314857.55,1.95598E+11,5538719227,5.54,1.33,4490324.27
4199.7,4196.64,13722838618,1274893425,1274.89,492.24,315031.77,1.95739E+11,5542702607,5.54,1.33,4493553.65
4199.71,4196.65,13736355936,1276149225,1276.15,492.72,315342.08,1.95873E+11,5546499292,5.55,1.33,4496631.68
4199.72,4196.66,13743856229,1276846025,1276.85,492.99,315514.26,1.96014E+11,5550488784,5.55,1.33,4499866.03
4199.73,4196.67,13751451244,1277551625,1277.55,493.27,315688.62,1.96148E+11,5554290378,5.55,1.33,4502948.04
4199.74,4196.68,13763905358,1278708650,1278.71,493.71,315974.52,1.96289E+11,5558284674,5.56,1.33,4506186.27
4199.75,4196.69,13771724800,1279435100,1279.44,493.99,316154.03,1.96423E+11,5562091841,5.56,1.33,4509272.8
4199.76,4196.7,13779330579,1280141700,1280.14,494.27,316328.64,1.96558E+11,5565901129,5.57,1.34,4512361.05
4199.77,4196.71,13792469547,1281362350,1281.36,494.74,316630.27,1.96699E+11,5569903188,5.57,1.34,4515605.58
4199.78,4196.72,13800386403,1282097850,1282.1,495.02,316812.01,1.96834E+11,5573718259,5.57,1.34,4518698.52
4199.79,4196.73,13808706098,1282870775,1282.87,495.32,317003,1.96976E+11,5577726483,5.58,1.34,4521948.05
4199.8,4196.74,13817142851,1283654575,1283.65,495.62,317196.68,1.9711E+11,5581546150,5.58,1.34,4525044.71
4199.81,4196.75,13830775344,1284921075,1284.92,496.11,317509.64,1.97252E+11,5585560265,5.59,1.34,4528299.01
4199.82,4196.76,13839277757,1285710975,1285.71,496.42,317704.83,1.97387E+11,5589386053,5.59,1.34,4531400.64
4199.83,4196.77,13847954276,1286517050,1286.52,496.73,317904.01,1.97529E+11,5593405612,5.59,1.34,4534659.36
4199.84,4196.78,13861720510,1287795975,1287.8,497.22,318220.04,1.97665E+11,5597236737,5.6,1.34,4537765.31
4199.85,4196.79,13870384112,1288600850,1288.6,497.53,318418.93,1.97807E+11,5601262812,5.6,1.34,4541029.31
4199.86,4196.8,13879000892,1289401375,1289.4,497.84,318616.74,1.97942E+11,5605099564,5.61,1.34,4544139.82
4199.87,4196.81,13892823098,1290685500,1290.69,498.34,318934.06,1.98085E+11,5609130876,5.61,1.35,4547408.07
4199.88,4196.82,13901497464,1291491375,1291.49,498.65,319133.19,1.9822E+11,5612973835,5.61,1.35,4550523.61
4199.89,4196.83,13910106709,1292291200,1292.29,498.96,319330.83,1.98363E+11,5617011449,5.62,1.35,4553796.97
4199.9,4196.84,13918824938,1293101150,1293.1,499.27,319530.97,1.98499E+11,5620859194,5.62,1.35,4556916.39
4199.91,4196.85,13932546502,1294375925,1294.38,499.76,319845.98,1.98642E+11,5624903040,5.62,1.35,4560194.8
4199.92,4196.86,13941207683,1295180575,1295.18,500.07,320044.81,1.98778E+11,5628756975,5.63,1.35,4563319.24
4199.93,4196.87,13949905461,1295988625,1295.99,500.38,320244.48,1.98921E+11,5632806132,5.63,1.35,4566601.96
4199.94,4196.88,13962941632,1297199725,1297.2,500.85,320543.75,1.99057E+11,5636665535,5.64,1.35,4569730.84
4199.95,4196.89,13971531233,1297997725,1298,501.16,320740.94,1.992E+11,5640720987,5.64,1.35,4573018.65
4199.96,4196.9,13980063785,1298790425,1298.79,501.47,320936.82,1.99337E+11,5644585685,5.64,1.35,4576151.82
4199.97,4196.91,13993960800,1300081500,1300.08,501.96,321255.85,1.9948E+11,5648646554,5.65,1.36,4579444.03
4199.98,4196.92,14002414776,1300866900,1300.87,502.27,321449.93,1.99617E+11,5652517447,5.65,1.36,4582582.22
4199.99,4196.93,14010820852,1301647850,1301.65,502.57,321642.9,1.9976E+11,5656584329,5.66,1.36,4585879.31
4200,4196.94,14023728395,1302847000,1302.85,503.03,321939.22,1.99897E+11,5660459884,5.66,1.36,4589021.28
4200.01,4196.95,14031729747,1303590350,1303.59,503.32,322122.9,2.00034E+11,5664338937,5.66,1.36,4592166.08
4200.02,4196.96,14040358098,1304391950,1304.39,503.63,322320.98,2.00178E+11,5668414357,5.67,1.36,4595470.09
4200.03,4196.97,14048286525,1305128525,1305.13,503.91,322502.99,2.00315E+11,5672297996,5.67,1.36,4598618.61
4200.04,4196.98,14061920902,1306395200,1306.4,504.4,322815.99,2.00459E+11,5676379195,5.68,1.36,4601927.31
4200.05,4196.99,14069806811,1307127825,1307.13,504.68,322997.03,2.00597E+11,5680268787,5.68,1.36,4605080.66
4200.06,4197,14078231186,1307910475,1307.91,504.99,323190.42,2.00741E+11,5684355228,5.68,1.36,4608393.6
4200.07,4197.01,14090161097,1309018800,1309.02,505.41,323464.3,2.00879E+11,5688249785,5.69,1.36,4611550.97
4200.08,4197.02,14098361582,1309780650,1309.78,505.71,323652.55,2.01023E+11,5692342099,5.69,1.37,4614868.68
4200.09,4197.03,14105934531,1310484200,1310.48,505.98,323826.4,2.01161E+11,5696241723,5.7,1.37,4618030.16
4200.1,4197.04,14119105252,1311707800,1311.71,506.45,324128.76,2.01306E+11,5700338900,5.7,1.37,4621351.8
4200.11,4197.05,14126521586,1312396800,1312.4,506.72,324299.01,2.01443E+11,5704244246,5.7,1.37,4624517.93
4200.12,4197.06,14134625735,1313149700,1313.15,507.01,324485.06,2.01588E+11,5708347106,5.71,1.37,4627844.18
4200.13,4197.07,14142135715,1313847400,1313.85,507.28,324657.46,2.01726E+11,5712256755,5.71,1.37,4631013.79
4200.14,4197.08,14154269602,1314974675,1314.97,507.71,324936.02,2.01872E+11,5716365159,5.72,1.37,4634344.54
4200.15,4197.09,14161623506,1315657875,1315.66,507.98,325104.84,2.0201E+11,5720280222,5.72,1.37,4637518.54
4200.16,4197.1,14169764520,1316414200,1316.41,508.27,325291.73,2.02155E+11,5724393278,5.72,1.37,4640853.06
4200.17,4197.11,14182065517,1317557000,1317.56,508.71,325574.12,2.02293E+11,5728313436,5.73,1.37,4644031.19
4200.18,4197.12,14190120420,1318305325,1318.31,509,325759.04,2.02439E+11,5732432418,5.73,1.38,4647370.51
4200.19,4197.13,14197628517,1319002850,1319,509.27,325931.4,2.02578E+11,5736357410,5.74,1.38,4650552.56
4200.2,4197.14,14209703471,1320124650,1320.12,509.7,326208.6,2.02723E+11,5740481302,5.74,1.38,4653895.86
4200.21,4197.15,14217064910,1320808550,1320.81,509.97,326377.6,2.02862E+11,5744411687,5.74,1.38,4657082.29
4200.22,4197.16,14225033971,1321548900,1321.55,510.25,326560.54,2.03008E+11,5748540813,5.75,1.38,4660429.83
4200.23,4197.17,14237175393,1322676875,1322.68,510.69,326839.27,2.03147E+11,5752475505,5.75,1.38,4663619.75
4200.24,4197.18,14245231642,1323425325,1323.43,510.98,327024.21,2.03293E+11,5756610484,5.76,1.38,4666972.04
4200.25,4197.19,14252594425,1324109350,1324.11,511.24,327193.24,2.03432E+11,5760550693,5.76,1.38,4670166.42
4200.26,4197.2,14260018563,1324799075,1324.8,511.51,327363.67,2.03571E+11,5764492980,5.76,1.38,4673362.5
4200.27,4197.21,14273800405,1326079450,1326.08,512,327680.06,2.03717E+11,5768635831,5.77,1.38,4676721.17
4200.28,4197.22,14281142199,1326761525,1326.76,512.27,327848.6,2.03857E+11,5772583972,5.77,1.38,4679921.99
4200.29,4197.23,14289164542,1327506825,1327.51,512.55,328032.77,2.04003E+11,5776731743,5.78,1.39,4683284.65
4200.3,4197.24,14301375929,1328641300,1328.64,512.99,328313.1,2.04143E+11,5780684733,5.78,1.39,4686489.4
4200.31,4197.25,14309313237,1329378700,1329.38,513.28,328495.32,2.0429E+11,5784838373,5.78,1.39,4689856.82
4200.32,4197.26,14316622201,1330057725,1330.06,513.54,328663.11,2.04429E+11,5788796328,5.79,1.39,4693065.59
4200.33,4197.27,14328376929,1331149775,1331.15,513.96,328932.96,2.04576E+11,5792954592,5.79,1.39,4696436.76
4200.34,4197.28,14335508289,1331812300,1331.81,514.22,329096.67,2.04716E+11,5796917796,5.8,1.39,4699649.79
4200.35,4197.29,14343227358,1332529425,1332.53,514.49,329273.87,2.04863E+11,5801081311,5.8,1.39,4703025.22
4200.36,4197.3,14350363831,1333192425,1333.19,514.75,329437.7,2.05003E+11,5805048610,5.81,1.39,4706241.57
4200.37,4197.31,14362520053,1334321775,1334.32,515.18,329716.77,2.05151E+11,5809217609,5.81,1.39,4709621.44
4200.38,4197.32,14369511751,1334971325,1334.97,515.44,329877.28,2.05291E+11,5813190226,5.81,1.39,4712842.1
4200.39,4197.33,14376956610,1335662975,1335.66,515.7,330048.19,2.05438E+11,5817363572,5.82,1.4,4716225.49
4200.4,4197.34,14387637638,1336655275,1336.66,516.09,330293.39,2.05579E+11,5821340800,5.82,1.4,4719449.89
4200.41,4197.35,14395061776,1337345000,1337.35,516.35,330463.82,2.05726E+11,5825519404,5.83,1.4,4722837.55
4200.42,4197.36,14401869142,1337977425,1337.98,516.6,330620.1,2.05867E+11,5829501000,5.83,1.4,4726065.49
4200.43,4197.37,14413834843,1339089075,1339.09,517.03,330894.79,2.06015E+11,5833684167,5.83,1.4,4729456.85
4200.44,4197.38,14420680959,1339725100,1339.73,517.27,331051.96,2.06155E+11,5837670951,5.84,1.4,4732689
4200.45,4197.39,14428151113,1340419100,1340.42,517.54,331223.45,2.06303E+11,5841859147,5.84,1.4,4736084.43
4200.46,4197.4,14438957272,1341423025,1341.42,517.93,331471.52,2.06444E+11,5845849956,5.85,1.4,4739319.84
4200.47,4197.41,14446317365,1342106800,1342.11,518.19,331640.49,2.06592E+11,5850043453,5.85,1.4,4742719.57
4200.48,4197.42,14453160521,1342742550,1342.74,518.44,331797.58,2.06733E+11,5854039220,5.85,1.4,4745959
4200.49,4197.43,14460734546,1343446200,1343.45,518.71,331971.46,2.06882E+11,5858236872,5.86,1.41,4749362.1
4200.5,4197.44,14472214257,1344512700,1344.51,519.12,332234.99,2.07023E+11,5862237648,5.86,1.41,4752605.59
4200.51,4197.45,14479358533,1345176425,1345.18,519.38,332399,2.07164E+11,5866240603,5.87,1.41,4755850.85
4200.52,4197.46,14486438226,1345834150,1345.83,519.63,332561.53,2.07313E+11,5870445777,5.87,1.41,4759260.05
4200.53,4197.47,14497339108,1346846875,1346.85,520.02,332811.78,2.07454E+11,5874453189,5.87,1.41,4762508.92
4200.54,4197.48,14504310892,1347494575,1347.49,520.27,332971.83,2.07603E+11,5878663572,5.88,1.41,4765922.34
4200.55,4197.49,14511291826,1348143125,1348.14,520.52,333132.09,2.07745E+11,5882675380,5.88,1.41,4769174.77
4200.56,4197.5,14522903126,1349221850,1349.22,520.94,333398.65,2.07894E+11,5886890136,5.89,1.41,4772591.74
4200.57,4197.51,14529691386,1349852500,1349.85,521.18,333554.48,2.08035E+11,5890907060,5.89,1.41,4775848.32
4200.58,4197.52,14536516512,1350486575,1350.49,521.43,333711.17,2.08184E+11,5895126815,5.9,1.41,4779269.34
4200.59,4197.53,14543293201,1351116150,1351.12,521.67,333866.74,2.08326E+11,5899147501,5.9,1.42,4782528.97
4200.6,4197.54,14553647276,1352078075,1352.08,522.04,334104.43,2.08476E+11,5903372202,5.9,1.42,4785954
4200.61,4197.55,14560230752,1352689700,1352.69,522.28,334255.57,2.08618E+11,5907397604,5.91,1.42,4789217.46
4200.62,4197.56,14566890922,1353308450,1353.31,522.52,334408.46,2.08767E+11,5911626201,5.91,1.42,4792645.65
4200.63,4197.57,14577781577,1354320225,1354.32,522.91,334658.48,2.08909E+11,5915656040,5.92,1.42,4795912.7
4200.64,4197.58,14584278405,1354923800,1354.92,523.14,334807.62,2.09059E+11,5919889703,5.92,1.42,4799344.99
4200.65,4197.59,14590737020,1355523825,1355.52,523.37,334955.89,2.09201E+11,5923923554,5.92,1.42,4802615.3
4200.66,4197.6,14600933672,1356471125,1356.47,523.74,335189.97,2.09351E+11,5928161390,5.93,1.42,4806050.98
4200.67,4197.61,14607038155,1357038250,1357.04,523.96,335330.11,2.09494E+11,5932199833,5.93,1.42,4809325
4200.68,4197.62,14613738420,1357660725,1357.66,524.2,335483.93,2.09643E+11,5936442059,5.94,1.42,4812764.24
4200.69,4197.63,14624225429,1358635000,1358.64,524.57,335724.68,2.09786E+11,5940484185,5.94,1.43,4816041.25
4200.7,4197.64,14630901744,1359255250,1359.26,524.81,335877.94,2.09936E+11,5944731399,5.94,1.43,4819484.54
4200.71,4197.65,14637094760,1359830600,1359.83,525.03,336020.12,2.10079E+11,5948778134,5.95,1.43,4822765.29
4200.72,4197.66,14643789105,1360452525,1360.45,525.27,336173.8,2.10229E+11,5953029083,5.95,1.43,4826211.59
4200.73,4197.67,14653524793,1361357000,1361.36,525.62,336397.3,2.10372E+11,5957080220,5.96,1.43,4829495.91
4200.74,4197.68,14660337272,1361989900,1361.99,525.87,336553.69,2.10523E+11,5961335958,5.96,1.43,4832946.11
4200.75,4197.69,14666616668,1362573275,1362.57,526.09,336697.84,2.10666E+11,5965390847,5.97,1.43,4836233.47
4200.76,4197.7,14677336716,1363569200,1363.57,526.48,336943.94,2.10809E+11,5969448089,5.97,1.43,4839522.73
4200.77,4197.71,14683851842,1364174475,1364.17,526.71,337093.51,2.1096E+11,5973710680,5.97,1.43,4842978.48
4200.78,4197.72,14690291351,1364772725,1364.77,526.94,337241.34,2.11103E+11,5977772079,5.98,1.43,4846271.12
4200.79,4197.73,14700184999,1365691875,1365.69,527.3,337468.46,2.11254E+11,5982038664,5.98,1.44,4849730.11
4200.8,4197.74,14706604057,1366288225,1366.29,527.53,337615.82,2.11397E+11,5986104583,5.99,1.44,4853026.41
4200.81,4197.75,14712846587,1366868175,1366.87,527.75,337759.13,2.11548E+11,5990375635,5.99,1.44,4856489.02
4200.82,4197.76,14719138093,1367452675,1367.45,527.98,337903.56,2.11692E+11,5994445034,5.99,1.44,4859788.14
4200.83,4197.77,14729270700,1368394025,1368.39,528.34,338136.17,2.11843E+11,5998720795,6,1.44,4863254.56
4200.84,4197.78,14735572162,1368979450,1368.98,528.57,338280.84,2.11987E+11,6002794747,6,1.44,4866557.38
4200.85,4197.79,14741809848,1369558950,1369.56,528.79,338424.03,2.12138E+11,6007074213,6.01,1.44,4870026.81
4200.86,4197.8,14751678470,1370475775,1370.48,529.14,338650.58,2.12282E+11,6011152327,6.01,1.44,4873333
4200.87,4197.81,14757775149,1371042175,1371.04,529.36,338790.54,2.12433E+11,6015436438,6.02,1.44,4876806.19
4200.88,4197.82,14763935066,1371614450,1371.61,529.58,338931.96,2.12577E+11,6019518245,6.02,1.44,4880115.37
4200.89,4197.83,14773670216,1372518875,1372.52,529.93,339155.44,2.12729E+11,6023806324,6.02,1.45,4883591.79
4200.9,4197.84,14779757476,1373084400,1373.08,530.15,339295.19,2.12873E+11,6027892522,6.03,1.45,4886904.53
4200.91,4197.85,14785784459,1373644325,1373.64,530.37,339433.55,2.13025E+11,6032184784,6.03,1.45,4890384.33
4200.92,4197.86,14795282802,1374526750,1374.53,530.71,339651.6,2.13169E+11,6036274459,6.04,1.45,4893699.89
4200.93,4197.87,14801203760,1375076825,1375.08,530.92,339787.52,2.13321E+11,6040571214,6.04,1.45,4897183.34
4200.94,4197.88,14807132522,1375627625,1375.63,531.13,339923.63,2.13465E+11,6044664992,6.04,1.45,4900502.23
4200.95,4197.89,14812981093,1376170975,1376.17,531.34,340057.89,2.13617E+11,6048965171,6.05,1.45,4903988.45
4200.96,4197.9,14822107813,1377018875,1377.02,531.67,340267.41,2.13762E+11,6053063027,6.05,1.45,4907310.64
4200.97,4197.91,14827782277,1377546050,1377.55,531.87,340397.68,2.13914E+11,6057367533,6.06,1.45,4910800.37
4200.98,4197.92,14833468044,1378074275,1378.07,532.08,340528.21,2.14059E+11,6061468633,6.06,1.45,4914125.19
4200.99,4197.93,14842131915,1378879175,1378.88,532.39,340727.1,2.14211E+11,6065776938,6.07,1.46,4917618
4201,4197.94,14847599443,1379387125,1379.39,532.58,340852.62,2.14356E+11,6069881975,6.07,1.46,4920946.02
4201.01,4197.95,14852907128,1379880225,1379.88,532.77,340974.47,2.14501E+11,6073988501,6.07,1.46,4924275.24
4201.02,4197.96,14861778204,1380704375,1380.7,533.09,341178.12,2.14653E+11,6078302201,6.08,1.46,4927772.43
4201.03,4197.97,14867026956,1381192000,1381.19,533.28,341298.61,2.14798E+11,6082412638,6.08,1.46,4931104.82
4201.04,4197.98,14872735327,1381722325,1381.72,533.49,341429.66,2.14951E+11,6086730179,6.09,1.46,4934605.12
4201.05,4197.99,14881369598,1382524475,1382.52,533.8,341627.87,2.15096E+11,6090843642,6.09,1.46,4937939.96
4201.06,4198,14886971137,1383044875,1383.04,534,341756.46,2.15249E+11,6095165335,6.1,1.46,4941443.62
4201.07,4198.01,14892162033,1383527125,1383.53,534.18,341875.63,2.15394E+11,6099282720,6.1,1.46,4944781.65
4201.08,4198.02,14897727243,1384044150,1384.04,534.38,342003.39,2.15547E+11,6103607539,6.1,1.46,4948287.85
4201.09,4198.03,14905694959,1384784375,1384.78,534.67,342186.3,2.15692E+11,6107728485,6.11,1.47,4951628.76
4201.1,4198.04,14911206619,1385296425,1385.3,534.87,342312.83,2.15845E+11,6112057228,6.11,1.47,4955138.14
4201.11,4198.05,14916299025,1385769525,1385.77,535.05,342429.74,2.15991E+11,6116181307,6.12,1.47,4958481.59
4201.12,4198.06,14925165258,1386593225,1386.59,535.37,342633.28,2.16144E+11,6120513544,6.12,1.47,4961993.81
4201.13,4198.07,14930306102,1387070825,1387.07,535.55,342751.29,2.1629E+11,6124641489,6.12,1.47,4965340.39
4201.14,4198.08,14935913561,1387591775,1387.59,535.75,342880.02,2.16443E+11,6128977386,6.13,1.47,4968855.57
4201.15,4198.09,14943694523,1388314650,1388.31,536.03,343058.65,2.16589E+11,6133108403,6.13,1.47,4972204.65
4201.16,4198.1,14949109846,1388817750,1388.82,536.23,343182.97,2.16742E+11,6137448161,6.14,1.47,4975722.96
4201.17,4198.11,14954133632,1389284475,1389.28,536.41,343298.3,2.16888E+11,6141582715,6.14,1.47,4979074.9
4201.18,4198.12,14959610041,1389793250,1389.79,536.6,343424.02,2.17041E+11,6145925507,6.15,1.47,4982595.67
4201.19,4198.13,14967897983,1390563225,1390.56,536.9,343614.28,2.17187E+11,6150063777,6.15,1.48,4985950.63
4201.2,4198.14,14973289087,1391064075,1391.06,537.09,343738.04,2.17341E+11,6154410558,6.15,1.48,4989474.63
4201.21,4198.15,14978228377,1391522950,1391.52,537.27,343851.43,2.17487E+11,6158551781,6.16,1.48,4992831.98
4201.22,4198.16,14986336561,1392276225,1392.28,537.56,344037.57,2.17641E+11,6162902052,6.16,1.48,4996358.82
4201.23,4198.17,14991241944,1392731950,1392.73,537.74,344150.18,2.17787E+11,6167046875,6.17,1.48,4999719.09
4201.24,4198.18,14996628205,1393232350,1393.23,537.93,344273.83,2.17941E+11,6171400439,6.17,1.48,5003248.59
4201.25,4198.19,15004963239,1394006700,1394.01,538.23,344465.18,2.18087E+11,6175548397,6.18,1.48,5006611.4
4201.26,4198.2,15009996175,1394474275,1394.47,538.41,344580.72,2.18234E+11,6179698413,6.18,1.48,5009975.88
4201.27,4198.21,15015450248,1394980975,1394.98,538.61,344705.93,2.18388E+11,6184057446,6.18,1.48,5013509.82
4201.28,4198.22,15023282338,1395708600,1395.71,538.89,344885.73,2.18535E+11,6188210361,6.19,1.48,5016876.65
4201.29,4198.23,15028745830,1396216175,1396.22,539.08,345011.15,2.18689E+11,6192573259,6.19,1.49,5020413.72
4201.3,4198.24,15033810788,1396686725,1396.69,539.26,345127.43,2.18835E+11,6196729858,6.2,1.49,5023783.53
4201.31,4198.25,15039356355,1397201925,1397.2,539.46,345254.73,2.1899E+11,6201095818,6.2,1.49,5027323.09
4201.32,4198.26,15047870070,1397992875,1397.99,539.77,345450.18,2.19137E+11,6205256054,6.21,1.49,5030695.85
4201.33,4198.27,15053523275,1398518075,1398.52,539.97,345579.96,2.19291E+11,6209626114,6.21,1.49,5034238.73
4201.34,4198.28,15058781715,1399006600,1399.01,540.16,345700.68,2.19438E+11,6213789580,6.21,1.49,5037614.11
4201.35,4198.29,15067710378,1399836100,1399.84,540.48,345905.65,2.19592E+11,6218163255,6.22,1.49,5041159.92
4201.36,4198.3,15073131084,1400339700,1400.34,540.67,346030.09,2.1974E+11,6222330661,6.22,1.49,5044538.5
4201.37,4198.31,15078949516,1400880250,1400.88,540.88,346163.66,2.19894E+11,6226708072,6.23,1.49,5048087.33
4201.38,4198.32,15087729368,1401695925,1401.7,541.2,346365.22,2.20041E+11,6230878775,6.23,1.49,5051468.58
4201.39,4198.33,15093641715,1402245200,1402.25,541.41,346500.95,2.20196E+11,6235260436,6.24,1.5,5055020.86
4201.4,4198.34,15099149877,1402756925,1402.76,541.61,346627.4,2.20344E+11,6239435030,6.24,1.5,5058405.27
4201.41,4198.35,15105093439,1403309100,1403.31,541.82,346763.84,2.20498E+11,6243820011,6.24,1.5,5061960.24
4201.42,4198.36,15114002459,1404136775,1404.14,542.14,346968.37,2.20646E+11,6247998672,6.25,1.5,5065347.95
4201.43,4198.37,15119969702,1404691150,1404.69,542.35,347105.35,2.20801E+11,6252387969,6.25,1.5,5068906.42
4201.44,4198.38,15125488090,1405203825,1405.2,542.55,347232.04,2.20949E+11,6256569847,6.26,1.5,5072296.73
4201.45,4198.39,15134702266,1406059850,1406.06,542.88,347443.57,2.21104E+11,6260963112,6.26,1.5,5075858.41
4201.46,4198.4,15140057311,1406557350,1406.56,543.07,347566.5,2.21252E+11,6265149042,6.27,1.5,5079252.01
4201.47,4198.41,15145842644,1407094825,1407.09,543.28,347699.31,2.21407E+11,6269545880,6.27,1.5,5082816.6
4201.48,4198.42,15154544727,1407903275,1407.9,543.59,347899.08,2.21555E+11,6273735211,6.27,1.51,5086212.95
4201.49,4198.43,15160212465,1408429825,1408.43,543.8,348029.2,2.2171E+11,6278136240,6.28,1.51,5089780.93
4201.5,4198.44,15165418699,1408913500,1408.91,543.98,348148.72,2.21858E+11,6282329205,6.28,1.51,5093180.23
4201.51,4198.45,15174140965,1409723825,1409.72,544.3,348348.95,2.22006E+11,6286523675,6.29,1.51,5096580.75
4201.52,4198.46,15179429543,1410215150,1410.22,544.49,348470.36,2.22162E+11,6290930335,6.29,1.51,5100153.3
4201.53,4198.47,15184729961,1410707575,1410.71,544.68,348592.04,2.2231E+11,6295128617,6.3,1.51,5103556.91
4201.54,4198.48,15190068054,1411203500,1411.2,544.87,348714.58,2.22466E+11,6299538353,6.3,1.51,5107131.95
4201.55,4198.49,15198177046,1411956850,1411.96,545.16,348900.74,2.22614E+11,6303740261,6.3,1.51,5110538.5
4201.56,4198.5,15203620893,1412462600,1412.46,545.35,349025.71,2.2277E+11,6308153949,6.31,1.51,5114116.75
4201.57,4198.51,15208665400,1412931250,1412.93,545.54,349141.52,2.22919E+11,6312358910,6.31,1.51,5117525.77
4201.58,4198.52,15216887413,1413695100,1413.7,545.83,349330.27,2.23075E+11,6316776073,6.32,1.52,5121106.83
4201.59,4198.53,15221861147,1414157175,1414.16,546.01,349444.45,2.23223E+11,6320984694,6.32,1.52,5124518.83
4201.6,4198.54,15227196817,1414652875,1414.65,546.2,349566.94,2.2338E+11,6325405242,6.33,1.52,5128102.63
4201.61,4198.55,15235482606,1415422650,1415.42,546.5,349757.15,2.23528E+11,6329616891,6.33,1.52,5131517.08
4201.62,4198.56,15240862140,1415922425,1415.92,546.69,349880.65,2.23685E+11,6334041402,6.33,1.52,5135104.1
4201.63,4198.57,15245700248,1416371900,1416.37,546.86,349991.72,2.23833E+11,6338256633,6.34,1.52,5138521.45
4201.64,4198.58,15251002551,1416864500,1416.86,547.05,350113.44,2.2399E+11,6342684097,6.34,1.52,5142110.87
4201.65,4198.59,15258767905,1417585925,1417.59,547.33,350291.71,2.24139E+11,6346902880,6.35,1.52,5145531.1
4201.66,4198.6,15264118914,1418083050,1418.08,547.52,350414.55,2.24295E+11,6351334148,6.35,1.52,5149123.59
4201.67,4198.61,15268997118,1418536250,1418.54,547.7,350526.54,2.24444E+11,6355555819,6.36,1.52,5152546.17
4201.68,4198.62,15277722613,1419346875,1419.35,548.01,350726.85,2.24601E+11,6359990709,6.36,1.53,5156141.6
4201.69,4198.63,15282584671,1419798575,1419.8,548.19,350838.47,2.2475E+11,6364216130,6.36,1.53,5159567.21
4201.7,4198.64,15287754577,1420278875,1420.28,548.37,350957.15,2.24907E+11,6368654286,6.37,1.53,5163165.29
4201.71,4198.65,15295175486,1420968300,1420.97,548.64,351127.51,2.25056E+11,6372882768,6.37,1.53,5166593.39
4201.72,4198.66,15300274081,1421441975,1421.44,548.82,351244.56,2.25213E+11,6377324562,6.38,1.53,5170194.42
4201.73,4198.67,15304990558,1421880150,1421.88,548.99,351352.83,2.25363E+11,6381556201,6.38,1.53,5173625.07
4201.74,4198.68,15313252397,1422647700,1422.65,549.29,351542.5,2.25519E+11,6386000977,6.39,1.53,5177228.52
4201.75,4198.69,15317937928,1423083000,1423.08,549.46,351650.06,2.25669E+11,6390236199,6.39,1.53,5180662.08
4201.76,4198.7,15322765541,1423531500,1423.53,549.63,351760.89,2.25819E+11,6394472735,6.39,1.53,5184096.71
4201.77,4198.71,15327657470,1423985975,1423.99,549.8,351873.19,2.25976E+11,6398922504,6.4,1.54,5187704.2
4201.78,4198.72,15335265671,1424692800,1424.69,550.08,352047.85,2.26126E+11,6403162373,6.4,1.54,5191141.53
4201.79,4198.73,15340247208,1425155600,1425.16,550.26,352162.21,2.26283E+11,6407615777,6.41,1.54,5194751.97
4201.8,4198.74,15345232513,1425618750,1425.62,550.43,352276.66,2.26433E+11,6411858496,6.41,1.54,5198191.61
4201.81,4198.75,15353603337,1426396425,1426.4,550.73,352468.82,2.2659E+11,6416315361,6.42,1.54,5201804.86
4201.82,4198.76,15358686056,1426868625,1426.87,550.92,352585.51,2.2674E+11,6420561786,6.42,1.54,5205247.5
4201.83,4198.77,15363877759,1427350950,1427.35,551.1,352704.69,2.26898E+11,6425022027,6.43,1.54,5208863.48
4201.84,4198.78,15371848435,1428091450,1428.09,551.39,352887.67,2.27048E+11,6429271493,6.43,1.54,5212308.59
4201.85,4198.79,15376980129,1428568200,1428.57,551.57,353005.48,2.27205E+11,6433735546,6.43,1.54,5215927.67
4201.86,4198.8,15382152188,1429048700,1429.05,551.76,353124.21,2.27355E+11,6437988452,6.44,1.54,5219375.56
4201.87,4198.81,15390799644,1429852075,1429.85,552.07,353322.73,2.27513E+11,6442455513,6.44,1.55,5222997.08
4201.88,4198.82,15396020679,1430337125,1430.34,552.26,353442.59,2.27663E+11,6446712246,6.45,1.55,5226448.08
4201.89,4198.83,15401127886,1430811600,1430.81,552.44,353559.83,2.27821E+11,6451183315,6.45,1.55,5230072.84
4201.9,4198.84,15406240743,1431286600,1431.29,552.62,353677.21,2.27972E+11,6455442884,6.46,1.55,5233526.14
4201.91,4198.85,15414227834,1432028625,1432.03,552.91,353860.56,2.2813E+11,6459917512,6.46,1.55,5237153.79
4201.92,4198.86,15419369754,1432506325,1432.51,553.09,353978.61,2.2828E+11,6464180705,6.46,1.55,5240610.02
4201.93,4198.87,15424595901,1432991850,1432.99,553.28,354098.58,2.28439E+11,6468658563,6.47,1.55,5244240.29
4201.94,4198.88,15433232863,1433794250,1433.79,553.59,354296.86,2.28589E+11,6472925057,6.47,1.55,5247699.2
4201.95,4198.89,15438485382,1434282225,1434.28,553.78,354417.44,2.28747E+11,6477406949,6.48,1.55,5251332.74
4201.96,4198.9,15443766964,1434772900,1434.77,553.97,354538.69,2.28898E+11,6481676868,6.48,1.56,5254794.43
4201.97,4198.91,15452002163,1435537975,1435.54,554.26,354727.74,2.29057E+11,6486161944,6.49,1.56,5258430.55
4201.98,4198.92,15457319804,1436032000,1436.03,554.46,354849.82,2.29208E+11,6490435607,6.49,1.56,5261895.27
4201.99,4198.93,15462694224,1436531300,1436.53,554.65,354973.19,2.29366E+11,6494924505,6.49,1.56,5265534.49
4202,4198.94,15468026665,1437026700,1437.03,554.84,355095.61,2.29517E+11,6499201129,6.5,1.56,5269001.61
4202.01,4198.95,15476732516,1437835500,1437.84,555.15,355295.47,2.29668E+11,6503480018,6.5,1.56,5272470.58
4202.02,4198.96,15482481790,1438369625,1438.37,555.36,355427.45,2.29827E+11,6507974593,6.51,1.56,5276114.4
4202.03,4198.97,15487821766,1438865725,1438.87,555.55,355550.04,2.29978E+11,6512256682,6.51,1.56,5279585.95
4202.04,4198.98,15496681271,1439688800,1439.69,555.87,355753.43,2.30137E+11,6516754988,6.52,1.56,5283232.8
4202.05,4198.99,15502011021,1440183950,1440.18,556.06,355875.78,2.30288E+11,6521040998,6.52,1.56,5286707.53
4202.06,4199,15507805773,1440722300,1440.72,556.27,356008.81,2.30447E+11,6525542921,6.53,1.57,5290357.31
4202.07,4199.01,15516842614,1441561850,1441.56,556.59,356216.27,2.30599E+11,6529832313,6.53,1.57,5293834.78
4202.08,4199.02,15522606957,1442097375,1442.1,556.8,356348.6,2.30758E+11,6534338536,6.53,1.57,5297488.05
4202.09,4199.03,15527875353,1442586825,1442.59,556.99,356469.54,2.3091E+11,6538631707,6.54,1.57,5300968.59
4202.1,4199.04,15536750197,1443411325,1443.41,557.3,356673.28,2.31069E+11,6543141138,6.54,1.57,5304624.45
4202.11,4199.05,15542066761,1443905250,1443.91,557.49,356795.33,2.31221E+11,6547438221,6.55,1.57,5308108.16
4202.12,4199.06,15547807155,1444438550,1444.44,557.7,356927.11,2.3138E+11,6551951761,6.55,1.57,5311767.36
4202.13,4199.07,15553150629,1444934975,1444.93,557.89,357049.78,2.31532E+11,6556251913,6.56,1.57,5315253.56
4202.14,4199.08,15562636056,1445816200,1445.82,558.23,357267.53,2.31691E+11,6560769445,6.56,1.57,5318915.99
4202.15,4199.09,15567982490,1446312900,1446.31,558.42,357390.27,2.31843E+11,6565073688,6.57,1.58,5322405.5
4202.16,4199.1,15573542050,1446829400,1446.83,558.62,357517.9,2.32003E+11,6569594763,6.57,1.58,5326070.81
4202.17,4199.11,15582295262,1447642600,1447.64,558.94,357718.85,2.32155E+11,6573902518,6.57,1.58,5329563.17
4202.18,4199.12,15587856974,1448159300,1448.16,559.14,357846.52,2.32315E+11,6578427750,6.58,1.58,5333231.85
4202.19,4199.13,15593477888,1448681500,1448.68,559.34,357975.56,2.32467E+11,6582739042,6.58,1.58,5336727.08
4202.2,4199.14,15602782751,1449545950,1449.55,559.67,358189.17,2.32627E+11,6587267718,6.59,1.58,5340398.54
4202.21,4199.15,15608317553,1450060150,1450.06,559.87,358316.23,2.3278E+11,6591583119,6.59,1.58,5343897.1
4202.22,4199.16,15613863927,1450575425,1450.58,560.07,358443.56,2.3294E+11,6596115898,6.6,1.58,5347571.9
4202.23,4199.17,15619445015,1451093925,1451.09,560.27,358571.68,2.33092E+11,6600434371,6.6,1.58,5351072.95
4202.24,4199.18,15628243704,1451911350,1451.91,560.59,358773.67,2.33252E+11,6604971232,6.6,1.58,5354751.05
4202.25,4199.19,15633766398,1452424425,1452.42,560.78,358900.46,2.33405E+11,6609293676,6.61,1.59,5358255.32
4202.26,4199.2,15639026452,1452913100,1452.91,560.97,359021.21,2.33558E+11,6613617600,6.61,1.59,5361760.79
4202.27,4199.21,15648496809,1453792925,1453.79,561.31,359238.62,2.33718E+11,6618159988,6.62,1.59,5365443.38
4202.28,4199.22,15653787809,1454284475,1454.28,561.5,359360.08,2.33871E+11,6622487992,6.62,1.59,5368952.16
4202.29,4199.23,15659436440,1454809250,1454.81,561.7,359489.76,2.34031E+11,6627033979,6.63,1.59,5372637.66
4202.3,4199.24,15667634504,1455570875,1455.57,562,359677.96,2.34184E+11,6631365285,6.63,1.59,5376149.11
4202.31,4199.25,15673192987,1456087275,1456.09,562.2,359805.56,2.34345E+11,6635915285,6.64,1.59,5379837.87
4202.32,4199.26,15678384690,1456569600,1456.57,562.38,359924.75,2.34498E+11,6640250097,6.64,1.59,5383352.17
4202.33,4199.27,15687517599,1457418075,1457.42,562.71,360134.41,2.34659E+11,6644803261,6.64,1.59,5387043.49
4202.34,4199.28,15692591706,1457889475,1457.89,562.89,360250.89,2.34812E+11,6649142023,6.65,1.6,5390560.99
4202.35,4199.29,15698073228,1458398725,1458.4,563.09,360376.73,2.34973E+11,6653699254,6.65,1.6,5394255.6
4202.36,4199.3,15703035390,1458859725,1458.86,563.27,360490.65,2.35126E+11,6658040921,6.66,1.6,5397775.46
4202.37,4199.31,15711465954,1459642950,1459.64,563.57,360684.19,2.35288E+11,6662601831,6.66,1.6,5401473.06
4202.38,4199.32,15716458525,1460106775,1460.11,563.75,360798.8,2.35441E+11,6666947200,6.67,1.6,5404995.92
4202.39,4199.33,15721908293,1460613075,1460.61,563.95,360923.91,2.35602E+11,6671511351,6.67,1.6,5408696.14
4202.4,4199.34,15730480671,1461409475,1461.41,564.25,361120.7,2.35756E+11,6675860110,6.68,1.6,5412221.75
4202.41,4199.35,15735895187,1461912500,1461.91,564.45,361245,2.35917E+11,6680428335,6.68,1.6,5415925.28
4202.42,4199.36,15740775275,1462365875,1462.37,564.62,361357.03,2.36071E+11,6684780443,6.68,1.6,5419453.6
4202.43,4199.37,15748829640,1463114150,1463.11,564.91,361541.93,2.36232E+11,6689351825,6.69,1.6,5423159.69
4202.44,4199.38,15753499563,1463548000,1463.55,565.08,361649.14,2.36386E+11,6693707488,6.69,1.61,5426690.89
4202.45,4199.39,15758621569,1464023850,1464.02,565.26,361766.72,2.36548E+11,6698282346,6.7,1.61,5430399.8
4202.46,4199.4,15763302525,1464458725,1464.46,565.43,361874.18,2.36702E+11,6702640715,6.7,1.61,5433933.19
4202.47,4199.41,15771433583,1465214125,1465.21,565.72,362060.85,2.36863E+11,6707219210,6.71,1.61,5437645.05
4202.48,4199.42,15776153827,1465652650,1465.65,565.89,362169.21,2.37017E+11,6711581126,6.71,1.61,5441181.32
4202.49,4199.43,15781229549,1466124200,1466.12,566.07,362285.73,2.37179E+11,6716162558,6.72,1.61,5444895.56
4202.5,4199.44,15788936239,1466840175,1466.84,566.35,362462.65,2.37333E+11,6720527721,6.72,1.61,5448434.46
4202.51,4199.45,15793690120,1467281825,1467.28,566.52,362571.78,2.37487E+11,6724894501,6.72,1.61,5451974.68
4202.52,4199.46,15798730052,1467750050,1467.75,566.7,362687.49,2.37649E+11,6729481045,6.73,1.61,5455693.06
4202.53,4199.47,15806326144,1468455750,1468.46,566.97,362861.87,2.37804E+11,6733850804,6.73,1.62,5459235.69
4202.54,4199.48,15811147030,1468903625,1468.9,567.15,362972.54,2.37966E+11,6738440979,6.74,1.62,5462957.01
4202.55,4199.49,15815612169,1469318450,1469.32,567.31,363075.04,2.3812E+11,6742813860,6.74,1.62,5466502.18
4202.56,4199.5,15823273652,1470030225,1470.03,567.58,363250.93,2.38282E+11,6747406823,6.75,1.62,5470225.76
4202.57,4199.51,15827716187,1470442950,1470.44,567.74,363352.91,2.38437E+11,6751783058,6.75,1.62,5473773.64
4202.58,4199.52,15832477064,1470885250,1470.89,567.91,363462.21,2.38599E+11,6756379440,6.76,1.62,5477500
4202.59,4199.53,15836863089,1471292725,1471.29,568.07,363562.9,2.38754E+11,6760758209,6.76,1.62,5481049.93
4202.6,4199.54,15844438460,1471996500,1472,568.34,363736.8,2.38916E+11,6765357898,6.77,1.62,5484778.97
4202.61,4199.55,15848839284,1472405350,1472.41,568.5,363837.83,2.39071E+11,6769739975,6.77,1.62,5488331.59
4202.62,4199.56,15853646985,1472852000,1472.85,568.67,363948.2,2.39234E+11,6774342484,6.77,1.63,5492062.91
4202.63,4199.57,15860854230,1473521575,1473.52,568.93,364113.65,2.39389E+11,6778727532,6.78,1.63,5495617.94
4202.64,4199.58,15865617799,1473964125,1473.96,569.1,364223.01,2.39551E+11,6783333534,6.78,1.63,5499352.09
4202.65,4199.59,15870046610,1474375575,1474.38,569.26,364324.68,2.39706E+11,6787721468,6.79,1.63,5502909.46
4202.66,4199.6,15877606373,1475077900,1475.08,569.53,364498.23,2.39869E+11,6792330365,6.79,1.63,5506645.96
4202.67,4199.61,15881994820,1475485600,1475.49,569.69,364598.97,2.40024E+11,6796721609,6.8,1.63,5510206.01
4202.68,4199.62,15886750853,1475927450,1475.93,569.86,364708.16,2.40187E+11,6801333746,6.8,1.63,5513945.14
4202.69,4199.63,15891108623,1476332300,1476.33,570.02,364808.2,2.40342E+11,6805727511,6.81,1.63,5517507.23
4202.7,4199.64,15898887162,1477054950,1477.05,570.29,364986.77,2.40505E+11,6810343124,6.81,1.63,5521249.18
4202.71,4199.65,15903312475,1477466075,1477.47,570.45,365088.36,2.4066E+11,6814740260,6.81,1.63,5524814.01
4202.72,4199.66,15908105644,1477911375,1477.91,570.62,365198.39,2.40823E+11,6819358591,6.82,1.64,5528558.16
4202.73,4199.67,15915061283,1478557575,1478.56,570.87,365358.07,2.40979E+11,6823758766,6.82,1.64,5532125.45
4202.74,4199.68,15919813281,1478999050,1479,571.04,365467.16,2.41142E+11,6828380497,6.83,1.64,5535872.36
4202.75,4199.69,15924097317,1479397050,1479.4,571.2,365565.51,2.41297E+11,6832783402,6.83,1.64,5539441.86
4202.76,4199.7,15931652506,1480098950,1480.1,571.47,365738.95,2.41453E+11,6837187846,6.84,1.64,5543012.61
4202.77,4199.71,15936172810,1480518900,1480.52,571.63,365842.72,2.41616E+11,6841814360,6.84,1.64,5546763.39
4202.78,4199.72,15940613461,1480931450,1480.93,571.79,365944.67,2.41772E+11,6846221796,6.85,1.64,5550336.57
4202.79,4199.73,15947474916,1481568900,1481.57,572.04,366102.18,2.41936E+11,6850850999,6.85,1.64,5554089.53
4202.8,4199.74,15951824343,1481972975,1481.97,572.19,366202.03,2.42091E+11,6855261555,6.86,1.64,5557665.24
4202.81,4199.75,15956129100,1482372900,1482.37,572.35,366300.86,2.42255E+11,6859893891,6.86,1.65,5561420.75
4202.82,4199.76,15960440046,1482773400,1482.77,572.5,366399.82,2.42411E+11,6864306825,6.86,1.65,5564998.38
4202.83,4199.77,15967499018,1483429200,1483.43,572.76,366561.87,2.42574E+11,6868942316,6.87,1.65,5568756.44
4202.84,4199.78,15971716318,1483821000,1483.82,572.91,366658.69,2.4273E+11,6873358383,6.87,1.65,5572336.61
4202.85,4199.79,15975858540,1484205825,1484.21,573.06,366753.78,2.42894E+11,6877996473,6.88,1.65,5576096.78
4202.86,4199.8,15982271678,1484801625,1484.8,573.29,366901,2.4305E+11,6882415189,6.88,1.65,5579679.11
4202.87,4199.81,15986311105,1485176900,1485.18,573.43,366993.74,2.43214E+11,6887056333,6.89,1.65,5583441.75
4202.88,4199.82,15990375826,1485554525,1485.55,573.58,367087.05,2.4337E+11,6891477590,6.89,1.65,5587026.13
4202.89,4199.83,15997144711,1486183375,1486.18,573.82,367242.44,2.43534E+11,6896121315,6.9,1.65,5590790.87
4202.9,4199.84,16001104216,1486551225,1486.55,573.96,367333.34,2.4369E+11,6900545549,6.9,1.66,5594377.67
4202.91,4199.85,16005079059,1486920500,1486.92,574.1,367424.59,2.43855E+11,6905192148,6.91,1.66,5598144.73
4202.92,4199.86,16011258620,1487494600,1487.49,574.32,367566.45,2.44011E+11,6909618571,6.91,1.66,5601733.3
4202.93,4199.87,16015139279,1487855125,1487.86,574.46,367655.54,2.44175E+11,6914268107,6.91,1.66,5605502.75
4202.94,4199.88,16019057611,1488219150,1488.22,574.6,367745.49,2.44331E+11,6918697307,6.92,1.66,5609093.57
4202.95,4199.89,16023013348,1488586650,1488.59,574.75,367836.3,2.44496E+11,6923349117,6.92,1.66,5612864.87
4202.96,4199.9,16029653335,1489203525,1489.2,574.98,367988.73,2.44652E+11,6927781016,6.93,1.66,5616457.87
4202.97,4199.91,16033594003,1489569625,1489.57,575.13,368079.2,2.44817E+11,6932435897,6.93,1.66,5620231.66
4202.98,4199.92,16037565079,1489938550,1489.94,575.27,368170.36,2.44973E+11,6936870209,6.94,1.66,5623826.62
4202.99,4199.93,16043933815,1490530225,1490.53,575.5,368316.57,2.45138E+11,6941527725,6.94,1.67,5627602.54
4203,4199.94,16047796445,1490889075,1490.89,575.64,368405.24,2.45294E+11,6945964879,6.95,1.67,5631199.81
4203.01,4199.95,16051526140,1491235575,1491.24,575.77,368490.86,2.45451E+11,6950403083,6.95,1.67,5634797.93
4203.02,4199.96,16058902916,1491920900,1491.92,576.03,368660.21,2.45616E+11,6955064511,6.96,1.67,5638577.02
4203.03,4199.97,16062699348,1492273600,1492.27,576.17,368747.36,2.45773E+11,6959505791,6.96,1.67,5642177.63
4203.04,4199.98,16066599381,1492635925,1492.64,576.31,368836.89,2.45937E+11,6964170281,6.96,1.67,5645959.21
4203.05,4199.99,16070591716,1493006825,1493.01,576.45,368928.55,2.46094E+11,6968613741,6.97,1.67,5649561.59
4203.06,4200,16077191608,1493619975,1493.62,576.69,369080.06,2.46259E+11,6973281180,6.97,1.67,5653345.55
4203.07,4200.01,16081268439,1493998725,1494,576.84,369173.65,2.46416E+11,6977727574,6.98,1.67,5656950.31
4203.08,4200.02,16085366797,1494379475,1494.38,576.98,369267.73,2.46581E+11,6982397470,6.98,1.68,5660736.27
4203.09,4200.03,16092099085,1495004925,1495,577.22,369422.28,2.46738E+11,6986846567,6.99,1.68,5664343.22
4203.1,4200.04,16096174840,1495383575,1495.38,577.37,369515.85,2.46903E+11,6991519611,6.99,1.68,5668131.73
4203.11,4200.05,16100290421,1495765925,1495.77,577.52,369610.33,2.4706E+11,6995971262,7,1.68,5671740.75
4203.12,4200.06,16107049350,1496393850,1496.39,577.76,369765.49,2.47226E+11,7000646944,7,1.68,5675531.39
4203.13,4200.07,16111132370,1496773175,1496.77,577.91,369859.23,2.47383E+11,7005101598,7.01,1.68,5679142.85
4203.14,4200.08,16115297465,1497160125,1497.16,578.06,369954.84,2.47548E+11,7009780176,7.01,1.68,5682935.85
4203.15,4200.09,16122092991,1497791450,1497.79,578.3,370110.85,2.47705E+11,7014237148,7.01,1.68,5686549.18
4203.16,4200.1,16126261853,1498178750,1498.18,578.45,370206.55,2.47871E+11,7018918909,7.02,1.68,5690344.76
4203.17,4200.11,16130382816,1498561600,1498.56,578.6,370301.15,2.48028E+11,7023378876,7.02,1.68,5693960.52
4203.18,4200.12,16134578320,1498951375,1498.95,578.75,370397.47,2.48194E+11,7028063049,7.03,1.69,5697758.05
4203.19,4200.13,16141624644,1499606000,1499.61,579,370559.23,2.48351E+11,7032525912,7.03,1.69,5701376.16
4203.2,4200.14,16145888229,1500002100,1500,579.15,370657.11,2.48517E+11,7037213356,7.04,1.69,5705176.34
4203.21,4200.15,16150211823,1500403775,1500.4,579.31,370756.36,2.48675E+11,7041678775,7.04,1.69,5708796.53
4203.22,4200.16,16157078660,1501041725,1501.04,579.56,370914,2.4884E+11,7046369080,7.05,1.69,5712599.03
4203.23,4200.17,16161373460,1501440725,1501.44,579.71,371012.6,2.48998E+11,7050837589,7.05,1.69,5716221.72
4203.24,4200.18,16165664762,1501839400,1501.84,579.86,371111.11,2.49164E+11,7055530777,7.06,1.69,5720026.56
4203.25,4200.19,16172943856,1502515650,1502.52,580.12,371278.22,2.49322E+11,7060001826,7.06,1.69,5723651.3
4203.26,4200.2,16177034950,1502895725,1502.9,580.27,371372.14,2.4948E+11,7064474686,7.06,1.69,5727277.52
4203.27,4200.21,16181465913,1503307375,1503.31,580.43,371473.86,2.49645E+11,7069172433,7.07,1.7,5731086.06
4203.28,4200.22,16185566694,1503688350,1503.69,580.58,371568,2.49804E+11,7073647657,7.07,1.7,5734714.19
4203.29,4200.23,16192377020,1504321050,1504.32,580.82,371724.34,2.4997E+11,7078348513,7.08,1.7,5738525.24
4203.3,4200.24,16196370162,1504692025,1504.69,580.96,371816.01,2.50128E+11,7082826738,7.08,1.7,5742155.81
4203.31,4200.25,16200724164,1505096525,1505.1,581.12,371915.96,2.50294E+11,7087530084,7.09,1.7,5745968.88
4203.32,4200.26,16207638900,1505738925,1505.74,581.37,372074.7,2.50452E+11,7092011103,7.09,1.7,5749601.71
4203.33,4200.27,16212031382,1506147000,1506.15,581.53,372175.54,2.50618E+11,7096717733,7.1,1.7,5753417.45
4203.34,4200.28,16216103908,1506525350,1506.53,581.67,372269.03,2.50777E+11,7101201401,7.1,1.7,5757052.43
4203.35,4200.29,16222873600,1507154275,1507.15,581.92,372424.44,2.50943E+11,7105910707,7.11,1.7,5760870.34
4203.36,4200.3,16226861360,1507524750,1507.52,582.06,372515.99,2.51101E+11,7110397367,7.11,1.71,5764507.74
4203.37,4200.31,16231189797,1507926875,1507.93,582.21,372615.36,2.51268E+11,7115109560,7.12,1.71,5768327.99
4203.38,4200.32,16237975905,1508557325,1508.56,582.46,372771.14,2.51426E+11,7119598594,7.12,1.71,5771967.31
4203.39,4200.33,16242127007,1508942975,1508.94,582.61,372866.44,2.51593E+11,7124313990,7.12,1.71,5775790.16
4203.4,4200.34,16246037535,1509306275,1509.31,582.75,372956.21,2.51751E+11,7128805960,7.13,1.71,5779431.87
4203.41,4200.35,16250257796,1509698350,1509.7,582.9,373053.09,2.51918E+11,7133523704,7.13,1.71,5783256.61
4203.42,4200.36,16256329987,1510262475,1510.26,583.12,373192.49,2.52077E+11,7138018413,7.14,1.71,5786900.54
4203.43,4200.37,16260486471,1510648625,1510.65,583.26,373287.91,2.52243E+11,7142739141,7.14,1.71,5790727.71
4203.44,4200.38,16264317885,1511004575,1511,583.4,373375.87,2.52402E+11,7147236176,7.15,1.71,5794373.52
4203.45,4200.39,16271035641,1511628675,1511.63,583.64,373530.09,2.52569E+11,7151959610,7.15,1.72,5798202.88
4203.46,4200.4,16274910111,1511988625,1511.99,583.78,373619.03,2.52728E+11,7156459573,7.16,1.72,5801851.07
4203.47,4200.41,16279146248,1512382175,1512.38,583.93,373716.28,2.52895E+11,7161185696,7.16,1.72,5805682.61
4203.48,4200.42,16285389585,1512962200,1512.96,584.16,373859.61,2.53054E+11,7165688061,7.17,1.72,5809332.75
4203.49,4200.43,16289685192,1513361275,1513.36,584.31,373958.22,2.53221E+11,7170417244,7.17,1.72,5813166.77
4203.5,4200.44,16293657882,1513730350,1513.73,584.45,374049.42,2.5338E+11,7174922371,7.17,1.72,5816819.14
4203.51,4200.45,16297561415,1514093000,1514.09,584.59,374139.03,2.53539E+11,7179428602,7.18,1.72,5820472.41
4203.52,4200.46,16304597783,1514746700,1514.75,584.85,374300.56,2.53706E+11,7184162097,7.18,1.72,5824309.93
4203.53,4200.47,16308558095,1515114625,1515.11,584.99,374391.48,2.53866E+11,7188671363,7.19,1.72,5827965.66
4203.54,4200.48,16312818181,1515510400,1515.51,585.14,374489.28,2.54033E+11,7193407280,7.19,1.73,5831805.14
4203.55,4200.49,16319066631,1516090900,1516.09,585.37,374632.72,2.54192E+11,7197919233,7.2,1.73,5835463.05
4203.56,4200.5,16323256752,1516480175,1516.48,585.52,374728.91,2.54359E+11,7202658192,7.2,1.73,5839305
4203.57,4200.51,16327176430,1516844325,1516.84,585.66,374818.9,2.54519E+11,7207172614,7.21,1.73,5842964.91
4203.58,4200.52,16334071253,1517484875,1517.48,585.9,374977.18,2.54686E+11,7211914230,7.21,1.73,5846809.01
4203.59,4200.53,16337918813,1517842325,1517.84,586.04,375065.51,2.54846E+11,7216431630,7.22,1.73,5850471.34
4203.6,4200.54,16342062649,1518227300,1518.23,586.19,375160.64,2.55013E+11,7221176057,7.22,1.73,5854317.71
4203.61,4200.55,16348174129,1518795075,1518.8,586.41,375300.94,2.55173E+11,7225695729,7.23,1.73,5857981.88
4203.62,4200.56,16352213555,1519170350,1519.17,586.55,375393.67,2.55341E+11,7230443121,7.23,1.73,5861830.66
4203.63,4200.57,16355883510,1519511300,1519.51,586.69,375477.92,2.555E+11,7234965517,7.23,1.74,5865497.04
4203.64,4200.58,16359799152,1519875075,1519.88,586.83,375567.81,2.55668E+11,7239715126,7.24,1.74,5869347.62
4203.65,4200.59,16365897176,1520441600,1520.44,587.05,375707.8,2.55828E+11,7244240198,7.24,1.74,5873016.17
4203.66,4200.6,16369763842,1520800825,1520.8,587.18,375796.56,2.55996E+11,7248992712,7.25,1.74,5876869.1
4203.67,4200.61,16373292252,1521128625,1521.13,587.31,375877.57,2.56156E+11,7253519939,7.25,1.74,5880539.39
4203.68,4200.62,16379132211,1521671175,1521.67,587.52,376011.63,2.56324E+11,7258274899,7.26,1.74,5884394.31
4203.69,4200.63,16382592270,1521992625,1521.99,587.64,376091.06,2.56484E+11,7262804710,7.26,1.74,5888066.7
4203.7,4200.64,16386374709,1522344025,1522.34,587.78,376177.9,2.56652E+11,7267562054,7.27,1.74,5891923.55
4203.71,4200.65,16392281135,1522892750,1522.89,587.99,376313.49,2.56812E+11,7272094033,7.27,1.74,5895597.69
4203.72,4200.66,16395993339,1523237625,1523.24,588.13,376398.71,2.5698E+11,7276854186,7.28,1.75,5899456.82
4203.73,4200.67,16399421644,1523556125,1523.56,588.25,376477.41,2.5714E+11,7281388650,7.28,1.75,5903132.98
4203.74,4200.68,16405152350,1524088525,1524.09,588.45,376608.97,2.57308E+11,7286150872,7.29,1.75,5906993.79
4203.75,4200.69,16408485395,1524398175,1524.4,588.57,376685.49,2.57468E+11,7290687854,7.29,1.75,5910671.99
4203.76,4200.7,16412015150,1524726100,1524.73,588.7,376766.52,2.57628E+11,7295225776,7.3,1.75,5914350.95
4203.77,4200.71,16415503465,1525050175,1525.05,588.83,376846.6,2.57797E+11,7299991622,7.3,1.75,5918214.7
4203.78,4200.72,16421371680,1525595350,1525.6,589.04,376981.31,2.57957E+11,7304531945,7.3,1.75,5921895.61
4203.79,4200.73,16424775497,1525911575,1525.91,589.16,377059.45,2.58126E+11,7309300493,7.31,1.75,5925761.54
4203.8,4200.74,16428260582,1526235350,1526.24,589.28,377139.46,2.58286E+11,7313842920,7.31,1.75,5929444.16
4203.81,4200.75,16433700663,1526740750,1526.74,589.48,377264.35,2.58454E+11,7318613725,7.32,1.76,5933311.92
4203.82,4200.76,16437079454,1527054650,1527.05,589.6,377341.91,2.58615E+11,7323158600,7.32,1.76,5936996.52
4203.83,4200.77,16440499148,1527372350,1527.37,589.72,377420.42,2.58783E+11,7327931710,7.33,1.76,5940866.15
4203.84,4200.78,16446197563,1527901750,1527.9,589.93,377551.23,2.58944E+11,7332478560,7.33,1.76,5944552.35
4203.85,4200.79,16449599227,1528217775,1528.22,590.05,377629.33,2.59113E+11,7337254314,7.34,1.76,5948424.13
4203.86,4200.8,16452991205,1528532900,1528.53,590.17,377707.19,2.59273E+11,7341803594,7.34,1.76,5952112.3
4203.87,4200.81,16456404710,1528850025,1528.85,590.29,377785.56,2.59442E+11,7346581322,7.35,1.76,5955985.68
4203.88,4200.82,16461788279,1529350175,1529.35,590.49,377909.15,2.59603E+11,7351132971,7.35,1.76,5959675.77
4203.89,4200.83,16465172453,1529664575,1529.66,590.61,377986.84,2.59772E+11,7355913250,7.36,1.76,5963551.22
4203.9,4200.84,16468411583,1529965500,1529.97,590.72,378061.2,2.59932E+11,7360466828,7.36,1.77,5967242.87
4203.91,4200.85,16474164355,1530499950,1530.5,590.93,378193.26,2.60101E+11,7365249438,7.37,1.77,5971120.2
4203.92,4200.86,16477425281,1530802900,1530.8,591.05,378268.12,2.60262E+11,7369805506,7.37,1.77,5974813.88
4203.93,4200.87,16480957728,1531131075,1531.13,591.17,378349.21,2.60431E+11,7374590360,7.37,1.77,5978693.03
4203.94,4200.88,16486111757,1531609900,1531.61,591.36,378467.53,2.60592E+11,7379148460,7.38,1.77,5982388.35
4203.95,4200.89,16489578005,1531931925,1531.93,591.48,378547.11,2.60761E+11,7383935833,7.38,1.77,5986269.55
4203.96,4200.9,16492832743,1532234300,1532.23,591.6,378621.83,2.60922E+11,7388496163,7.39,1.77,5989966.68
4203.97,4200.91,16498787607,1532787525,1532.79,591.81,378758.53,2.61091E+11,7393285528,7.39,1.77,5993849.49
4203.98,4200.92,16502095626,1533094850,1533.09,591.93,378834.47,2.61253E+11,7397848408,7.4,1.77,5997548.69
4203.99,4200.93,16505708263,1533430475,1533.43,592.06,378917.41,2.61422E+11,7402640436,7.4,1.78,6001433.66
4204,4200.94,16509084902,1533744175,1533.74,592.18,378994.92,2.61583E+11,7407205239,7.41,1.78,6005134.41
4204.01,4200.95,16514621319,1534258525,1534.26,592.38,379122.02,2.61744E+11,7411771417,7.41,1.78,6008836.28
4204.02,4200.96,16518185519,1534589650,1534.59,592.51,379203.84,2.61914E+11,7416567069,7.42,1.78,6012724.19
4204.03,4200.97,16521750257,1534920825,1534.92,592.64,379285.68,2.62075E+11,7421135345,7.42,1.78,6016427.76
4204.04,4200.98,16527900755,1535492225,1535.49,592.86,379426.87,2.62244E+11,7425933389,7.43,1.78,6020317.61
4204.05,4200.99,16531517429,1535828225,1535.83,592.99,379509.9,2.62406E+11,7430504363,7.43,1.78,6024023.37
4204.06,4201,16535151595,1536165850,1536.17,593.12,379593.33,2.62575E+11,7435304930,7.44,1.78,6027915.26
4204.07,4201.01,16540969757,1536706375,1536.71,593.33,379726.9,2.62737E+11,7439877989,7.44,1.78,6031622.71
4204.08,4201.02,16544590737,1537042775,1537.04,593.46,379810.02,2.62906E+11,7444681304,7.44,1.79,6035516.83
4204.09,4201.03,16548206603,1537378700,1537.38,593.59,379893.03,2.63068E+11,7449256885,7.45,1.79,6039226.33
4204.1,4201.04,16551811975,1537713650,1537.71,593.71,379975.8,2.63238E+11,7454062293,7.45,1.79,6043122.14
4204.11,4201.05,16557930182,1538282050,1538.28,593.93,380116.25,2.63399E+11,7458640485,7.46,1.79,6046833.75
4204.12,4201.06,16561628123,1538625600,1538.63,594.07,380201.15,2.63569E+11,7463448730,7.46,1.79,6050731.87
4204.13,4201.07,16565329832,1538969500,1538.97,594.2,380286.12,2.63731E+11,7468029034,7.47,1.79,6054445.19
4204.14,4201.08,16571728439,1539563950,1539.56,594.43,380433.02,2.63901E+11,7472839868,7.47,1.79,6058345.41
4204.15,4201.09,16575634662,1539926850,1539.93,594.57,380522.69,2.64063E+11,7477422992,7.48,1.79,6062061.02
4204.16,4201.1,16579505364,1540286450,1540.29,594.71,380611.55,2.64233E+11,7482236397,7.48,1.8,6065963.32
4204.17,4201.11,16586063276,1540895700,1540.9,594.94,380762.1,2.64395E+11,7486821887,7.49,1.8,6069680.85
4204.18,4201.12,16590036505,1541264825,1541.26,595.09,380853.31,2.64565E+11,7491638339,7.49,1.8,6073585.62
4204.19,4201.13,16594013231,1541634275,1541.63,595.23,380944.6,2.64727E+11,7496226531,7.5,1.8,6077305.33
4204.2,4201.14,16600701656,1542255650,1542.26,595.47,381098.15,2.64897E+11,7501045362,7.5,1.8,6081212.03
4204.21,4201.15,16604751847,1542631925,1542.63,595.61,381191.13,2.65059E+11,7505636514,7.51,1.8,6084934.15
4204.22,4201.16,16608864468,1543014000,1543.01,595.76,381285.54,2.65229E+11,7510458409,7.51,1.8,6088843.34
4204.23,4201.17,16612917349,1543390525,1543.39,595.91,381378.58,2.65392E+11,7515051816,7.52,1.8,6092567.28
4204.24,4201.18,16619828049,1544032550,1544.03,596.15,381537.23,2.65562E+11,7519876742,7.52,1.8,6096478.92
4204.25,4201.19,16623928560,1544413500,1544.41,596.3,381631.36,2.65724E+11,7524473187,7.52,1.81,6100205.33
4204.26,4201.2,16627856849,1544778450,1544.78,596.44,381721.54,2.65887E+11,7529070741,7.53,1.81,6103932.64
4204.27,4201.21,16635225284,1545463000,1545.46,596.71,381890.7,2.66057E+11,7533899787,7.53,1.81,6107847.62
4204.28,4201.22,16639314225,1545842875,1545.84,596.85,381984.57,2.6622E+11,7538500485,7.54,1.81,6111577.48
4204.29,4201.23,16643805466,1546260125,1546.26,597.01,382087.67,2.6639E+11,7543332460,7.54,1.81,6115494.83
4204.3,4201.24,16651139188,1546941450,1546.94,597.28,382256.03,2.66553E+11,7547935709,7.55,1.81,6119226.76
4204.31,4201.25,16655844631,1547378600,1547.38,597.45,382364.05,2.66724E+11,7552771143,7.55,1.81,6123146.92
4204.32,4201.26,16660216124,1547784725,1547.78,597.6,382464.41,2.66886E+11,7557377579,7.56,1.81,6126881.42
4204.33,4201.27,16664979962,1548227300,1548.23,597.77,382573.77,2.67057E+11,7562215660,7.56,1.81,6130803.73
4204.34,4201.28,16672650324,1548939900,1548.94,598.05,382749.85,2.6722E+11,7566825503,7.57,1.82,6134541
4204.35,4201.29,16677179240,1549360650,1549.36,598.21,382853.82,2.67391E+11,7571667166,7.57,1.82,6138466.21
4204.36,4201.3,16681313658,1549744750,1549.74,598.36,382948.74,2.67554E+11,7576279469,7.58,1.82,6142205.47
4204.37,4201.31,16688592483,1550420975,1550.42,598.62,383115.83,2.67725E+11,7581124183,7.58,1.82,6146133.16
4204.38,4201.32,16692754080,1550807600,1550.81,598.77,383211.37,2.67888E+11,7585739645,7.59,1.82,6149874.98
4204.39,4201.33,16697259046,1551226125,1551.23,598.93,383314.79,2.68059E+11,7590587134,7.59,1.82,6153804.92
4204.4,4201.34,16704844911,1551930875,1551.93,599.2,383488.94,2.68222E+11,7595205325,7.6,1.82,6157548.95
4204.41,4201.35,16709381631,1552352350,1552.35,599.37,383593.09,2.68393E+11,7600056330,7.6,1.82,6161481.74
4204.42,4201.36,16713585476,1552742900,1552.74,599.52,383689.59,2.68557E+11,7604677547,7.6,1.82,6165228.23
4204.43,4201.37,16720982435,1553430100,1553.43,599.78,383859.4,2.68728E+11,7609531169,7.61,1.83,6169163.14
4204.44,4201.38,16725241445,1553825775,1553.83,599.94,383957.18,2.68891E+11,7614155594,7.61,1.83,6172912.23
4204.45,4201.39,16729961689,1554264300,1554.26,600.1,384065.54,2.69063E+11,7619012548,7.62,1.83,6176849.83
4204.46,4201.4,16734291741,1554666575,1554.67,600.26,384164.94,2.69226E+11,7623639464,7.62,1.83,6180600.95
4204.47,4201.41,16742534475,1555432350,1555.43,600.56,384354.17,2.69398E+11,7628499874,7.63,1.83,6184541.35
4204.48,4201.42,16746801289,1555828750,1555.83,600.71,384452.12,2.69561E+11,7633130262,7.63,1.83,6188295.28
4204.49,4201.43,16751425734,1556258375,1556.26,600.87,384558.28,2.69733E+11,7637993460,7.64,1.83,6192237.95
4204.5,4201.44,16758354194,1556902050,1556.9,601.12,384717.34,2.69897E+11,7642626681,7.64,1.83,6195994.17
4204.51,4201.45,16762400079,1557277925,1557.28,601.27,384810.22,2.7006E+11,7647261433,7.65,1.83,6199751.64
4204.52,4201.46,16766790409,1557685800,1557.69,601.43,384911,2.70232E+11,7652129140,7.65,1.84,6203697.96
4204.53,4201.47,16774009494,1558356475,1558.36,601.68,385076.73,2.70396E+11,7656766403,7.66,1.84,6207457.46
4204.54,4201.48,16778310215,1558756025,1558.76,601.84,385175.46,2.70568E+11,7661637477,7.66,1.84,6211406.51
4204.55,4201.49,16782204597,1559117825,1559.12,601.98,385264.86,2.70732E+11,7666277727,7.67,1.84,6215168.44
4204.56,4201.5,16786472488,1559514325,1559.51,602.13,385362.84,2.70904E+11,7671151170,7.67,1.84,6219119.41
4204.57,4201.51,16792832075,1560105150,1560.11,602.36,385508.84,2.71068E+11,7675794331,7.68,1.84,6222883.69
4204.58,4201.52,16797005243,1560492850,1560.49,602.51,385604.64,2.7124E+11,7680670850,7.68,1.84,6226837.16
4204.59,4201.53,16800895321,1560854250,1560.85,602.65,385693.94,2.71404E+11,7685316267,7.69,1.84,6230603.27
4204.6,4201.54,16808219085,1561534650,1561.53,602.91,385862.07,2.71577E+11,7690195733,7.69,1.84,6234559.13
4204.61,4201.55,16812099475,1561895150,1561.9,603.05,385951.15,2.71741E+11,7694844238,7.69,1.85,6238327.74
4204.62,4201.56,16816392391,1562293975,1562.29,603.21,386049.7,2.71913E+11,7699726368,7.7,1.85,6242285.76
4204.63,4201.57,16823040183,1562911575,1562.91,603.44,386202.32,2.72078E+11,7704377446,7.7,1.85,6246056.46
4204.64,4201.58,16827113515,1563290000,1563.29,603.59,386295.83,2.7225E+11,7709262719,7.71,1.85,6250017.03
4204.65,4201.59,16830950042,1563646425,1563.65,603.73,386383.9,2.72414E+11,7713916456,7.71,1.85,6253789.88
4204.66,4201.6,16837902452,1564292325,1564.29,603.98,386543.51,2.72587E+11,7718804159,7.72,1.85,6257752.42
4204.67,4201.61,16841707225,1564645800,1564.65,604.11,386630.85,2.72751E+11,7723460874,7.72,1.85,6261527.69
4204.68,4201.62,16845840298,1565029775,1565.03,604.26,386725.73,2.72924E+11,7728351575,7.73,1.85,6265492.65
4204.69,4201.63,16849631885,1565382025,1565.38,604.4,386812.78,2.73089E+11,7733010479,7.73,1.86,6269269.7
4204.7,4201.64,16856583218,1566027825,1566.03,604.65,386972.36,2.73262E+11,7737904180,7.74,1.86,6273237.1
4204.71,4201.65,16860367271,1566379375,1566.38,604.78,387059.22,2.73426E+11,7742566054,7.74,1.86,6277016.55
4204.72,4201.66,16864525101,1566765650,1566.77,604.93,387154.67,2.73599E+11,7747462178,7.75,1.86,6280985.91
4204.73,4201.67,16871159168,1567381975,1567.38,605.17,387306.97,2.73764E+11,7752126720,7.75,1.86,6284767.53
4204.74,4201.68,16875288204,1567765575,1567.77,605.32,387401.76,2.73937E+11,7757025971,7.76,1.86,6288739.42
4204.75,4201.69,16879074409,1568117325,1568.12,605.45,387488.68,2.74102E+11,7761693013,7.76,1.86,6292523.07
4204.76,4201.7,16885844371,1568746275,1568.75,605.7,387644.1,2.74266E+11,7766361325,7.77,1.86,6296307.74
4204.77,4201.71,16889753554,1569109450,1569.11,605.84,387733.84,2.7444E+11,7771264797,7.77,1.86,6300283.06
4204.78,4201.72,16893506929,1569458150,1569.46,605.97,387820,2.74605E+11,7775935853,7.78,1.87,6304069.95
4204.79,4201.73,16900283349,1570087700,1570.09,606.21,387975.57,2.74778E+11,7780841585,7.78,1.87,6308047.11
4204.8,4201.74,16903959494,1570429225,1570.43,606.35,388059.96,2.74943E+11,7785515547,7.79,1.87,6311836.36
4204.81,4201.75,16907904467,1570795725,1570.8,606.49,388150.52,2.75116E+11,7790424313,7.79,1.87,6315815.97
4204.82,4201.76,16911571462,1571136400,1571.14,606.62,388234.71,2.75281E+11,7795100374,7.8,1.87,6319606.92
4204.83,4201.77,16918174045,1571749800,1571.75,606.86,388386.28,2.75455E+11,7800011911,7.8,1.87,6323588.78
4204.84,4201.78,16921750085,1572082025,1572.08,606.98,388468.37,2.7562E+11,7804690802,7.8,1.87,6327382.03
4204.85,4201.79,16925628322,1572442325,1572.44,607.12,388557.41,2.75794E+11,7809604719,7.81,1.87,6331365.82
4204.86,4201.8,16931548472,1572992325,1572.99,607.34,388693.31,2.75959E+11,7814285934,7.81,1.87,6335160.95
4204.87,4201.81,16935362126,1573346625,1573.35,607.47,388780.86,2.76133E+11,7819202692,7.82,1.88,6339147.04
4204.88,4201.82,16938866855,1573672225,1573.67,607.6,388861.32,2.76298E+11,7823886324,7.82,1.88,6342944.13
4204.89,4201.83,16945409967,1574280100,1574.28,607.83,389011.53,2.76472E+11,7828805312,7.83,1.88,6346932.03
4204.9,4201.84,16948807865,1574595775,1574.6,607.95,389089.53,2.76637E+11,7833491712,7.83,1.88,6350731.37
4204.91,4201.85,16952514148,1574940100,1574.94,608.09,389174.62,2.76811E+11,7838413456,7.84,1.88,6354721.5
4204.92,4201.86,16955863339,1575251250,1575.25,608.21,389251.5,2.76977E+11,7843101811,7.84,1.88,6358522.42
4204.93,4201.87,16961579783,1575782325,1575.78,608.41,389382.73,2.7715E+11,7848026127,7.85,1.88,6362514.64
4204.94,4201.88,16964867888,1576087800,1576.09,608.53,389458.22,2.77316E+11,7852716977,7.85,1.88,6366317.58
4204.95,4201.89,16968526272,1576427675,1576.43,608.66,389542.2,2.7749E+11,7857643380,7.86,1.89,6370311.49
4204.96,4201.9,16974605998,1576992500,1576.99,608.88,389681.77,2.77656E+11,7862336611,7.86,1.89,6374116.37
4204.97,4201.91,16978271917,1577333075,1577.33,609.01,389765.93,2.7783E+11,7867265835,7.87,1.89,6378112.57
4204.98,4201.92,16981654475,1577647325,1577.65,609.13,389843.58,2.77996E+11,7871961318,7.87,1.89,6381919.27
4204.99,4201.93,17076767617,1586483625,1586.48,612.54,392027.07,2.7817E+11,7876900190,7.88,1.89,6385923.28
4205,4201.94,17080289569,1586810825,1586.81,612.67,392107.93,2.78337E+11,7881622927,7.88,1.89,6389752.08
4205.01,4201.95,17083977015,1587153400,1587.15,612.8,392192.58,2.78504E+11,7886346653,7.89,1.89,6393581.68
4205.02,4201.96,17090501829,1587759575,1587.76,613.04,392342.37,2.78679E+11,7891307677,7.89,1.89,6397603.65
4205.03,4201.97,17094221298,1588105125,1588.11,613.17,392427.75,2.78846E+11,7896034242,7.9,1.89,6401435.55
4205.04,4201.98,17097911974,1588448000,1588.45,613.3,392512.48,2.79021E+11,7900998200,7.9,1.9,6405459.91
4205.05,4201.99,17101603995,1588791000,1588.79,613.44,392597.24,2.79188E+11,7905726802,7.91,1.9,6409293.46
4205.06,4202,17107610526,1589349025,1589.35,613.65,392735.13,2.79364E+11,7910693428,7.91,1.9,6413319.98
4205.07,4202.01,17111246306,1589686800,1589.69,613.78,392818.59,2.79531E+11,7915424703,7.92,1.9,6417155.69
4205.08,4202.02,17114898770,1590026125,1590.03,613.91,392902.44,2.79706E+11,7920393598,7.92,1.9,6421184.05
4205.09,4202.03,17121194043,1590610975,1590.61,614.14,393046.96,2.79873E+11,7925127220,7.93,1.9,6425021.67
4205.1,4202.04,17124721107,1590938650,1590.94,614.26,393127.93,2.80049E+11,7930098989,7.93,1.9,6429052.36
4205.11,4202.05,17128209421,1591262725,1591.26,614.39,393208.01,2.80216E+11,7934834974,7.93,1.9,6432891.9
4205.12,4202.06,17133828990,1591784800,1591.78,614.59,393337.02,2.80392E+11,7939808890,7.94,1.9,6436924.33
4205.13,4202.07,17137307617,1592107975,1592.11,614.72,393416.87,2.80559E+11,7944547383,7.94,1.91,6440765.9
4205.14,4202.08,17140761755,1592428875,1592.43,614.84,393496.17,2.80735E+11,7949523817,7.95,1.91,6444800.37
4205.15,4202.09,17144266216,1592754450,1592.75,614.97,393576.62,2.80902E+11,7954264235,7.95,1.91,6448643.5
4205.16,4202.1,17150315264,1593316425,1593.32,615.18,393715.49,2.81078E+11,7959243368,7.96,1.91,6452680.16
4205.17,4202.11,17153751643,1593635675,1593.64,615.31,393794.38,2.81246E+11,7963986422,7.96,1.91,6456525.42
4205.18,4202.12,17157170530,1593953300,1593.95,615.43,393872.86,2.81421E+11,7968967624,7.97,1.91,6460563.76
4205.19,4202.13,17162621912,1594459750,1594.46,615.62,393998.01,2.81589E+11,7973712942,7.97,1.91,6464410.86
4205.2,4202.14,17166012813,1594774775,1594.77,615.75,394075.85,2.81765E+11,7978696716,7.98,1.91,6468451.28
4205.21,4202.15,17169348011,1595084625,1595.08,615.87,394152.42,2.81933E+11,7983444096,7.98,1.92,6472300.06
4205.22,4202.16,17175111546,1595620075,1595.62,616.07,394284.73,2.82109E+11,7988430049,7.99,1.92,6476342.24
4205.23,4202.17,17178448628,1595930100,1595.93,616.19,394361.34,2.82276E+11,7993179949,7.99,1.92,6480193.06
4205.24,4202.18,17181822037,1596243500,1596.24,616.31,394438.78,2.82453E+11,7998168320,8,1.92,6484237.21
4205.25,4202.19,17187260503,1596748750,1596.75,616.51,394563.63,2.8262E+11,8002920109,8,1.92,6488089.56
4205.26,4202.2,17190488062,1597048600,1597.05,616.62,394637.72,2.82788E+11,8007673347,8.01,1.92,6491943.08
4205.27,4202.21,17193920673,1597367500,1597.37,616.75,394716.53,2.82965E+11,8012665211,8.01,1.92,6495990.06
4205.28,4202.22,17197182945,1597670575,1597.67,616.86,394791.42,2.83133E+11,8017420295,8.02,1.92,6499845.08
4205.29,4202.23,17203062731,1598216825,1598.22,617.07,394926.4,2.83309E+11,8022414640,8.02,1.92,6503894.07
4205.3,4202.24,17206352182,1598522425,1598.52,617.19,395001.91,2.83477E+11,8027172255,8.03,1.93,6507751.14
4205.31,4202.25,17209922033,1598854075,1598.85,617.32,395083.87,2.83653E+11,8032168744,8.03,1.93,6511801.87
4205.32,4202.26,17215325785,1599356100,1599.36,617.51,395207.92,2.83821E+11,8036928547,8.04,1.93,6515660.72
4205.33,4202.27,17219093153,1599706100,1599.71,617.65,395294.4,2.83998E+11,8041927664,8.04,1.93,6519713.58
4205.34,4202.28,17222666503,1600038075,1600.04,617.78,395376.44,2.84166E+11,8046689744,8.05,1.93,6523574.27
4205.35,4202.29,17229132384,1600638775,1600.64,618.01,395524.87,2.84343E+11,8051691156,8.05,1.93,6527628.99
4205.36,4202.3,17232920473,1600990700,1600.99,618.15,395611.84,2.84511E+11,8056456034,8.06,1.93,6531491.95
4205.37,4202.31,17237104405,1601379400,1601.38,618.3,395707.88,2.84688E+11,8061460319,8.06,1.93,6535549
4205.38,4202.32,17241024890,1601743625,1601.74,618.44,395797.89,2.84856E+11,8066227430,8.07,1.94,6539413.77
4205.39,4202.33,17247365910,1602332725,1602.33,618.66,395943.46,2.85033E+11,8071234667,8.07,1.94,6543473.21
4205.4,4202.34,17251561144,1602722475,1602.72,618.81,396039.76,2.85201E+11,8076004668,8.08,1.94,6547340.32
4205.41,4202.35,17255775484,1603114000,1603.11,618.97,396136.51,2.85378E+11,8081014395,8.08,1.94,6551401.79
4205.42,4202.36,17262784404,1603765150,1603.77,619.22,396297.41,2.85547E+11,8085787220,8.09,1.94,6555271.19
4205.43,4202.37,17267088623,1604165025,1604.17,619.37,396396.22,2.85724E+11,8090800212,8.09,1.94,6559335.3
4205.44,4202.38,17271387190,1604564375,1604.56,619.53,396494.91,2.85893E+11,8095575683,8.1,1.94,6563206.85
4205.45,4202.39,17278121631,1605190025,1605.19,619.77,396649.51,2.8607E+11,8100591447,8.1,1.94,6567273.2
4205.46,4202.4,17282473211,1605594300,1605.59,619.92,396749.4,2.86238E+11,8105369978,8.11,1.94,6571147.23
4205.47,4202.41,17286919244,1606007350,1606.01,620.08,396851.47,2.86416E+11,8110388707,8.11,1.95,6575215.99
4205.48,4202.42,17294197531,1606683525,1606.68,620.34,397018.56,2.86585E+11,8115169750,8.12,1.95,6579092.05
4205.49,4202.43,17298619346,1607094325,1607.09,620.5,397120.07,2.86762E+11,8120191878,8.12,1.95,6583163.57
4205.5,4202.44,17303111125,1607511625,1607.51,620.66,397223.18,2.86931E+11,8124976096,8.12,1.95,6587042.21
4205.51,4202.45,17307414806,1607911450,1607.91,620.82,397321.98,2.871E+11,8129761516,8.13,1.95,6590921.82
4205.52,4202.46,17314723232,1608590425,1608.59,621.08,397489.76,2.87277E+11,8134788124,8.13,1.95,6594996.97
4205.53,4202.47,17319167112,1609003275,1609,621.24,397591.78,2.87446E+11,8139576773,8.14,1.95,6598879.2
4205.54,4202.48,17323919110,1609444750,1609.44,621.41,397700.87,2.87624E+11,8144606193,8.14,1.95,6602956.63
4205.55,4202.49,17331506590,1610149650,1610.15,621.68,397875.05,2.87793E+11,8149397865,8.15,1.96,6606841.31
4205.56,4202.5,17336313752,1610596250,1610.6,621.85,397985.41,2.87971E+11,8154430873,8.15,1.96,6610921.65
4205.57,4202.51,17340853163,1611017975,1611.02,622.02,398089.62,2.8814E+11,8159225511,8.16,1.96,6614808.73
4205.58,4202.52,17348341615,1611713675,1611.71,622.29,398261.53,2.88318E+11,8164261417,8.16,1.96,6618891.42
4205.59,4202.53,17352949376,1612141750,1612.14,622.45,398367.31,2.88488E+11,8169059383,8.17,1.96,6622781.2
4205.6,4202.54,17357990384,1612610075,1612.61,622.63,398483.03,2.88666E+11,8174098653,8.17,1.96,6626866.62
4205.61,4202.55,17362668111,1613044650,1613.04,622.8,398590.42,2.88835E+11,8178899299,8.18,1.96,6630758.57
4205.62,4202.56,17371284352,1613845125,1613.85,623.11,398788.22,2.89013E+11,8183942332,8.18,1.96,6634847.04
4205.63,4202.57,17376195386,1614301375,1614.3,623.29,398900.96,2.89183E+11,8188746682,8.19,1.96,6638742
4205.64,4202.58,17381508183,1614794950,1614.79,623.48,399022.93,2.89361E+11,8193792739,8.19,1.97,6642832.91
4205.65,4202.59,17389467826,1615534425,1615.53,623.76,399205.65,2.89531E+11,8198600500,8.2,1.97,6646730.64
4205.66,4202.6,17394866465,1616035975,1616.04,623.95,399329.59,2.89709E+11,8203650412,8.2,1.97,6650824.68
4205.67,4202.61,17399877604,1616501525,1616.5,624.13,399444.63,2.89879E+11,8208461296,8.21,1.97,6654724.94
4205.68,4202.62,17408575920,1617309625,1617.31,624.45,399644.31,2.90058E+11,8213514646,8.21,1.97,6658821.76
4205.69,4202.63,17413384427,1617756350,1617.76,624.62,399754.7,2.90228E+11,8218329298,8.22,1.97,6662725.08
4205.7,4202.64,17418553257,1618236550,1618.24,624.8,399873.36,2.90406E+11,8223386127,8.22,1.97,6666824.72
4205.71,4202.65,17426178411,1618944950,1618.94,625.08,400048.41,2.90576E+11,8228203618,8.23,1.97,6670730.34
4205.72,4202.66,17431212154,1619412600,1619.41,625.26,400163.97,2.90755E+11,8233264144,8.23,1.98,6674832.98
4205.73,4202.67,17435844672,1619842975,1619.84,625.42,400270.32,2.90925E+11,8238085026,8.24,1.98,6678741.35
4205.74,4202.68,17440763241,1620299925,1620.3,625.6,400383.23,2.91104E+11,8243148336,8.24,1.98,6682846.25
4205.75,4202.69,17448376017,1621007175,1621.01,625.87,400557.99,2.91274E+11,8247972573,8.25,1.98,6686757.33
4205.76,4202.7,17452991850,1621436000,1621.44,626.04,400663.96,2.91445E+11,8252798218,8.25,1.98,6690669.56
4205.77,4202.71,17457880011,1621890125,1621.89,626.22,400776.17,2.91624E+11,8257866534,8.26,1.98,6694778.52
4205.78,4202.72,17465437622,1622592250,1622.59,626.49,400949.67,2.91794E+11,8262695252,8.26,1.98,6698693.23
4205.79,4202.73,17470315826,1623045450,1623.05,626.66,401061.66,2.91973E+11,8267767166,8.27,1.98,6702805.11
4205.8,4202.74,17474847163,1623466425,1623.47,626.82,401165.69,2.92144E+11,8272598874,8.27,1.98,6706722.25
4205.81,4202.75,17483128378,1624235775,1624.24,627.12,401355.8,2.92323E+11,8277673814,8.28,1.99,6710836.58
4205.82,4202.76,17487934464,1624682275,1624.68,627.29,401466.13,2.92494E+11,8282509097,8.28,1.99,6714756.62
4205.83,4202.77,17493204743,1625171900,1625.17,627.48,401587.12,2.92673E+11,8287587608,8.29,1.99,6718873.85
4205.84,4202.78,17501571262,1625949175,1625.95,627.78,401779.18,2.92844E+11,8292425684,8.29,1.99,6722796.15
4205.85,4202.79,17506845578,1626439175,1626.44,627.97,401900.27,2.93024E+11,8297508151,8.3,1.99,6726916.58
4205.86,4202.8,17511722975,1626892300,1626.89,628.15,402012.23,2.93195E+11,8302349998,8.3,1.99,6730841.94
4205.87,4202.81,17516938897,1627376875,1627.38,628.33,402131.97,2.93374E+11,8307435402,8.31,1.99,6734964.76
4205.88,4202.82,17524873513,1628114025,1628.11,628.62,402314.13,2.93545E+11,8312280691,8.31,1.99,6738892.91
4205.89,4202.83,17529883575,1628579475,1628.58,628.8,402429.14,2.93725E+11,8317369888,8.32,2,6743018.8
4205.9,4202.84,17534575833,1629015400,1629.02,628.97,402536.86,2.93896E+11,8322218079,8.32,2,6746949.3
4205.91,4202.85,17542622125,1629762925,1629.76,629.25,402721.58,2.94076E+11,8327310515,8.33,2,6751077.81
4205.92,4202.86,17547152386,1630183800,1630.18,629.42,402825.58,2.94248E+11,8332162209,8.33,2,6755011.16
4205.93,4202.87,17552034088,1630637325,1630.64,629.59,402937.65,2.94427E+11,8337257851,8.34,2,6759142.27
4205.94,4202.88,17559643097,1631344225,1631.34,629.87,403112.32,2.94599E+11,8342112267,8.34,2,6763077.82
4205.95,4202.89,17564526952,1631797950,1631.8,630.04,403224.44,2.94779E+11,8347211538,8.35,2,6767211.88
4205.96,4202.9,17569037030,1632216950,1632.22,630.2,403327.98,2.94951E+11,8352069282,8.35,2,6771150.12
4205.97,4202.91,17573984124,1632676550,1632.68,630.38,403441.55,2.95131E+11,8357171287,8.36,2,6775286.4
4205.98,4202.92,17581900980,1633412050,1633.41,630.66,403623.29,2.95302E+11,8362032498,8.36,2.01,6779227.46
4205.99,4202.93,17586719713,1633859725,1633.86,630.84,403733.92,2.95483E+11,8367138224,8.37,2.01,6783366.75
4206,4202.94,17591142873,1634270650,1634.27,631,403835.46,2.95654E+11,8372002096,8.37,2.01,6787309.96
4206.01,4202.95,17598542523,1634958100,1634.96,631.26,404005.33,2.95826E+11,8376867677,8.38,2.01,6791254.56
4206.02,4202.96,17602982906,1635370625,1635.37,631.42,404107.27,2.96007E+11,8381978176,8.38,2.01,6795397.72
4206.03,4202.97,17607361126,1635777375,1635.78,631.58,404207.78,2.96179E+11,8386846527,8.39,2.01,6799344.57
4206.04,4202.98,17614783650,1636466950,1636.47,631.84,404378.17,2.96359E+11,8391959869,8.39,2.01,6803490.03
4206.05,4202.99,17619037278,1636862125,1636.86,632,404475.82,2.96531E+11,8396831469,8.4,2.01,6807439.51
4206.06,4203,17623289292,1637257150,1637.26,632.15,404573.43,2.96712E+11,8401947889,8.4,2.02,6811587.47
4206.07,4203.01,17630016198,1637882100,1637.88,632.39,404727.86,2.96884E+11,8406821840,8.41,2.02,6815538.86
4206.08,4203.02,17634283012,1638278500,1638.28,632.54,404825.81,2.97065E+11,8411941444,8.41,2.02,6819689.4
4206.09,4203.03,17638526145,1638672700,1638.67,632.7,404923.22,2.97237E+11,8416818437,8.42,2.02,6823643.25
4206.1,4203.04,17642825789,1639072150,1639.07,632.85,405021.93,2.97418E+11,8421940516,8.42,2.02,6827795.8
4206.11,4203.05,17650078781,1639745975,1639.75,633.11,405188.43,2.9759E+11,8426820491,8.43,2.02,6831752.07
4206.12,4203.06,17654410717,1640148425,1640.15,633.26,405287.88,2.97771E+11,8431945933,8.43,2.02,6835907.34
4206.13,4203.07,17658810734,1640557200,1640.56,633.42,405388.89,2.97944E+11,8436828507,8.44,2.02,6839865.72
4206.14,4203.08,17665751304,1641202000,1641.2,633.67,405548.22,2.98125E+11,8441956841,8.44,2.03,6844023.34
4206.15,4203.09,17670156434,1641611250,1641.61,633.83,405649.35,2.98297E+11,8446842555,8.45,2.03,6847984.26
4206.16,4203.1,17674633144,1642027150,1642.03,633.99,405752.12,2.98479E+11,8451973848,8.45,2.03,6852144.28
4206.17,4203.11,17682302969,1642739700,1642.74,634.27,405928.2,2.98651E+11,8456862189,8.46,2.03,6856107.33
4206.18,4203.12,17686751962,1643153025,1643.15,634.42,406030.33,2.98833E+11,8461997004,8.46,2.03,6860270.21
4206.19,4203.13,17691153594,1643561950,1643.56,634.58,406131.38,2.99005E+11,8466888515,8.47,2.03,6864235.83
4206.2,4203.14,17695641876,1643978925,1643.98,634.74,406234.41,2.99187E+11,8472025902,8.47,2.03,6868400.79
4206.21,4203.15,17702536968,1644619500,1644.62,634.99,406392.7,2.9936E+11,8476920512,8.48,2.03,6872368.92
4206.22,4203.16,17706783599,1645014025,1645.01,635.14,406490.19,2.99541E+11,8482061171,8.48,2.03,6876536.53
4206.23,4203.17,17710995248,1645405300,1645.41,635.29,406586.88,2.99714E+11,8486958206,8.49,2.04,6880506.63
4206.24,4203.18,17718299907,1646083925,1646.08,635.56,406754.57,2.99896E+11,8492101867,8.49,2.04,6884676.68
4206.25,4203.19,17722528509,1646476775,1646.48,635.71,406851.64,3.00069E+11,8497002082,8.5,2.04,6888649.36
4206.26,4203.2,17726691721,1646863550,1646.86,635.86,406947.22,3.00242E+11,8501903459,8.5,2.04,6892622.98
4206.27,4203.21,17733751231,1647519400,1647.52,636.11,407109.28,3.00424E+11,8507051460,8.51,2.04,6896796.54
4206.28,4203.22,17738021813,1647916150,1647.92,636.26,407207.32,3.00597E+11,8511955976,8.51,2.04,6900772.71
4206.29,4203.23,17742407837,1648323625,1648.32,636.42,407308.01,3.00779E+11,8517106973,8.52,2.04,6904948.7
4206.3,4203.24,17749627730,1648994375,1648.99,636.68,407473.75,3.00952E+11,8522013933,8.52,2.04,6908926.85
4206.31,4203.25,17753986307,1649399300,1649.4,636.84,407573.81,3.01134E+11,8527168299,8.53,2.05,6913105.57
4206.32,4203.26,17758434223,1649812525,1649.81,637,407675.92,3.01308E+11,8532078435,8.53,2.05,6917086.29
4206.33,4203.27,17762955604,1650232575,1650.23,637.16,407779.72,3.0149E+11,8537235377,8.54,2.05,6921267.1
4206.34,4203.28,17770457781,1650929550,1650.93,637.43,407951.94,3.01663E+11,8542148648,8.54,2.05,6925250.37
4206.35,4203.29,17775065811,1651357650,1651.36,637.59,408057.73,3.01845E+11,8547309092,8.55,2.05,6929434.02
4206.36,4203.3,17779626210,1651781325,1651.78,637.76,408162.42,3.02019E+11,8552225065,8.55,2.05,6933419.47
4206.37,4203.31,17787131078,1652478550,1652.48,638.03,408334.71,3.02201E+11,8557388611,8.56,2.05,6937605.64
4206.38,4203.32,17791727806,1652905600,1652.91,638.19,408440.24,3.02375E+11,8562307925,8.56,2.05,6941593.8
4206.39,4203.33,17796401496,1653339800,1653.34,638.36,408547.53,3.02558E+11,8567474557,8.57,2.06,6945782.47
4206.4,4203.34,17804054367,1654050775,1654.05,638.63,408723.21,3.02731E+11,8572396656,8.57,2.06,6949772.89
4206.41,4203.35,17808836234,1654495025,1654.5,638.8,408832.99,3.02914E+11,8577566871,8.58,2.06,6953964.46
4206.42,4203.36,17813621869,1654939625,1654.94,638.98,408942.85,3.03088E+11,8582492210,8.58,2.06,6957957.51
4206.43,4203.37,17818494153,1655392275,1655.39,639.15,409054.7,3.03271E+11,8587665219,8.59,2.06,6962151.35
4206.44,4203.38,17826271078,1656114775,1656.11,639.43,409233.24,3.03445E+11,8592594006,8.59,2.06,6966147.19
4206.45,4203.39,17831168119,1656569725,1656.57,639.61,409345.66,3.03627E+11,8597770694,8.6,2.06,6970344.01
4206.46,4203.4,17836067313,1657024875,1657.02,639.78,409458.13,3.03802E+11,8602702228,8.6,2.06,6974342.08
4206.47,4203.41,17843944881,1657756725,1657.76,640.06,409638.97,3.03984E+11,8607882348,8.61,2.07,6978541.68
4206.48,4203.42,17848572555,1658186650,1658.19,640.23,409745.21,3.04159E+11,8612817378,8.61,2.07,6982542.59
4206.49,4203.43,17853229830,1658619325,1658.62,640.4,409852.12,3.04342E+11,8618000504,8.62,2.07,6986744.63
4206.5,4203.44,17860339393,1659279825,1659.28,640.65,410015.33,3.04516E+11,8622938375,8.62,2.07,6990747.83
4206.51,4203.45,17864522248,1659668425,1659.67,640.8,410111.36,3.04691E+11,8627877875,8.63,2.07,6994752.36
4206.52,4203.46,17869054393,1660089475,1660.09,640.96,410215.4,3.04874E+11,8633065613,8.63,2.07,6998958.14
4206.53,4203.47,17876023756,1660736950,1660.74,641.21,410375.4,3.05048E+11,8638007588,8.64,2.07,7002964.68
4206.54,4203.48,17880438842,1661147125,1661.15,641.37,410476.75,3.05232E+11,8643198647,8.64,2.07,7007173.15
4206.55,4203.49,17884434406,1661518325,1661.52,641.52,410568.48,3.05406E+11,8648143682,8.65,2.07,7011182.16
4206.56,4203.5,17888776567,1661921725,1661.92,641.67,410668.16,3.0559E+11,8653337173,8.65,2.08,7015392.6
4206.57,4203.51,17895034974,1662503150,1662.5,641.9,410811.83,3.05764E+11,8658285017,8.66,2.08,7019403.9
4206.58,4203.52,17899345382,1662903600,1662.9,642.05,410910.78,3.05948E+11,8663481578,8.66,2.08,7023616.83
4206.59,4203.53,17903374314,1663277900,1663.28,642.2,411003.28,3.06123E+11,8668431837,8.67,2.08,7027630.08
4206.6,4203.54,17910454276,1663935650,1663.94,642.45,411165.81,3.06306E+11,8673631253,8.67,2.08,7031845.32
4206.61,4203.55,17914290264,1664292025,1664.29,642.59,411253.87,3.06481E+11,8678584561,8.68,2.08,7035861.05
4206.62,4203.56,17918489804,1664682175,1664.68,642.74,411350.28,3.06665E+11,8683786697,8.68,2.08,7040078.5
4206.63,4203.57,17924420180,1665233125,1665.23,642.95,411486.42,3.0684E+11,8688742370,8.69,2.08,7044096.14
4206.64,4203.58,17928420857,1665604800,1665.6,643.09,411578.26,3.07024E+11,8693947418,8.69,2.09,7048315.95
4206.65,4203.59,17932086237,1665945325,1665.95,643.23,411662.41,3.07199E+11,8698905667,8.7,2.09,7052335.68
4206.66,4203.6,17938447708,1666536325,1666.54,643.45,411808.45,3.07383E+11,8704112941,8.7,2.09,7056557.29
4206.67,4203.61,17941988228,1666865250,1666.87,643.58,411889.73,3.07558E+11,8709073949,8.71,2.09,7060579.26
4206.68,4203.62,17945854624,1667224450,1667.22,643.72,411978.49,3.07742E+11,8714284085,8.71,2.09,7064803.2
4206.69,4203.63,17949396758,1667553525,1667.55,643.85,412059.8,3.07917E+11,8719247140,8.72,2.09,7068826.82
4206.7,4203.64,17955193662,1668092075,1668.09,644.05,412192.88,3.08101E+11,8724459831,8.72,2.09,7073052.83
4206.71,4203.65,17958720188,1668419700,1668.42,644.18,412273.84,3.08277E+11,8729425470,8.73,2.09,7077078.55
4206.72,4203.66,17962483251,1668769300,1668.77,644.32,412360.23,3.08461E+11,8734640444,8.73,2.1,7081306.41
4206.73,4203.67,17968206961,1669301050,1669.3,644.52,412491.62,3.08636E+11,8739608371,8.74,2.1,7085333.98
4206.74,4203.68,17971975137,1669651125,1669.65,644.66,412578.13,3.08821E+11,8744826096,8.74,2.1,7089564.07
4206.75,4203.69,17975426585,1669971775,1669.97,644.78,412657.36,3.08996E+11,8749796361,8.75,2.1,7093593.54
4206.76,4203.7,17980774095,1670468575,1670.47,644.97,412780.12,3.09172E+11,8754767673,8.75,2.1,7097623.86
4206.77,4203.71,17984503790,1670815075,1670.82,645.11,412865.75,3.09356E+11,8759989069,8.76,2.1,7101856.93
4206.78,4203.72,17987919448,1671132400,1671.13,645.23,412944.16,3.09532E+11,8764962807,8.76,2.1,7105889.21
4206.79,4203.73,17991686279,1671482350,1671.48,645.36,413030.63,3.09716E+11,8770186279,8.77,2.1,7110123.96
4206.8,4203.74,17997458695,1672018625,1672.02,645.57,413163.15,3.09892E+11,8775162555,8.78,2.11,7114158.3
4206.81,4203.75,18001230638,1672369050,1672.37,645.71,413249.74,3.10077E+11,8780388791,8.78,2.11,7118395.29
4206.82,4203.76,18004710341,1672692325,1672.69,645.83,413329.62,3.10252E+11,8785367161,8.79,2.11,7122431.33
4206.83,4203.77,18010387496,1673219750,1673.22,646.03,413459.95,3.10437E+11,8790595827,8.79,2.11,7126670.29
4206.84,4203.78,18013749604,1673532100,1673.53,646.15,413537.13,3.10613E+11,8795576717,8.8,2.11,7130708.37
4206.85,4203.79,18017422250,1673873300,1673.87,646.29,413621.45,3.10798E+11,8800807670,8.8,2.11,7134949.19
4206.86,4203.8,18023020291,1674393375,1674.39,646.49,413749.96,3.10974E+11,8805790691,8.81,2.11,7138989
4206.87,4203.81,18026590949,1674725100,1674.73,646.61,413831.93,3.11158E+11,8811024319,8.81,2.11,7143231.98
4206.88,4203.82,18029916459,1675034050,1675.03,646.73,413908.27,3.11334E+11,8816009685,8.82,2.12,7147273.69
4206.89,4203.83,18035366765,1675540400,1675.54,646.93,414033.39,3.11519E+11,8821245335,8.82,2.12,7151518.32
4206.9,4203.84,18038572258,1675838200,1675.84,647.04,414106.98,3.11695E+11,8826233112,8.83,2.12,7155561.98
4206.91,4203.85,18042143454,1676169975,1676.17,647.17,414188.96,3.1188E+11,8831471254,8.83,2.12,7159808.62
4206.92,4203.86,18045482419,1676480175,1676.48,647.29,414265.62,3.12057E+11,8836460919,8.84,2.12,7163853.82
4206.93,4203.87,18051421407,1677031925,1677.03,647.51,414401.96,3.12242E+11,8841701557,8.84,2.12,7168102.49
4206.94,4203.88,18054816075,1677347300,1677.35,647.63,414479.89,3.12418E+11,8846693794,8.85,2.12,7172149.77
4206.95,4203.89,18058486030,1677688250,1677.69,647.76,414564.14,3.12603E+11,8851936673,8.85,2.12,7176400.25
4206.96,4203.9,18072042368,1678947675,1678.95,648.25,414875.35,3.1278E+11,8856932127,8.86,2.12,7180450.14
4206.97,4203.91,18075759954,1679293050,1679.29,648.38,414960.69,3.12965E+11,8862180015,8.86,2.13,7184704.69
4206.98,4203.92,18079142782,1679607325,1679.61,648.5,415038.35,3.13141E+11,8867178980,8.87,2.13,7188757.42
4206.99,4203.93,18085134512,1680163975,1680.16,648.71,415175.9,3.13327E+11,8872429052,8.87,2.13,7193013.74
4207,4203.94,18088482358,1680475000,1680.48,648.84,415252.75,3.13504E+11,8877430603,8.88,2.13,7197068.57
4207.01,4203.95,18092018840,1680803550,1680.8,648.96,415333.94,3.1368E+11,8882433101,8.88,2.13,7201124.17
4207.02,4203.96,18095534064,1681130125,1681.13,649.09,415414.64,3.13866E+11,8887686752,8.89,2.13,7205383.39
4207.03,4203.97,18103027361,1681826275,1681.83,649.36,415586.66,3.14042E+11,8892692185,8.89,2.13,7209441.37
4207.04,4203.98,18106588331,1682157100,1682.16,649.48,415668.41,3.14228E+11,8897949038,8.9,2.13,7213703.18
4207.05,4203.99,18110125621,1682485725,1682.49,649.61,415749.61,3.14405E+11,8902956541,8.9,2.14,7217762.84
4207.06,4204,18115890772,1683021325,1683.02,649.82,415881.96,3.14591E+11,8908215827,8.91,2.14,7222026.62
4207.07,4204.01,18119387428,1683346175,1683.35,649.94,415962.23,3.14768E+11,8913225896,8.91,2.14,7226088.36
4207.08,4204.02,18122931715,1683675450,1683.68,650.07,416043.6,3.14953E+11,8918487496,8.92,2.14,7230354.02
4207.09,4204.03,18128485892,1684191450,1684.19,650.27,416171.11,3.1513E+11,8923499710,8.92,2.14,7234417.5
4207.1,4204.04,18132051976,1684522750,1684.52,650.4,416252.97,3.15316E+11,8928763953,8.93,2.14,7238685.3
4207.11,4204.05,18135608103,1684853125,1684.85,650.53,416334.61,3.15493E+11,8933778502,8.93,2.14,7242750.67
4207.12,4204.06,18141533097,1685403575,1685.4,650.74,416470.63,3.15679E+11,8939044878,8.94,2.14,7247020.2
4207.13,4204.07,18145172106,1685741650,1685.74,650.87,416554.17,3.15857E+11,8944062056,8.94,2.15,7251087.71
4207.14,4204.08,18148735230,1686072675,1686.07,651,416635.96,3.16043E+11,8949331139,8.95,2.15,7255359.43
4207.15,4204.09,18152239152,1686398200,1686.4,651.12,416716.4,3.1622E+11,8954350313,8.95,2.15,7259428.55
4207.16,4204.1,18158182176,1686950325,1686.95,651.34,416852.84,3.16406E+11,8959621968,8.96,2.15,7263702.36
4207.17,4204.11,18161713007,1687278350,1687.28,651.46,416933.89,3.16583E+11,8964643757,8.96,2.15,7267773.61
4207.18,4204.12,18165631609,1687642400,1687.64,651.6,417023.85,3.1677E+11,8969917715,8.97,2.15,7272049.28
4207.19,4204.13,18171845615,1688219700,1688.22,651.83,417166.5,3.16947E+11,8974941934,8.97,2.15,7276122.5
4207.2,4204.14,18175808348,1688587850,1688.59,651.97,417257.48,3.17133E+11,8980218836,8.98,2.15,7280400.56
4207.21,4204.15,18179422600,1688923625,1688.92,652.1,417340.45,3.17311E+11,8985245509,8.99,2.16,7284475.76
4207.22,4204.16,18185476223,1689486025,1689.49,652.31,417479.42,3.17497E+11,8990524758,8.99,2.16,7288755.73
4207.23,4204.17,18189141335,1689826525,1689.83,652.45,417563.56,3.17675E+11,8995554106,9,2.16,7292833.1
4207.24,4204.18,18193097879,1690194100,1690.19,652.59,417654.39,3.17862E+11,9000836031,9,2.16,7297115.24
4207.25,4204.19,18196738503,1690532325,1690.53,652.72,417737.96,3.18039E+11,9005867484,9.01,2.16,7301194.31
4207.26,4204.2,18203032969,1691117100,1691.12,652.94,417882.46,3.18217E+11,9010900624,9.01,2.16,7305274.75
4207.27,4204.21,18206747325,1691462175,1691.46,653.08,417967.73,3.18404E+11,9016186543,9.02,2.16,7309560.13
4207.28,4204.22,18210467063,1691807750,1691.81,653.21,418053.13,3.18581E+11,9021221782,9.02,2.16,7313642.27
4207.29,4204.23,18216129957,1692333850,1692.33,653.41,418183.13,3.18768E+11,9026510212,9.03,2.17,7317929.69
4207.3,4204.24,18219749591,1692670125,1692.67,653.54,418266.22,3.18946E+11,9031548027,9.03,2.17,7322013.92
4207.31,4204.25,18223301950,1693000150,1693,653.67,418347.77,3.19133E+11,9036838779,9.04,2.17,7326303.21
4207.32,4204.26,18229085399,1693537450,1693.54,653.88,418480.54,3.19311E+11,9041878790,9.04,2.17,7330389.23
4207.33,4204.27,18232483027,1693853100,1693.85,654,418558.54,3.19498E+11,9047172230,9.05,2.17,7334680.7
4207.34,4204.28,18235905413,1694171050,1694.17,654.12,418637.11,3.19676E+11,9052214545,9.05,2.17,7338768.58
4207.35,4204.29,18241116760,1694655200,1694.66,654.31,418756.74,3.19863E+11,9057510011,9.06,2.17,7343061.7
4207.36,4204.3,18244448998,1694964775,1694.96,654.43,418833.24,3.20041E+11,9062554696,9.06,2.17,7347151.5
4207.37,4204.31,18247684360,1695265350,1695.27,654.55,418907.52,3.20228E+11,9067852576,9.07,2.18,7351446.57
4207.38,4204.32,18250979731,1695571500,1695.57,654.66,418983.17,3.20406E+11,9072899078,9.07,2.18,7355537.85
4207.39,4204.33,18256168205,1696053525,1696.05,654.85,419102.28,3.20594E+11,9078199308,9.08,2.18,7359834.83
4207.4,4204.34,18259344635,1696348625,1696.35,654.96,419175.2,3.20772E+11,9083248139,9.08,2.18,7363927.99
4207.41,4204.35,18262456212,1696637700,1696.64,655.08,419246.63,3.20959E+11,9088550322,9.09,2.18,7368226.55
4207.42,4204.36,18267264182,1697084375,1697.08,655.25,419357,3.21137E+11,9093601114,9.09,2.18,7372321.3
4207.43,4204.37,18270361766,1697372150,1697.37,655.36,419428.11,3.21325E+11,9098905590,9.1,2.18,7376621.72
4207.44,4204.38,18273487875,1697662575,1697.66,655.47,419499.88,3.21503E+11,9103958338,9.1,2.18,7380718.06
4207.45,4204.39,18278284004,1698108150,1698.11,655.64,419609.98,3.21691E+11,9109264737,9.11,2.19,7385020.04
4207.46,4204.4,18281320773,1698390275,1698.39,655.75,419679.7,3.21869E+11,9114319658,9.11,2.19,7389118.14
4207.47,4204.41,18284329286,1698669775,1698.67,655.86,419748.76,3.22057E+11,9119628205,9.12,2.19,7393421.86
4207.48,4204.42,18289074286,1699110600,1699.11,656.03,419857.69,3.22235E+11,9124684799,9.12,2.19,7397521.32
4207.49,4204.43,18292054006,1699387425,1699.39,656.14,419926.1,3.22423E+11,9129995596,9.13,2.19,7401826.87
4207.5,4204.44,18295082970,1699668825,1699.67,656.25,419995.63,3.22601E+11,9135054325,9.14,2.19,7405928.06
4207.51,4204.45,18297956934,1699935825,1699.94,656.35,420061.61,3.2278E+11,9140113867,9.14,2.19,7410029.9
4207.52,4204.46,18302725885,1700378875,1700.38,656.52,420171.09,3.22968E+11,9145427575,9.15,2.19,7414337.81
4207.53,4204.47,18305617340,1700647500,1700.65,656.62,420237.47,3.23146E+11,9150489227,9.15,2.2,7418441.37
4207.54,4204.48,18308765246,1700939950,1700.94,656.74,420309.73,3.23334E+11,9155804843,9.16,2.2,7422750.82
4207.55,4204.49,18313263215,1701357825,1701.36,656.9,420412.99,3.23513E+11,9160868346,9.16,2.2,7426855.88
4207.56,4204.5,18316344115,1701644050,1701.64,657.01,420483.72,3.23701E+11,9166186176,9.17,2.2,7431167.12
4207.57,4204.51,18319207585,1701910075,1701.91,657.11,420549.46,3.2388E+11,9171251594,9.17,2.2,7435273.73
4207.58,4204.52,18330104698,1702922450,1702.92,657.5,420799.62,3.24068E+11,9176571475,9.18,2.2,7439586.64
4207.59,4204.53,18332936683,1703185550,1703.19,657.6,420864.63,3.24247E+11,9181640695,9.18,2.2,7443696.34
4207.6,4204.54,18336006281,1703470725,1703.47,657.71,420935.1,3.24435E+11,9186964235,9.19,2.2,7448012.21
4207.61,4204.55,18338764533,1703726975,1703.73,657.81,420998.42,3.24614E+11,9192035080,9.19,2.21,7452123.22
4207.62,4204.56,18343236938,1704142475,1704.14,657.97,421101.09,3.24802E+11,9197360679,9.2,2.21,7456440.77
4207.63,4204.57,18345829964,1704383375,1704.38,658.07,421160.62,3.24981E+11,9202433499,9.2,2.21,7460553.38
4207.64,4204.58,18348649032,1704645275,1704.65,658.17,421225.34,3.25169E+11,9207760745,9.21,2.21,7464872.26
4207.65,4204.59,18352564943,1705009075,1705.01,658.31,421315.23,3.25348E+11,9212835266,9.21,2.21,7468986.25
4207.66,4204.6,18355337726,1705266675,1705.27,658.41,421378.89,3.25536E+11,9218164457,9.22,2.21,7473306.71
4207.67,4204.61,18357873435,1705502250,1705.5,658.5,421437.1,3.25716E+11,9223240617,9.22,2.21,7477422.03
4207.68,4204.62,18362172002,1705901600,1705.9,658.65,421535.78,3.25904E+11,9228571476,9.23,2.21,7481743.84
4207.69,4204.63,18364720089,1706138325,1706.14,658.74,421594.28,3.26083E+11,9233649528,9.23,2.22,7485860.69
4207.7,4204.64,18367405415,1706387800,1706.39,658.84,421655.92,3.26272E+11,9238982238,9.24,2.22,7490184
4207.71,4204.65,18371255128,1706745450,1706.75,658.98,421744.3,3.26451E+11,9244061731,9.24,2.22,7494302.02
4207.72,4204.66,18373910046,1706992100,1706.99,659.07,421805.25,3.26639E+11,9249396335,9.25,2.22,7498626.87
4207.73,4204.67,18376404314,1707223825,1707.22,659.16,421862.51,3.26819E+11,9254477619,9.25,2.22,7502746.34
4207.74,4204.68,18379107401,1707474950,1707.47,659.26,421924.56,3.27007E+11,9259813720,9.26,2.22,7507072.4
4207.75,4204.69,18383170239,1707852400,1707.85,659.41,422017.83,3.27187E+11,9264896772,9.26,2.22,7511193.31
4207.76,4204.7,18385658316,1708083550,1708.08,659.49,422074.95,3.27366E+11,9269980630,9.27,2.22,7515314.87
4207.77,4204.71,18388366247,1708335125,1708.34,659.59,422137.11,3.27555E+11,9275319431,9.28,2.23,7519643.12
4207.78,4204.72,18392154336,1708687050,1708.69,659.73,422224.08,3.27734E+11,9280404871,9.28,2.23,7523765.96
4207.79,4204.73,18394848812,1708937375,1708.94,659.82,422285.93,3.27923E+11,9285745559,9.29,2.23,7528095.74
4207.8,4204.74,18397406856,1709175025,1709.18,659.92,422344.66,3.28103E+11,9290832655,9.29,2.23,7532219.93
4207.81,4204.75,18401743366,1709577900,1709.58,660.07,422444.21,3.28291E+11,9296174939,9.3,2.23,7536551
4207.82,4204.76,18404358996,1709820900,1709.82,660.17,422504.26,3.28471E+11,9301263951,9.3,2.23,7540676.74
4207.83,4204.77,18407207127,1710085500,1710.09,660.27,422569.64,3.2866E+11,9306608202,9.31,2.23,7545009.4
4207.84,4204.78,18409877922,1710333625,1710.33,660.36,422630.95,3.2884E+11,9311698730,9.31,2.23,7549136.37
4207.85,4204.79,18414111368,1710726925,1710.73,660.52,422728.14,3.29028E+11,9317044931,9.32,2.24,7553470.62
4207.86,4204.8,18416720271,1710969300,1710.97,660.61,422788.03,3.29208E+11,9322137365,9.32,2.24,7557599.13
4207.87,4204.81,18419556292,1711232775,1711.23,660.71,422853.14,3.29397E+11,9327485199,9.33,2.24,7561934.7
4207.88,4204.82,18423799426,1711626975,1711.63,660.86,422950.54,3.29577E+11,9332579403,9.33,2.24,7566064.65
4207.89,4204.83,18426711063,1711897475,1711.9,660.97,423017.39,3.29766E+11,9337929307,9.34,2.24,7570401.9
4207.9,4204.84,18429384012,1712145800,1712.15,661.06,423078.75,3.29946E+11,9343025227,9.34,2.24,7574533.24
4207.91,4204.85,18433902701,1712565600,1712.57,661.23,423182.48,3.30135E+11,9348376914,9.35,2.24,7578871.94
4207.92,4204.86,18436630814,1712819050,1712.82,661.32,423245.11,3.30315E+11,9353474832,9.35,2.24,7583004.9
4207.93,4204.87,18439554561,1713090675,1713.09,661.43,423312.23,3.30504E+11,9358828464,9.36,2.25,7587345.17
4207.94,4204.88,18443898337,1713494225,1713.49,661.58,423411.95,3.30684E+11,9363927969,9.36,2.25,7591479.41
4207.95,4204.89,18446871330,1713770425,1713.77,661.69,423480.2,3.30873E+11,9369283720,9.37,2.25,7595821.4
4207.96,4204.9,18449695780,1714032825,1714.03,661.79,423545.04,3.31053E+11,9374385234,9.37,2.25,7599957.28
4207.97,4204.91,18452720977,1714313875,1714.31,661.9,423614.49,3.31242E+11,9379742673,9.38,2.25,7604300.64
4207.98,4204.92,18457369102,1714745700,1714.75,662.07,423721.2,3.31423E+11,9384846200,9.38,2.25,7608438.14
4207.99,4204.93,18460582937,1715044275,1715.04,662.18,423794.97,3.31612E+11,9390205890,9.39,2.25,7612783.33
4208,4204.94,18463610287,1715325525,1715.33,662.29,423864.47,3.31792E+11,9395311218,9.4,2.25,7616922.29
4208.01,4204.95,18468760010,1715803950,1715.8,662.48,423982.69,3.31973E+11,9400417646,9.4,2.26,7621062.15
4208.02,4204.96,18471994566,1716104450,1716.1,662.59,424056.95,3.32162E+11,9405780640,9.41,2.26,7625410.01
4208.03,4204.97,18475128478,1716395600,1716.4,662.7,424128.89,3.32342E+11,9410889151,9.41,2.26,7629551.56
4208.04,4204.98,18480564522,1716900625,1716.9,662.9,424253.69,3.32532E+11,9416254152,9.42,2.26,7633901.05
4208.05,4204.99,18483747948,1717196375,1717.2,663.01,424326.77,3.32712E+11,9421365034,9.42,2.26,7638044.52
4208.06,4205,18487193207,1717516450,1717.52,663.14,424405.86,3.32902E+11,9426732427,9.43,2.26,7642395.95
4208.07,4205.01,18490373943,1717811950,1717.81,663.25,424478.88,3.33082E+11,9431845147,9.43,2.26,7646540.91
4208.08,4205.02,18495850620,1718320750,1718.32,663.45,424604.61,3.33272E+11,9437215003,9.44,2.26,7650894.33
4208.09,4205.03,18498977267,1718611225,1718.61,663.56,424676.38,3.33453E+11,9442330113,9.44,2.27,7655041.23
4208.1,4205.04,18502410147,1718930150,1718.93,663.68,424755.19,3.33642E+11,9447701932,9.45,2.27,7659396.25
4208.11,4205.05,18507388456,1719392650,1719.39,663.86,424869.48,3.33823E+11,9452819195,9.45,2.27,7663544.89
4208.12,4205.06,18510660146,1719696600,1719.7,663.98,424944.58,3.34013E+11,9458193431,9.46,2.27,7667901.86
4208.13,4205.07,18513587123,1719968525,1719.97,664.08,425011.78,3.34194E+11,9463312607,9.46,2.27,7672052.06
4208.14,4205.08,18518515648,1720426400,1720.43,664.26,425124.92,3.34384E+11,9468688804,9.47,2.27,7676410.62
4208.15,4205.09,18521441548,1720698225,1720.7,664.37,425192.09,3.34564E+11,9473810155,9.47,2.27,7680562.58
4208.16,4205.1,18524667492,1720997925,1721,664.48,425266.15,3.34754E+11,9479188465,9.48,2.27,7684922.86
4208.17,4205.11,18529566417,1721453050,1721.45,664.66,425378.61,3.34935E+11,9484311545,9.48,2.28,7689076.22
4208.18,4205.12,18532708671,1721744975,1721.74,664.77,425450.75,3.35125E+11,9489692195,9.49,2.28,7693438.39
4208.19,4205.13,18535617887,1722015250,1722.02,664.87,425517.53,3.35306E+11,9494817468,9.49,2.28,7697593.53
4208.2,4205.14,18538788666,1722309825,1722.31,664.99,425590.32,3.35496E+11,9500199883,9.5,2.28,7701957.14
4208.21,4205.15,18543141053,1722714175,1722.71,665.14,425690.24,3.35677E+11,9505327169,9.51,2.28,7706113.91
4208.22,4205.16,18546153334,1722994025,1722.99,665.25,425759.39,3.35868E+11,9510711747,9.51,2.28,7710479.27
4208.23,4205.17,18548933383,1723252300,1723.25,665.35,425823.21,3.36049E+11,9515840714,9.52,2.28,7714637.4
4208.24,4205.18,18553855719,1723709600,1723.71,665.53,425936.21,3.36239E+11,9521227261,9.52,2.28,7719004.35
4208.25,4205.19,18556672634,1723971300,1723.97,665.63,426000.88,3.3642E+11,9526358367,9.53,2.29,7723164.22
4208.26,4205.2,18559692987,1724251900,1724.25,665.74,426070.22,3.36601E+11,9531490274,9.53,2.29,7727324.73
4208.27,4205.21,18564298596,1724679775,1724.68,665.9,426175.95,3.36792E+11,9536879736,9.54,2.29,7731694.05
4208.28,4205.22,18567314912,1724960000,1724.96,666.01,426245.19,3.36973E+11,9542013752,9.54,2.29,7735856.28
4208.29,4205.23,18570374823,1725244275,1725.24,666.12,426315.44,3.37163E+11,9547405352,9.55,2.29,7740227.33
4208.3,4205.24,18573426661,1725527800,1725.53,666.23,426385.5,3.37345E+11,9552541051,9.55,2.29,7744390.92
4208.31,4205.25,18578396627,1725989525,1725.99,666.41,426499.59,3.37535E+11,9557934959,9.56,2.29,7748763.84
4208.32,4205.26,18581444698,1726272700,1726.27,666.52,426569.57,3.37717E+11,9563072877,9.56,2.29,7752929.23
4208.33,4205.27,18584464513,1726553250,1726.55,666.63,426638.89,3.37907E+11,9568468573,9.57,2.3,7757303.61
4208.34,4205.28,18589126631,1726986375,1726.99,666.79,426745.92,3.38089E+11,9573608477,9.57,2.3,7761470.61
4208.35,4205.29,18592125188,1727264950,1727.26,666.9,426814.76,3.38279E+11,9579006399,9.58,2.3,7765846.78
4208.36,4205.3,18595084994,1727539925,1727.54,667.01,426882.7,3.38461E+11,9584148096,9.58,2.3,7770015.23
4208.37,4205.31,18600115777,1728007300,1728.01,667.19,426998.2,3.38652E+11,9589547973,9.59,2.3,7774393
4208.38,4205.32,18603116486,1728286075,1728.29,667.29,427067.08,3.38833E+11,9594691889,9.59,2.3,7778563.25
4208.39,4205.33,18606150563,1728567950,1728.57,667.4,427136.73,3.39024E+11,9600093881,9.6,2.3,7782942.73
4208.4,4205.34,18610798420,1728999750,1729,667.57,427243.43,3.39206E+11,9605239511,9.61,2.3,7787114.37
4208.41,4205.35,18613737236,1729272775,1729.27,667.68,427310.9,3.39397E+11,9610643713,9.61,2.31,7791495.64
4208.42,4205.36,18616757589,1729553375,1729.55,667.78,427380.24,3.39578E+11,9615791393,9.62,2.31,7795668.94
4208.43,4205.37,18619723316,1729828900,1729.83,667.89,427448.32,3.39769E+11,9621197330,9.62,2.31,7800051.61
4208.44,4205.38,18624683595,1730289725,1730.29,668.07,427562.19,3.39951E+11,9626347127,9.63,2.31,7804226.63
4208.45,4205.39,18627669504,1730567125,1730.57,668.18,427630.74,3.40142E+11,9631755368,9.63,2.31,7808611.18
4208.46,4205.4,18630657834,1730844750,1730.84,668.28,427699.34,3.40324E+11,9636906902,9.64,2.31,7812787.6
4208.47,4205.41,18635286854,1731274800,1731.27,668.45,427805.61,3.40515E+11,9642317150,9.64,2.31,7817173.78
4208.48,4205.42,18638207372,1731546125,1731.55,668.55,427872.65,3.40697E+11,9647470778,9.65,2.31,7821351.9
4208.49,4205.43,18641136770,1731818275,1731.82,668.66,427939.9,3.40888E+11,9652882937,9.65,2.32,7825739.62
4208.5,4205.44,18646515496,1732317975,1732.32,668.85,428063.38,3.4107E+11,9658038355,9.66,2.32,7829919.2
4208.51,4205.45,18649413410,1732587200,1732.59,668.96,428129.91,3.41253E+11,9663195078,9.66,2.32,7834099.83
4208.52,4205.46,18652473590,1732871500,1732.87,669.07,428200.16,3.41444E+11,9668610505,9.67,2.32,7838490.2
4208.53,4205.47,18655340019,1733137800,1733.14,669.17,428265.96,3.41626E+11,9673768878,9.67,2.32,7842672.17
4208.54,4205.48,18659924099,1733563675,1733.56,669.33,428371.2,3.41817E+11,9679186453,9.68,2.32,7847064.28
4208.55,4205.49,18662801831,1733831025,1733.83,669.44,428437.26,3.41999E+11,9684346885,9.68,2.32,7851247.92
4208.56,4205.5,18665922019,1734120900,1734.12,669.55,428508.89,3.42191E+11,9689766208,9.69,2.32,7855641.45
4208.57,4205.51,18670823366,1734576250,1734.58,669.72,428621.41,3.42373E+11,9694928687,9.69,2.33,7859826.75
4208.58,4205.52,18674029666,1734874125,1734.87,669.84,428695.02,3.42565E+11,9700350352,9.7,2.33,7864222.18
4208.59,4205.53,18676972519,1735147525,1735.15,669.94,428762.58,3.42747E+11,9705514689,9.71,2.33,7868408.99
4208.6,4205.54,18681925263,1735607650,1735.61,670.12,428876.27,3.42939E+11,9710938354,9.71,2.33,7872806.03
4208.61,4205.55,18684972257,1735890725,1735.89,670.23,428946.22,3.43121E+11,9716104885,9.72,2.33,7876994.62
4208.62,4205.56,18688218114,1736192275,1736.19,670.35,429020.74,3.43313E+11,9721530662,9.72,2.33,7881393.38
4208.63,4205.57,18693397708,1736673475,1736.67,670.53,429139.64,3.43495E+11,9726699001,9.73,2.33,7885583.43
4208.64,4205.58,18696691465,1736979475,1736.98,670.65,429215.26,3.43687E+11,9732127248,9.73,2.33,7889984.19
4208.65,4205.59,18699949969,1737282200,1737.28,670.77,429290.06,3.43869E+11,9737297909,9.74,2.34,7894176.13
4208.66,4205.6,18703188023,1737583025,1737.58,670.88,429364.4,3.44061E+11,9742728050,9.74,2.34,7898578.43
4208.67,4205.61,18708351740,1738062750,1738.06,671.07,429482.94,3.44244E+11,9747900949,9.75,2.34,7902772.17
4208.68,4205.62,18711735375,1738377100,1738.38,671.19,429560.62,3.44436E+11,9753333546,9.75,2.34,7907176.46
4208.69,4205.63,18715149149,1738694250,1738.69,671.31,429638.99,3.44618E+11,9758508390,9.76,2.34,7911371.79
4208.7,4205.64,18720925602,1739230900,1739.23,671.52,429771.6,3.4481E+11,9763943348,9.76,2.34,7915777.99
4208.71,4205.65,18724481728,1739561275,1739.56,671.65,429853.23,3.44993E+11,9769120752,9.77,2.34,7919975.39
4208.72,4205.66,18728064227,1739894100,1739.89,671.78,429935.48,3.45185E+11,9774558062,9.77,2.35,7924383.5
4208.73,4205.67,18733621096,1740410350,1740.41,671.98,430063.04,3.45368E+11,9779737606,9.78,2.35,7928582.64
4208.74,4205.68,18737148698,1740738075,1740.74,672.1,430144.03,3.4556E+11,9785177560,9.79,2.35,7932992.89
4208.75,4205.69,18740664999,1741064750,1741.06,672.23,430224.75,3.45743E+11,9790359445,9.79,2.35,7937193.93
4208.76,4205.7,18746385748,1741596225,1741.6,672.43,430356.08,3.45926E+11,9795542279,9.8,2.35,7941395.73
4208.77,4205.71,18750023681,1741934200,1741.93,672.56,430439.59,3.46119E+11,9800985946,9.8,2.35,7945808.99
4208.78,4205.72,18753415658,1742249325,1742.25,672.69,430517.46,3.46302E+11,9806171369,9.81,2.35,7950012.89
4208.79,4205.73,18757053052,1742587250,1742.59,672.82,430600.96,3.46494E+11,9811617080,9.81,2.35,7954427.81
4208.8,4205.74,18762342438,1743078650,1743.08,673.01,430722.39,3.46677E+11,9816804843,9.82,2.36,7958633.61
4208.81,4205.75,18765972836,1743415925,1743.42,673.14,430805.73,3.4687E+11,9822253147,9.82,2.36,7963050.64
4208.82,4205.76,18769323910,1743727250,1743.73,673.26,430882.66,3.47053E+11,9827442972,9.83,2.36,7967258.11
4208.83,4205.77,18775040085,1744258300,1744.26,673.46,431013.89,3.47245E+11,9832893598,9.83,2.36,7971677.01
4208.84,4205.78,18778284866,1744559750,1744.56,673.58,431088.38,3.47429E+11,9838085916,9.84,2.36,7975886.5
4208.85,4205.79,18781749230,1744881600,1744.88,673.7,431167.91,3.47621E+11,9843538824,9.84,2.36,7980307.26
4208.86,4205.8,18786720004,1745343400,1745.34,673.88,431282.02,3.47805E+11,9848733071,9.85,2.36,7984518.31
4208.87,4205.81,18790187329,1745665525,1745.67,674.01,431361.62,3.47997E+11,9854188427,9.85,2.36,7988941.06
4208.88,4205.82,18793377752,1745961925,1745.96,674.12,431434.86,3.48181E+11,9859384922,9.86,2.37,7993153.93
4208.89,4205.83,18796874139,1746286750,1746.29,674.25,431515.13,3.48374E+11,9864842216,9.86,2.37,7997578.24
4208.9,4205.84,18802103516,1746772575,1746.77,674.43,431635.18,3.48557E+11,9870041077,9.87,2.37,8001793.04
4208.91,4205.85,18805560076,1747093700,1747.09,674.56,431714.53,3.4875E+11,9875500902,9.88,2.37,8006219.4
4208.92,4205.86,18808834458,1747397900,1747.4,674.67,431789.7,3.48934E+11,9880701662,9.88,2.37,8010435.74
4208.93,4205.87,18814086439,1747885825,1747.89,674.86,431910.27,3.49127E+11,9886163765,9.89,2.37,8014863.95
4208.94,4205.88,18817264753,1748181100,1748.18,674.98,431983.23,3.4931E+11,9891366872,9.89,2.37,8019082.19
4208.95,4205.89,18820655384,1748496100,1748.5,675.1,432061.07,3.49503E+11,9896831086,9.9,2.37,8023512.11
4208.96,4205.9,18825753980,1748969775,1748.97,675.28,432178.11,3.49687E+11,9902036194,9.9,2.38,8027731.97
4208.97,4205.91,18829051773,1749276150,1749.28,675.4,432253.82,3.4988E+11,9907502856,9.91,2.38,8032163.88
4208.98,4205.92,18832075624,1749557075,1749.56,675.51,432323.24,3.50064E+11,9912710082,9.91,2.38,8036385.46
4208.99,4205.93,18836793984,1749995425,1750,675.68,432431.56,3.50257E+11,9918178585,9.92,2.38,8040818.85
4209,4205.94,18839611169,1750257150,1750.26,675.78,432496.23,3.50441E+11,9923387925,9.92,2.38,8045042.15
4209.01,4205.95,18842473293,1750523050,1750.52,675.88,432561.94,3.50625E+11,9928598060,9.93,2.38,8049266.08
4209.02,4205.96,18845448707,1750799475,1750.8,675.99,432630.24,3.50818E+11,9934069550,9.93,2.38,8053701.9
4209.03,4205.97,18849875634,1751210750,1751.21,676.15,432731.87,3.51002E+11,9939281626,9.94,2.38,8057927.41
4209.04,4205.98,18852896256,1751491375,1751.49,676.25,432801.21,3.51196E+11,9944755269,9.94,2.39,8062364.98
4209.05,4205.99,18855640784,1751746350,1751.75,676.35,432864.22,3.5138E+11,9949969060,9.95,2.39,8066591.88
4209.06,4206,18860200646,1752169975,1752.17,676.52,432968.9,3.51573E+11,9955444590,9.96,2.39,8071030.97
4209.07,4206.01,18862917995,1752422425,1752.42,676.61,433031.28,3.51757E+11,9960660394,9.96,2.39,8075259.51
4209.08,4206.02,18865892063,1752698725,1752.7,676.72,433099.55,3.51951E+11,9966137822,9.97,2.39,8079700.14
4209.09,4206.03,18870147844,1753094100,1753.09,676.87,433197.25,3.52135E+11,9971355266,9.97,2.39,8083930
4209.1,4206.04,18873060559,1753364700,1753.36,676.98,433264.12,3.52329E+11,9976834775,9.98,2.39,8088372.32
4209.11,4206.05,18875715746,1753611375,1753.61,677.07,433325.07,3.52513E+11,9982054126,9.98,2.39,8092603.73
4209.12,4206.06,18878553651,1753875025,1753.88,677.17,433390.22,3.52706E+11,9987535246,9.99,2.4,8097047.36
4209.13,4206.07,18882776871,1754267375,1754.27,677.33,433487.17,3.52891E+11,9992756527,9.99,2.4,8101280.33
4209.14,4206.08,18885647606,1754534075,1754.53,677.43,433553.08,3.53085E+11,9998239703,10,2.4,8105725.62
4209.15,4206.09,18888323514,1754782675,1754.78,677.53,433614.51,3.53269E+11,10003462539,10,2.4,8109959.86
4209.16,4206.1,18892749365,1755193850,1755.19,677.68,433716.11,3.53463E+11,10008947625,10.01,2.4,8114406.7
4209.17,4206.11,18895387331,1755438925,1755.44,677.78,433776.67,3.53647E+11,10014172419,10.01,2.4,8118642.52
4209.18,4206.12,18898233309,1755703325,1755.7,677.88,433842,3.53841E+11,10019659249,10.02,2.4,8123090.78
4209.19,4206.13,18902334628,1756084350,1756.08,678.03,433936.16,3.54025E+11,10024885721,10.02,2.41,8127327.96
4209.2,4206.14,18905151543,1756346050,1756.35,678.13,434000.82,3.54219E+11,10030374564,10.03,2.41,8131777.85
4209.21,4206.15,18907683753,1756581300,1756.58,678.22,434058.96,3.54404E+11,10035602773,10.04,2.41,8136016.44
4209.22,4206.16,18911915584,1756974450,1756.97,678.37,434156.11,3.54598E+11,10041093205,10.04,2.41,8140467.61
4209.23,4206.17,18914437299,1757208725,1757.21,678.46,434214,3.54783E+11,10046323285,10.05,2.41,8144707.72
4209.24,4206.18,18917168642,1757462475,1757.46,678.56,434276.7,3.54977E+11,10051815631,10.05,2.41,8149160.45
4209.25,4206.19,18919663985,1757694300,1757.69,678.65,434333.98,3.55161E+11,10057047162,10.06,2.41,8153401.73
4209.26,4206.2,18923848994,1758083100,1758.08,678.8,434430.06,3.55346E+11,10062279739,10.06,2.41,8157643.86
4209.27,4206.21,18926482653,1758327775,1758.33,678.89,434490.52,3.5554E+11,10067774799,10.07,2.42,8162098.79
4209.28,4206.22,18929132997,1758574000,1758.57,678.99,434551.36,3.55725E+11,10073008917,10.07,2.42,8166342.17
4209.29,4206.23,18933058595,1758938700,1758.94,679.13,434641.48,3.55919E+11,10078505710,10.08,2.42,8170798.5
4209.3,4206.24,18935675571,1759181825,1759.18,679.22,434701.56,3.56104E+11,10083741643,10.08,2.42,8175043.35
4209.31,4206.25,18938278554,1759423650,1759.42,679.32,434761.31,3.56298E+11,10089240133,10.09,2.42,8179501.06
4209.32,4206.26,18948261811,1760351125,1760.35,679.68,434990.5,3.56483E+11,10094478017,10.09,2.42,8183747.5
4209.33,4206.27,18950965168,1760602275,1760.6,679.77,435052.56,3.56677E+11,10099980169,10.1,2.42,8188208.17
4209.34,4206.28,18953613897,1760848350,1760.85,679.87,435113.36,3.56863E+11,10105221059,10.11,2.42,8192457.04
4209.35,4206.29,18956227374,1761091150,1761.09,679.96,435173.36,3.57057E+11,10110724759,10.11,2.43,8196918.98
4209.36,4206.3,18960105073,1761451400,1761.45,680.1,435262.38,3.57242E+11,10115967428,10.12,2.43,8201169.29
4209.37,4206.31,18962733889,1761695625,1761.7,680.19,435322.73,3.57436E+11,10121473012,10.12,2.43,8205632.75
4209.38,4206.32,18965467115,1761949550,1761.95,680.29,435385.47,3.57622E+11,10126717164,10.13,2.43,8209884.27
4209.39,4206.33,18969648356,1762338000,1762.34,680.44,435481.46,3.57816E+11,10132224601,10.13,2.43,8214349.23
4209.4,4206.34,18972476035,1762600700,1762.6,680.54,435546.38,3.58001E+11,10137470677,10.14,2.43,8218602.3
4209.41,4206.35,18975378524,1762870350,1762.87,680.65,435613.01,3.58196E+11,10142979888,10.14,2.43,8223068.7
4209.42,4206.36,18979418488,1763245675,1763.25,680.79,435705.75,3.58381E+11,10148227683,10.15,2.43,8227323.17
4209.43,4206.37,18982430769,1763525525,1763.53,680.9,435774.9,3.58576E+11,10153738926,10.15,2.44,8231791.22
4209.44,4206.38,18985561721,1763816400,1763.82,681.01,435846.78,3.58761E+11,10158988577,10.16,2.44,8236047.19
4209.45,4206.39,19207329760,1784419325,1784.42,688.97,440937.85,3.58956E+11,10164507676,10.16,2.44,8240521.61
4209.46,4206.4,19210856286,1784746950,1784.75,689.09,441018.81,3.59144E+11,10169819563,10.17,2.44,8244828.04
4209.47,4206.41,19214589480,1785093775,1785.09,689.23,441104.51,3.59341E+11,10175398103,10.18,2.44,8249350.65
4209.48,4206.42,19218506467,1785457675,1785.46,689.37,441194.44,3.59528E+11,10180712047,10.18,2.44,8253658.74
4209.49,4206.43,19224012207,1785969175,1785.97,689.57,441320.83,3.59726E+11,10186293179,10.19,2.44,8258183.45
4209.5,4206.44,19228629655,1786398150,1786.4,689.73,441426.83,3.59913E+11,10191609816,10.19,2.45,8262493.73
4209.51,4206.45,19233554682,1786855700,1786.86,689.91,441539.89,3.60101E+11,10196927753,10.2,2.45,8266805.06
4209.52,4206.46,19240394071,1787491100,1787.49,690.15,441696.9,3.60298E+11,10202513333,10.2,2.45,8271333.38
4209.53,4206.47,19246780837,1788084450,1788.08,690.38,441843.52,3.60486E+11,10207834745,10.21,2.45,8275647.53
4209.54,4206.48,19253617804,1788719625,1788.72,690.63,442000.48,3.60684E+11,10213424159,10.21,2.45,8280178.95
4209.55,4206.49,19261906553,1789489675,1789.49,690.93,442190.76,3.60872E+11,10218749448,10.22,2.45,8284496.24
4209.56,4206.5,19269162774,1790163800,1790.16,691.19,442357.34,3.61069E+11,10224343319,10.22,2.45,8289031.28
4209.57,4206.51,19276556774,1790850725,1790.85,691.45,442527.08,3.61257E+11,10229672841,10.23,2.45,8293352
4209.58,4206.52,19284871625,1791623200,1791.62,691.75,442717.96,3.61455E+11,10235270968,10.24,2.46,8297890.49
4209.59,4206.53,19291923870,1792278375,1792.28,692,442879.86,3.61644E+11,10240604786,10.24,2.46,8302214.7
4209.6,4206.54,19298649969,1792903250,1792.9,692.24,443034.27,3.61841E+11,10246207304,10.25,2.46,8306756.75
4209.61,4206.55,19305197117,1793511500,1793.51,692.48,443184.57,3.6203E+11,10251544871,10.25,2.46,8311083.99
4209.62,4206.56,19312389562,1794179700,1794.18,692.74,443349.69,3.62228E+11,10257151384,10.26,2.46,8315629.28
4209.63,4206.57,19318135069,1794713475,1794.71,692.94,443481.58,3.62417E+11,10262492655,10.26,2.46,8319959.53
4209.64,4206.58,19323370635,1795199875,1795.2,693.13,443601.78,3.62615E+11,10268102574,10.27,2.46,8324507.58
4209.65,4206.59,19329151662,1795736950,1795.74,693.34,443734.49,3.62803E+11,10273446870,10.27,2.46,8328840.28
4209.66,4206.6,19333479292,1796139000,1796.14,693.49,443833.84,3.63002E+11,10279059861,10.28,2.47,8333390.82
4209.67,4206.61,19337513336,1796513775,1796.51,693.64,443926.45,3.6319E+11,10284406721,10.28,2.47,8337725.6
4209.68,4206.62,19342214205,1796950500,1796.95,693.81,444034.36,3.63389E+11,10290022104,10.29,2.47,8342278.07
4209.69,4206.63,19345915107,1797294325,1797.29,693.94,444119.32,3.63578E+11,10295371326,10.3,2.47,8346614.77
4209.7,4206.64,19349599593,1797636625,1797.64,694.07,444203.91,3.63776E+11,10300989088,10.3,2.47,8351169.17
4209.71,4206.65,19353398177,1797989525,1797.99,694.21,444291.11,3.63965E+11,10306340361,10.31,2.47,8355507.53
4209.72,4206.66,19358413352,1798455450,1798.46,694.39,444406.24,3.64163E+11,10311960575,10.31,2.47,8360063.93
4209.73,4206.67,19362772198,1798860400,1798.86,694.54,444506.31,3.64353E+11,10317314357,10.32,2.48,8364404.32
4209.74,4206.68,19367639369,1799312575,1799.31,694.72,444618.04,3.64551E+11,10322937163,10.32,2.48,8368962.81
4209.75,4206.69,19374047394,1799907900,1799.91,694.95,444765.15,3.6474E+11,10328293794,10.33,2.48,8373305.52
4209.76,4206.7,19379883317,1800450075,1800.45,695.16,444899.12,3.64929E+11,10333652073,10.33,2.48,8377649.56
4209.77,4206.71,19386911074,1801102975,1801.1,695.41,445060.46,3.65128E+11,10339280124,10.34,2.48,8382212.3
4209.78,4206.72,19394698225,1801826425,1801.83,695.69,445239.23,3.65318E+11,10344642179,10.34,2.48,8386559.4
4209.79,4206.73,19402479456,1802549325,1802.55,695.97,445417.86,3.65516E+11,10350274633,10.35,2.48,8391125.72
4209.8,4206.74,19410201754,1803266750,1803.27,696.25,445595.14,3.65706E+11,10355641016,10.36,2.48,8395476.33
4209.81,4206.75,19420321714,1804206925,1804.21,696.61,445827.46,3.65905E+11,10361278152,10.36,2.49,8400046.44
4209.82,4206.76,19429695196,1805077750,1805.08,696.94,446042.64,3.66095E+11,10366649668,10.37,2.49,8404401.21
4209.83,4206.77,19440548447,1806086050,1806.09,697.33,446291.8,3.66294E+11,10372292695,10.37,2.49,8408976.1
4209.84,4206.78,19450969796,1807054225,1807.05,697.71,446531.04,3.66484E+11,10377669949,10.38,2.49,8413335.52
4209.85,4206.79,19463579448,1808225700,1808.23,698.16,446820.51,3.66683E+11,10383319457,10.38,2.49,8417915.66
4209.86,4206.8,19474854375,1809273175,1809.27,698.56,447079.35,3.66874E+11,10388703212,10.39,2.49,8422280.35
4209.87,4206.81,19487075181,1810408525,1810.41,699,447359.9,3.67073E+11,10394359550,10.39,2.49,8426866.03
4209.88,4206.82,19499071828,1811523050,1811.52,699.43,447635.3,3.67264E+11,10399749895,10.4,2.5,8431236.07
4209.89,4206.83,19511121488,1812642500,1812.64,699.87,447911.92,3.67464E+11,10405413241,10.41,2.5,8435827.43
4209.9,4206.84,19522212621,1813672900,1813.67,700.26,448166.54,3.67654E+11,10410810111,10.41,2.5,8440202.76
4209.91,4206.85,19535108862,1814871000,1814.87,700.73,448462.6,3.67855E+11,10416480231,10.42,2.5,8444799.61
4209.92,4206.86,19546229596,1815904150,1815.9,701.12,448717.89,3.68045E+11,10421883725,10.42,2.5,8449180.3
4209.93,4206.87,19558108109,1817007700,1817.01,701.55,448990.58,3.68246E+11,10427560750,10.43,2.5,8453782.75
4209.94,4206.88,19568551524,1817977925,1817.98,701.93,449230.33,3.68437E+11,10432970538,10.43,2.5,8458168.55
4209.95,4206.89,19580541444,1819091825,1819.09,702.36,449505.58,3.68638E+11,10438654178,10.44,2.5,8462776.37
4209.96,4206.9,19590626152,1820028725,1820.03,702.72,449737.09,3.68829E+11,10444070113,10.44,2.51,8467167.15
4209.97,4206.91,19601666156,1821054375,1821.05,703.11,449990.54,3.6903E+11,10449759891,10.45,2.51,8471779.94
4209.98,4206.92,19612772628,1822086200,1822.09,703.51,450245.5,3.69221E+11,10455181820,10.46,2.51,8476175.58
4209.99,4206.93,19624472192,1823173125,1823.17,703.93,450514.09,3.69422E+11,10460878110,10.46,2.51,8480793.65
4210,4206.94,19635487978,1824196525,1824.2,704.33,450766.98,3.69614E+11,10466306296,10.47,2.51,8485194.36
4210.01,4206.95,19647425423,1825305550,1825.31,704.75,451041.02,3.69806E+11,10471737668,10.47,2.51,8489597.66
4210.02,4206.96,19659283485,1826407200,1826.41,705.18,451313.24,3.70007E+11,10477444122,10.48,2.51,8494223.97
4210.03,4206.97,19670006762,1827403425,1827.4,705.56,451559.41,3.70199E+11,10482881962,10.48,2.51,8498632.51
4210.04,4206.98,19681787055,1828497850,1828.5,705.99,451829.85,3.70401E+11,10488594890,10.49,2.52,8503264.06
4210.05,4206.99,19691514669,1829401575,1829.4,706.34,452053.17,3.70593E+11,10494038815,10.49,2.52,8507677.54
4210.06,4207,19701620098,1830340400,1830.34,706.7,452285.15,3.70795E+11,10499757821,10.5,2.52,8512314.02
4210.07,4207.01,19710562754,1831171200,1831.17,707.02,452490.45,3.70988E+11,10505207123,10.51,2.52,8516731.85
4210.08,4207.02,19720797350,1832122025,1832.12,707.39,452725.4,3.7119E+11,10510931747,10.51,2.52,8521372.9
4210.09,4207.03,19728983842,1832882575,1832.88,707.68,452913.34,3.71383E+11,10516386252,10.52,2.52,8525794.95
4210.1,4207.04,19737456923,1833669750,1833.67,707.98,453107.85,3.71585E+11,10522115909,10.52,2.52,8530440.07
4210.11,4207.05,19745535238,1834420250,1834.42,708.27,453293.3,3.71778E+11,10527575010,10.53,2.53,8534865.84
4210.12,4207.06,19753299784,1835141600,1835.14,708.55,453471.55,3.7198E+11,10533309370,10.53,2.53,8539514.78
4210.13,4207.07,19760378132,1835799200,1835.8,708.81,453634.05,3.72173E+11,10538772717,10.54,2.53,8543943.99
4210.14,4207.08,19768983609,1836598675,1836.6,709.11,453831.6,3.72376E+11,10544511424,10.54,2.53,8548596.45
4210.15,4207.09,19775538561,1837207650,1837.21,709.35,453982.08,3.72569E+11,10549979048,10.55,2.53,8553029.14
4210.16,4207.1,19782337047,1837839250,1837.84,709.59,454138.15,3.72772E+11,10555721990,10.56,2.53,8557685.03
4210.17,4207.11,19788286261,1838391950,1838.39,709.81,454274.73,3.72965E+11,10561193220,10.56,2.53,8562120.64
4210.18,4207.12,19795233019,1839037325,1839.04,710.06,454434.2,3.73168E+11,10566939957,10.57,2.54,8566779.61
4210.19,4207.13,19800908022,1839564550,1839.56,710.26,454564.48,3.73361E+11,10572414714,10.57,2.54,8571218.08
4210.2,4207.14,19806874996,1840118900,1840.12,710.47,454701.46,3.73564E+11,10578164902,10.58,2.54,8575879.84
4210.21,4207.15,19812885563,1840677300,1840.68,710.69,454839.45,3.73758E+11,10583642951,10.58,2.54,8580320.98
4210.22,4207.16,19818424402,1841191875,1841.19,710.89,454966.6,3.73961E+11,10589396552,10.59,2.54,8584985.51
4210.23,4207.17,19823342433,1841648775,1841.65,711.06,455079.5,3.74155E+11,10594877619,10.59,2.54,8589429.1
4210.24,4207.18,19829104893,1842184125,1842.18,711.27,455211.79,3.74358E+11,10600634266,10.6,2.54,8594096.1
4210.25,4207.19,19833748713,1842615550,1842.62,711.44,455318.4,3.74552E+11,10606118244,10.61,2.54,8598542.04
4210.26,4207.2,19838471109,1843054275,1843.05,711.61,455426.81,3.74745E+11,10611603517,10.61,2.55,8602989.04
4210.27,4207.21,19843828038,1843551950,1843.55,711.8,455549.79,3.74949E+11,10617364449,10.62,2.55,8607659.51
4210.28,4207.22,19848380634,1843974900,1843.97,711.96,455654.3,3.75142E+11,10622852490,10.62,2.55,8612108.75
4210.29,4207.23,19852851155,1844390225,1844.39,712.12,455756.93,3.75346E+11,10628616248,10.63,2.55,8616781.52
4210.3,4207.24,19857078143,1844782925,1844.78,712.27,455853.96,3.7554E+11,10634106739,10.63,2.55,8621232.74
4210.31,4207.25,19861837944,1845225125,1845.23,712.45,455963.23,3.75744E+11,10639873105,10.64,2.55,8625907.62
4210.32,4207.26,19866026182,1845614225,1845.61,712.6,456059.38,3.75938E+11,10645366073,10.65,2.55,8630360.86
4210.33,4207.27,19870218725,1846003725,1846,712.75,456155.63,3.76141E+11,10651134915,10.65,2.56,8635037.74
4210.34,4207.28,19874766746,1846426250,1846.43,712.91,456260.04,3.76335E+11,10656630258,10.66,2.56,8639492.9
4210.35,4207.29,19878803751,1846801300,1846.8,713.05,456352.71,3.76539E+11,10662401613,10.66,2.56,8644171.83
4210.36,4207.3,19882785590,1847171225,1847.17,713.2,456444.12,3.76733E+11,10667899246,10.67,2.56,8648628.84
4210.37,4207.31,19887282483,1847589000,1847.59,713.36,456547.36,3.76937E+11,10673672965,10.67,2.56,8653309.69
4210.38,4207.32,19891216423,1847954475,1847.95,713.5,456637.67,3.77131E+11,10679172938,10.68,2.56,8657768.6
4210.39,4207.33,19895141214,1848319100,1848.32,713.64,456727.77,3.77335E+11,10684949055,10.68,2.56,8662451.38
4210.4,4207.34,19898828122,1848661625,1848.66,713.77,456812.41,3.7753E+11,10690451185,10.69,2.56,8666912.04
4210.41,4207.35,19903292454,1849076375,1849.08,713.93,456914.9,3.77734E+11,10696229678,10.7,2.57,8671596.76
4210.42,4207.36,19906888408,1849410450,1849.41,714.06,456997.45,3.77928E+11,10701734049,10.7,2.57,8676059.24
4210.43,4207.37,19910755881,1849769750,1849.77,714.2,457086.23,3.78132E+11,10707514723,10.71,2.57,8680745.72
4210.44,4207.38,19914746600,1850140500,1850.14,714.34,457177.85,3.78327E+11,10713021236,10.71,2.57,8685209.93
4210.45,4207.39,19918632910,1850501550,1850.5,714.48,457267.06,3.78531E+11,10718804194,10.72,2.57,8689898.26
4210.46,4207.4,19922225634,1850835325,1850.84,714.61,457349.54,3.78726E+11,10724312801,10.72,2.57,8694364.17
4210.47,4207.41,19926646911,1851246075,1851.25,714.77,457451.04,3.7893E+11,10730097997,10.73,2.57,8699054.32
4210.48,4207.42,19930225911,1851578575,1851.58,714.9,457533.2,3.79124E+11,10735608820,10.74,2.58,8703522.03
4210.49,4207.43,19934174382,1851945400,1851.95,715.04,457623.84,3.79329E+11,10741396281,10.74,2.58,8708214.01
4210.5,4207.44,19938334634,1852331900,1852.33,715.19,457719.35,3.79524E+11,10746909221,10.75,2.58,8712683.44
4210.51,4207.45,19942053834,1852677425,1852.68,715.32,457804.73,3.79718E+11,10752423293,10.75,2.58,8717153.78
4210.52,4207.46,19945773841,1853023025,1853.02,715.46,457890.13,3.79923E+11,10758214153,10.76,2.58,8721848.52
4210.53,4207.47,19949428189,1853362525,1853.36,715.59,457974.02,3.80118E+11,10763730284,10.76,2.58,8726320.53
4210.54,4207.48,19953609968,1853751025,1853.75,715.74,458070.02,3.80322E+11,10769523405,10.77,2.58,8731017.1
4210.55,4207.49,19957125461,1854077625,1854.08,715.86,458150.73,3.80517E+11,10775041676,10.78,2.59,8735490.85
4210.56,4207.5,19960595746,1854400025,1854.4,715.99,458230.39,3.80722E+11,10780836880,10.78,2.59,8740189.11
4210.57,4207.51,19964407247,1854754125,1854.75,716.12,458317.89,3.80917E+11,10786357133,10.79,2.59,8744664.46
4210.58,4207.52,19967692661,1855059350,1855.06,716.24,458393.31,3.81121E+11,10792154428,10.79,2.59,8749364.42
4210.59,4207.53,19970867476,1855354300,1855.35,716.36,458466.2,3.81316E+11,10797676545,10.8,2.59,8753841.28
4210.6,4207.54,19974503794,1855692125,1855.69,716.49,458549.68,3.81521E+11,10803475732,10.8,2.59,8758542.77
4210.61,4207.55,19977568280,1855976825,1855.98,716.6,458620.03,3.81716E+11,10808999722,10.81,2.59,8763021.15
4210.62,4207.56,19980645144,1856262675,1856.26,716.71,458690.66,3.81921E+11,10814800806,10.81,2.59,8767724.18
4210.63,4207.57,19984085289,1856582275,1856.58,716.83,458769.64,3.82116E+11,10820326487,10.82,2.6,8772203.94
4210.64,4207.58,19987088959,1856861325,1856.86,716.94,458838.59,3.82321E+11,10826129445,10.83,2.6,8776908.48
4210.65,4207.59,19990010015,1857132700,1857.13,717.04,458905.65,3.82516E+11,10831656898,10.83,2.6,8781389.67
4210.66,4207.6,19992949100,1857405750,1857.41,717.15,458973.12,3.82721E+11,10837461573,10.84,2.6,8786095.61
4210.67,4207.61,20020856153,1859998400,1860,718.15,459613.78,3.82917E+11,10842995491,10.84,2.6,8790582.04
4210.68,4207.62,20023632165,1860256300,1860.26,718.25,459677.5,3.83122E+11,10848809099,10.85,2.6,8795295.22
4210.69,4207.63,20026290313,1860503250,1860.5,718.34,459738.53,3.83318E+11,10854346621,10.85,2.6,8799784.58
4210.7,4207.64,20029387628,1860791000,1860.79,718.46,459809.63,3.83523E+11,10860161847,10.86,2.61,8804499.07
4210.71,4207.65,20031939751,1861028100,1861.03,718.55,459868.22,3.83719E+11,10865700943,10.87,2.61,8808989.7
4210.72,4207.66,20034477881,1861263900,1861.26,718.64,459926.49,3.83924E+11,10871517736,10.87,2.61,8813705.46
4210.73,4207.67,20037187696,1861515650,1861.52,718.74,459988.69,3.8412E+11,10877058225,10.88,2.61,8818197.22
4210.74,4207.68,20039512701,1861731650,1861.73,718.82,460042.07,3.84325E+11,10882876511,10.88,2.61,8822914.2
4210.75,4207.69,20041786308,1861942875,1861.94,718.9,460094.26,3.84521E+11,10888418369,10.89,2.61,8827407.06
4210.76,4207.7,20043885808,1862137925,1862.14,718.98,460142.46,3.84717E+11,10893960834,10.89,2.61,8831900.43
4210.77,4207.71,20046485831,1862379475,1862.38,719.07,460202.15,3.84922E+11,10899781141,10.9,2.61,8836619.04
4210.78,4207.72,20048441902,1862561200,1862.56,719.14,460247.05,3.85118E+11,10905324887,10.91,2.62,8841113.44
4210.79,4207.73,20050487584,1862751250,1862.75,719.21,460294.02,3.85323E+11,10911146401,10.91,2.62,8845833.03
4210.8,4207.74,20052613994,1862948800,1862.95,719.29,460342.83,3.85519E+11,10916691292,10.92,2.62,8850328.35
4210.81,4207.75,20054449779,1863119350,1863.12,719.35,460384.98,3.85725E+11,10922513982,10.92,2.62,8855048.9
4210.82,4207.76,20056043645,1863267425,1863.27,719.41,460421.57,3.85921E+11,10928059880,10.93,2.62,8859545.04
4210.83,4207.77,20058115160,1863459875,1863.46,719.49,460469.12,3.86126E+11,10933883586,10.93,2.62,8864266.41
4210.84,4207.78,20059671083,1863604425,1863.6,719.54,460504.84,3.86322E+11,10939430493,10.94,2.62,8868763.37
4210.85,4207.79,20061411607,1863766125,1863.77,719.6,460544.8,3.86528E+11,10945255220,10.95,2.63,8873485.57
4210.86,4207.8,20063391090,1863950025,1863.95,719.68,460590.24,3.86724E+11,10950803050,10.95,2.63,8877983.28
4210.87,4207.81,20065190816,1864117225,1864.12,719.74,460631.56,3.8693E+11,10956628868,10.96,2.63,8882706.36
4210.88,4207.82,20066950716,1864280725,1864.28,719.8,460671.96,3.87126E+11,10962177756,10.96,2.63,8887204.93
4210.89,4207.83,20068968949,1864468225,1864.47,719.88,460718.29,3.87331E+11,10968004636,10.97,2.63,8891928.87
4210.9,4207.84,20071348580,1864689300,1864.69,719.96,460772.92,3.87527E+11,10973554675,10.97,2.63,8896428.37
4210.91,4207.85,20073739245,1864911400,1864.91,720.05,460827.8,3.87733E+11,10979382878,10.98,2.63,8901153.38
4210.92,4207.86,20076202297,1865140225,1865.14,720.13,460884.34,3.87929E+11,10984934217,10.98,2.64,8905653.94
4210.93,4207.87,20079456765,1865442575,1865.44,720.25,460959.06,3.88135E+11,10990763948,10.99,2.64,8910380.19
4210.94,4207.88,20082561615,1865731025,1865.73,720.36,461030.33,3.88331E+11,10996316950,11,2.64,8914882.09
4210.95,4207.89,20086404331,1866088025,1866.09,720.5,461118.55,3.88537E+11,11002148597,11,2.64,8919609.9
4210.96,4207.9,20090874045,1866503275,1866.5,720.66,461221.16,3.88733E+11,11007703659,11.01,2.64,8924113.47
4210.97,4207.91,20095869575,1866967375,1866.97,720.84,461335.84,3.88939E+11,11013537873,11.01,2.64,8928843.36
4210.98,4207.92,20101113214,1867454525,1867.45,721.03,461456.22,3.89136E+11,11019095688,11.02,2.64,8933349.16
4210.99,4207.93,20107179485,1868018100,1868.02,721.25,461595.48,3.89342E+11,11024933025,11.02,2.65,8938081.58
4211,4207.94,20113839655,1868636850,1868.64,721.48,461748.37,3.89538E+11,11030494188,11.03,2.65,8942590.1
4211.01,4207.95,20121032638,1869305100,1869.31,721.74,461913.5,3.89735E+11,11036057239,11.04,2.65,8947100.15
4211.02,4207.96,20130309245,1870166925,1870.17,722.08,462126.46,3.89941E+11,11041900803,11.04,2.65,8951837.62
4211.03,4207.97,20140816167,1871143050,1871.14,722.45,462367.67,3.90138E+11,11047468853,11.05,2.65,8956351.72
4211.04,4207.98,20153577052,1872328575,1872.33,722.91,462660.62,3.90344E+11,11053318655,11.05,2.65,8961094.25
4211.05,4207.99,20166721132,1873549700,1873.55,723.38,462962.36,3.90541E+11,11058893485,11.06,2.65,8965613.84
4211.06,4208,20182954185,1875057800,1875.06,723.96,463335.02,3.90748E+11,11064751291,11.06,2.65,8970362.86
4211.07,4208.01,20198515302,1876503475,1876.5,724.52,463692.25,3.90945E+11,11070334574,11.07,2.66,8974889.31
4211.08,4208.02,20215867532,1878115550,1878.12,725.14,464090.6,3.91152E+11,11076201801,11.08,2.66,8979645.96
4211.09,4208.03,20232787323,1879687450,1879.69,725.75,464479.03,3.9135E+11,11081794308,11.08,2.66,8984179.89
4211.1,4208.04,20251043453,1881383500,1881.38,726.41,464898.13,3.91557E+11,11087671607,11.09,2.66,8988944.71
4211.11,4208.05,20268541804,1883009150,1883.01,727.03,465299.83,3.91755E+11,11093273976,11.09,2.66,8993486.63
4211.12,4208.06,20287567554,1884776700,1884.78,727.72,465736.6,3.91963E+11,11099161774,11.1,2.66,8998259.96
4211.13,4208.07,20305227902,1886417400,1886.42,728.35,466142.03,3.92161E+11,11104774337,11.1,2.66,9002810.15
4211.14,4208.08,20322811288,1888050950,1888.05,728.98,466545.68,3.9237E+11,11110672616,11.11,2.67,9007591.98
4211.15,4208.09,20337763436,1889440050,1889.44,729.52,466888.94,3.92568E+11,11116294521,11.12,2.67,9012149.74
4211.16,4208.1,20352962885,1890852125,1890.85,730.06,467237.87,3.92777E+11,11122201904,11.12,2.67,9016938.95
4211.17,4208.11,20365742876,1892039425,1892.04,730.52,467531.25,3.92976E+11,11127831861,11.13,2.67,9021503.24
4211.18,4208.12,20378782008,1893250800,1893.25,730.99,467830.59,3.93185E+11,11133747059,11.13,2.67,9026298.78
4211.19,4208.13,20390120173,1894304150,1894.3,731.39,468090.88,3.93384E+11,11139383932,11.14,2.67,9030868.68
4211.2,4208.14,20401071106,1895321525,1895.32,731.79,468342.28,3.93593E+11,11145305916,11.15,2.67,9035669.72
4211.21,4208.15,20410493295,1896196875,1896.2,732.13,468558.58,3.93792E+11,11150948719,11.15,2.68,9040244.43
4211.22,4208.16,20420440494,1897121000,1897.12,732.48,468786.93,3.94001E+11,11156876416,11.16,2.68,9045050.1
4211.23,4208.17,20428911691,1897908000,1897.91,732.79,468981.4,3.94201E+11,11162524423,11.16,2.68,9049629.03
4211.24,4208.18,20438360252,1898785800,1898.79,733.13,469198.31,3.9441E+11,11168457432,11.17,2.68,9054439.01
4211.25,4208.19,20447365608,1899622425,1899.62,733.45,469405.05,3.9461E+11,11174110462,11.17,2.68,9059022.01
4211.26,4208.2,20457595898,1900572850,1900.57,733.82,469639.9,3.9481E+11,11179766142,11.18,2.68,9063607.15
4211.27,4208.21,20467350153,1901479050,1901.48,734.17,469863.83,3.9502E+11,11185707508,11.19,2.68,9068423.91
4211.28,4208.22,20476717177,1902349275,1902.35,734.5,470078.86,3.95219E+11,11191368661,11.19,2.68,9073013.49
4211.29,4208.23,20486999672,1903304550,1903.3,734.87,470314.92,3.95429E+11,11197315700,11.2,2.69,9077834.85
4211.3,4208.24,20496195011,1904158825,1904.16,735.2,470526.01,3.9563E+11,11202982254,11.2,2.69,9082428.81
4211.31,4208.25,20506027575,1905072300,1905.07,735.55,470751.73,3.9584E+11,11208934901,11.21,2.69,9087254.71
4211.32,4208.26,20515251438,1905929225,1905.93,735.88,470963.48,3.9604E+11,11214606681,11.21,2.69,9091852.91
4211.33,4208.27,20524042862,1906745975,1906.75,736.2,471165.31,3.96251E+11,11220564723,11.22,2.69,9096683.19
4211.34,4208.28,20531528624,1907441425,1907.44,736.47,471337.16,3.96451E+11,11226241306,11.23,2.69,9101285.28
4211.35,4208.29,20538762241,1908113450,1908.11,736.73,471503.22,3.96662E+11,11232203858,11.23,2.69,9106119.21
4211.36,4208.3,20545098686,1908702125,1908.7,736.95,471648.68,3.96862E+11,11237884384,11.24,2.7,9110724.5
4211.37,4208.31,20550895051,1909240625,1909.24,737.16,471781.75,3.97073E+11,11243850669,11.24,2.7,9115561.46
4211.38,4208.32,20555667769,1909684025,1909.68,737.33,471891.31,3.97274E+11,11249534302,11.25,2.7,9120169.27
4211.39,4208.33,20560595488,1910141825,1910.14,737.51,472004.44,3.97484E+11,11255503533,11.26,2.7,9125008.61
4211.4,4208.34,20564210278,1910477650,1910.48,737.64,472087.42,3.97685E+11,11261189689,11.26,2.7,9129618.47
4211.41,4208.35,20567548166,1910787750,1910.79,737.76,472164.05,3.97896E+11,11267161169,11.27,2.7,9134459.64
4211.42,4208.36,20570576323,1911069075,1911.07,737.87,472233.56,3.98097E+11,11272849145,11.27,2.7,9139070.97
4211.43,4208.37,20573166658,1911309725,1911.31,737.96,472293.03,3.98308E+11,11278822354,11.28,2.71,9143913.54
4211.44,4208.38,20575294414,1911507400,1911.51,738.04,472341.88,3.98509E+11,11284511780,11.28,2.71,9148526.04
4211.45,4208.39,20577707952,1911731625,1911.73,738.12,472397.28,3.9872E+11,11290486278,11.29,2.71,9153369.66
4211.46,4208.4,20579465430,1911894900,1911.89,738.19,472437.63,3.98921E+11,11296176906,11.3,2.71,9157983.14
4211.47,4208.41,20581218333,1912057750,1912.06,738.25,472477.87,3.99132E+11,11302152575,11.3,2.71,9162827.7
4211.48,4208.42,20582682224,1912193750,1912.19,738.3,472511.48,3.99333E+11,11307844131,11.31,2.71,9167441.94
4211.49,4208.43,20584522584,1912364725,1912.36,738.37,472553.72,3.99544E+11,11313820766,11.31,2.71,9172287.28
4211.5,4208.44,20585819366,1912485200,1912.49,738.41,472583.49,3.99745E+11,11319513214,11.32,2.72,9176902.24
4211.51,4208.45,20587051027,1912599625,1912.6,738.46,472611.77,3.99946E+11,11325206011,11.33,2.72,9181517.48
4211.52,4208.46,20588596455,1912743200,1912.74,738.51,472647.25,4.00157E+11,11331183836,11.33,2.72,9186363.79
4211.53,4208.47,20589762725,1912851550,1912.85,738.56,472674.02,4.00358E+11,11336877388,11.34,2.72,9190979.64
4211.54,4208.48,20590893743,1912956625,1912.96,738.6,472699.99,4.00569E+11,11342855957,11.34,2.72,9195826.56
4211.55,4208.49,20592434596,1913099775,1913.1,738.65,472735.36,4.0077E+11,11348550158,11.35,2.72,9200442.93
4211.56,4208.5,20593603826,1913208400,1913.21,738.69,472762.2,4.00981E+11,11354529504,11.35,2.72,9205290.48
4211.57,4208.51,20594761754,1913315975,1913.32,738.74,472788.78,4.01183E+11,11360224443,11.36,2.73,9209907.45
4211.58,4208.52,20595891426,1913420925,1913.42,738.78,472814.72,4.01394E+11,11366204456,11.37,2.73,9214755.54
4211.59,4208.53,20597355049,1913556900,1913.56,738.83,472848.32,4.01595E+11,11371900109,11.37,2.73,9219373.1
4211.6,4208.54,20598483107,1913661700,1913.66,738.87,472874.21,4.01806E+11,11377880877,11.38,2.73,9224221.79
4211.61,4208.55,20599609012,1913766300,1913.77,738.91,472900.06,4.02007E+11,11383577157,11.38,2.73,9228839.86
4211.62,4208.56,20601004015,1913895900,1913.9,738.96,472932.08,4.02218E+11,11389558625,11.39,2.73,9233689.12
4211.63,4208.57,20602095475,1913997300,1914,739,472957.14,4.0242E+11,11395255599,11.4,2.73,9238307.75
4211.64,4208.58,20603188012,1914098800,1914.1,739.04,472982.22,4.02631E+11,11401237738,11.4,2.74,9243157.56
4211.65,4208.59,20604625801,1914232375,1914.23,739.09,473015.23,4.02832E+11,11406935343,11.41,2.74,9247776.69
4211.66,4208.6,20605696003,1914331800,1914.33,739.13,473039.8,4.03043E+11,11412918214,11.41,2.74,9252627.1
4211.67,4208.61,20606761899,1914430825,1914.43,739.17,473064.27,4.03245E+11,11418616483,11.42,2.74,9257246.77
4211.68,4208.62,20608151789,1914559950,1914.56,739.22,473096.17,4.03456E+11,11424599981,11.42,2.74,9262097.69
4211.69,4208.63,20609234370,1914660525,1914.66,739.25,473121.03,4.03657E+11,11430298930,11.43,2.74,9266717.91
4211.7,4208.64,20610304840,1914759975,1914.76,739.29,473145.6,4.03869E+11,11436283136,11.44,2.74,9271569.4
4211.71,4208.65,20611404105,1914862100,1914.86,739.33,473170.84,4.0407E+11,11441982682,11.44,2.75,9276190.11
4211.72,4208.66,20612861000,1914997450,1915,739.38,473204.28,4.04281E+11,11447967606,11.45,2.75,9281042.18
4211.73,4208.67,20613944119,1915098075,1915.1,739.42,473229.15,4.04482E+11,11453667858,11.45,2.75,9285663.46
4211.74,4208.68,20615000596,1915196225,1915.2,739.46,473253.4,4.04694E+11,11459653433,11.46,2.75,9290516.06
4211.75,4208.69,20616409054,1915327075,1915.33,739.51,473285.73,4.04895E+11,11465354317,11.47,2.75,9295137.85
4211.76,4208.7,20617435393,1915422425,1915.42,739.55,473309.3,4.05097E+11,11471055542,11.47,2.75,9299759.92
4211.77,4208.71,20618560491,1915526950,1915.53,739.59,473335.12,4.05308E+11,11477042139,11.48,2.75,9304613.35
4211.78,4208.72,20619938271,1915654950,1915.65,739.64,473366.75,4.05509E+11,11482743972,11.48,2.75,9309235.91
4211.79,4208.73,20621030808,1915756450,1915.76,739.68,473391.83,4.05721E+11,11488731286,11.49,2.76,9314089.91
4211.8,4208.74,20622028623,1915849150,1915.85,739.71,473414.74,4.05922E+11,11494433784,11.49,2.76,9318713.02
4211.81,4208.75,20623121429,1915950675,1915.95,739.75,473439.83,4.06134E+11,11500421707,11.5,2.76,9323567.52
4211.82,4208.76,20624420902,1916071400,1916.07,739.8,473469.66,4.06335E+11,11506124858,11.51,2.76,9328191.15
4211.83,4208.77,20625480609,1916169850,1916.17,739.84,473493.99,4.06546E+11,11512113473,11.51,2.76,9333046.21
4211.84,4208.78,20626454204,1916260300,1916.26,739.87,473516.34,4.06748E+11,11517817197,11.52,2.76,9337670.31
4211.85,4208.79,20627823374,1916387500,1916.39,739.92,473547.77,4.06959E+11,11523806457,11.52,2.76,9342525.89
4211.86,4208.8,20628803966,1916478600,1916.48,739.96,473570.28,4.07161E+11,11529510829,11.53,2.77,9347150.51
4211.87,4208.81,20629919914,1916582275,1916.58,740,473595.9,4.07372E+11,11535500724,11.54,2.77,9352006.61
4211.88,4208.82,20631179023,1916699250,1916.7,740.04,473624.8,4.07574E+11,11541205700,11.54,2.77,9356631.72
4211.89,4208.83,20632193790,1916793525,1916.79,740.08,473648.1,4.07785E+11,11547196278,11.55,2.77,9361488.38
4211.9,4208.84,20633194834,1916886525,1916.89,740.11,473671.08,4.07987E+11,11552901865,11.55,2.77,9366113.98
4211.91,4208.85,20634555392,1917012925,1917.01,740.16,473702.32,4.08198E+11,11558893033,11.56,2.77,9370971.11
4211.92,4208.86,20635567200,1917106925,1917.11,740.2,473725.54,4.084E+11,11564599275,11.56,2.77,9375597.25
4211.93,4208.87,20636605648,1917203400,1917.2,740.24,473749.38,4.08612E+11,11570591128,11.57,2.78,9380454.94
4211.94,4208.88,20637607768,1917296500,1917.3,740.27,473772.39,4.08813E+11,11576297938,11.58,2.78,9385081.54
4211.95,4208.89,20638891095,1917415725,1917.42,740.32,473801.85,4.09025E+11,11582290441,11.58,2.78,9389939.75
4211.96,4208.9,20639901019,1917509550,1917.51,740.35,473825.03,4.09226E+11,11587997883,11.59,2.78,9394566.86
4211.97,4208.91,20640906907,1917603000,1917.6,740.39,473848.13,4.09438E+11,11593990989,11.59,2.78,9399425.56
4211.98,4208.92,20642205034,1917723600,1917.72,740.44,473877.93,4.0964E+11,11599699029,11.6,2.78,9404053.16
4211.99,4208.93,20643208769,1917816850,1917.82,740.47,473900.97,4.09851E+11,11605692805,11.61,2.78,9408912.4
4212,4208.94,20644191783,1917908175,1917.91,740.51,473923.54,4.10053E+11,11611401438,11.61,2.79,9413540.48
4212.01,4208.95,20645418062,1918022100,1918.02,740.55,473951.69,4.10254E+11,11617110352,11.62,2.79,9418168.78
4212.02,4208.96,20646466197,1918119475,1918.12,740.59,473975.75,4.10466E+11,11623105067,11.62,2.79,9423028.79
4212.03,4208.97,20647460514,1918211850,1918.21,740.63,473998.57,4.10668E+11,11628814598,11.63,2.79,9427657.6
4212.04,4208.98,20648509995,1918309350,1918.31,740.66,474022.67,4.10879E+11,11634809904,11.63,2.79,9432518.08
4212.05,4208.99,20649806239,1918429775,1918.43,740.71,474052.43,4.11081E+11,11640520081,11.64,2.79,9437147.41
4212.06,4209,20650858142,1918527500,1918.53,740.75,474076.57,4.11293E+11,11646516068,11.65,2.79,9442008.45
4212.07,4209.01,20651826894,1918617500,1918.62,740.78,474098.81,4.11495E+11,11652226811,11.65,2.8,9446638.23
4212.08,4209.02,20653222704,1918747175,1918.75,740.83,474130.86,4.11706E+11,11658223446,11.66,2.8,9451499.8
4212.09,4209.03,20654247966,1918842425,1918.84,740.87,474154.39,4.11908E+11,11663934851,11.66,2.8,9456130.12
4212.1,4209.04,20655353151,1918945100,1918.95,740.91,474179.76,4.1212E+11,11669932136,11.67,2.8,9460992.21
4212.11,4209.05,20656782060,1919077850,1919.08,740.96,474212.57,4.12321E+11,11675644171,11.68,2.8,9465623.05
4212.12,4209.06,20657932722,1919184750,1919.18,741,474238.98,4.12533E+11,11681642198,11.68,2.8,9470485.74
4212.13,4209.07,20658993236,1919283275,1919.28,741.04,474263.33,4.12735E+11,11687354907,11.69,2.8,9475117.12
4212.14,4209.08,20660474889,1919420925,1919.42,741.09,474297.34,4.12947E+11,11693353581,11.69,2.81,9479980.33
4212.15,4209.09,20661554509,1919521225,1919.52,741.13,474322.13,4.13149E+11,11699066999,11.7,2.81,9484612.29
4212.16,4209.1,20662747150,1919632025,1919.63,741.17,474349.51,4.13361E+11,11705066417,11.71,2.81,9489476.11
4212.17,4209.11,20663827578,1919732400,1919.73,741.21,474374.31,4.13562E+11,11710780461,11.71,2.81,9494108.57
4212.18,4209.12,20665399378,1919878425,1919.88,741.27,474410.39,4.13774E+11,11716780627,11.72,2.81,9498973
4212.19,4209.13,20666503755,1919981025,1919.98,741.31,474435.75,4.13976E+11,11722495408,11.72,2.81,9503606.06
4212.2,4209.14,20667723575,1920094350,1920.09,741.35,474463.75,4.14188E+11,11728496264,11.73,2.81,9508471.04
4212.21,4209.15,20669203882,1920231875,1920.23,741.41,474497.73,4.1439E+11,11734211746,11.73,2.82,9513104.67
4212.22,4209.16,20670397599,1920342775,1920.34,741.45,474525.14,4.14602E+11,11740213384,11.74,2.82,9517970.29
4212.23,4209.17,20671514355,1920446525,1920.45,741.49,474550.77,4.14804E+11,11745929549,11.75,2.82,9522604.47
4212.24,4209.18,20673149124,1920598400,1920.6,741.55,474588.3,4.15016E+11,11751931890,11.75,2.82,9527470.66
4212.25,4209.19,20674259421,1920701550,1920.7,741.59,474613.79,4.15217E+11,11757648816,11.76,2.82,9532105.46
4212.26,4209.2,20675402280,1920807725,1920.81,741.63,474640.03,4.15419E+11,11763366055,11.76,2.82,9536740.52
4212.27,4209.21,20676659235,1920924500,1920.92,741.67,474668.88,4.15631E+11,11769369503,11.77,2.82,9541607.6
4212.28,4209.22,20678169681,1921064825,1921.06,741.73,474703.56,4.15833E+11,11775087507,11.78,2.82,9546243.28
4212.29,4209.23,20679418295,1921180825,1921.18,741.77,474732.22,4.16045E+11,11781091758,11.78,2.83,9551111.01
4212.3,4209.24,20680549851,1921285950,1921.29,741.81,474758.2,4.16247E+11,11786810427,11.79,2.83,9555747.23
4212.31,4209.25,20694359410,1922568900,1922.57,742.31,475075.22,4.16459E+11,11792817802,11.79,2.83,9560617.5
4212.32,4209.26,20695520297,1922676750,1922.68,742.35,475101.87,4.16662E+11,11798540601,11.8,2.83,9565257.06
4212.33,4209.27,20696814927,1922797025,1922.8,742.4,475131.59,4.16874E+11,11804549899,11.8,2.83,9570128.89
4212.34,4209.28,20698424400,1922946550,1922.95,742.45,475168.54,4.17076E+11,11810273428,11.81,2.83,9574769.04
4212.35,4209.29,20699769351,1923071500,1923.07,742.5,475199.42,4.17288E+11,11816283572,11.82,2.83,9579641.56
4212.36,4209.3,20701010699,1923186825,1923.19,742.55,475227.91,4.1749E+11,11822007879,11.82,2.84,9584282.34
4212.37,4209.31,20703253629,1923395200,1923.4,742.63,475279.4,4.17703E+11,11828018806,11.83,2.84,9589155.49
4212.38,4209.32,20704640289,1923524025,1923.52,742.68,475311.24,4.17905E+11,11833744097,11.83,2.84,9593797.07
4212.39,4209.33,20706118982,1923661400,1923.66,742.73,475345.18,4.18117E+11,11839756067,11.84,2.84,9598671.07
4212.4,4209.34,20707530938,1923792575,1923.79,742.78,475377.6,4.18319E+11,11845482151,11.85,2.84,9603313.29
4212.41,4209.35,20709450950,1923970950,1923.97,742.85,475421.67,4.18532E+11,11851495066,11.85,2.84,9608188.05
4212.42,4209.36,20710947672,1924110000,1924.11,742.9,475456.03,4.18734E+11,11857222080,11.86,2.84,9612831.03
4212.43,4209.37,20712557146,1924259525,1924.26,742.96,475492.98,4.18946E+11,11863235902,11.86,2.85,9617706.53
4212.44,4209.38,20714419033,1924432500,1924.43,743.03,475535.72,4.19149E+11,11868963839,11.87,2.85,9622350.25
4212.45,4209.39,20716020434,1924581275,1924.58,743.08,475572.49,4.19361E+11,11874978666,11.87,2.85,9627226.56
4212.46,4209.4,20717487286,1924717550,1924.72,743.14,475606.16,4.19563E+11,11880707495,11.88,2.85,9631871.01
4212.47,4209.41,20719400840,1924895325,1924.9,743.21,475650.09,4.19776E+11,11886723235,11.89,2.85,9636748.07
4212.48,4209.42,20720800417,1925025350,1925.03,743.26,475682.22,4.19978E+11,11892452993,11.89,2.85,9641393.27
4212.49,4209.43,20722310594,1925165650,1925.17,743.31,475716.89,4.2019E+11,11898469656,11.9,2.85,9646271.07
4212.5,4209.44,20724061344,1925328300,1925.33,743.37,475757.08,4.20393E+11,11904200213,11.9,2.86,9650916.92
4212.51,4209.45,20725444776,1925456825,1925.46,743.42,475788.84,4.20595E+11,11909931251,11.91,2.86,9655563.16
4212.52,4209.46,20726876107,1925589800,1925.59,743.47,475821.7,4.20808E+11,11915949254,11.92,2.86,9660442.05
4212.53,4209.47,20728259269,1925718300,1925.72,743.52,475853.45,4.2101E+11,11921681072,11.92,2.86,9665088.92
4212.54,4209.48,20730026434,1925882475,1925.88,743.59,475894.02,4.21223E+11,11927699966,11.93,2.86,9669968.53
4212.55,4209.49,20731404484,1926010500,1926.01,743.64,475925.66,4.21425E+11,11933432654,11.93,2.86,9674616.11
4212.56,4209.5,20732773653,1926137700,1926.14,743.69,475957.09,4.21638E+11,11939452379,11.94,2.86,9679496.39
4212.57,4209.51,20734505835,1926298625,1926.3,743.75,475996.85,4.2184E+11,11945185875,11.95,2.87,9684144.62
4212.58,4209.52,20735857244,1926424175,1926.42,743.8,476027.88,4.22053E+11,11951206495,11.95,2.87,9689025.63
4212.59,4209.53,20737220224,1926550800,1926.55,743.85,476059.17,4.22255E+11,11956940797,11.96,2.87,9693674.52
4212.6,4209.54,20738965593,1926712950,1926.71,743.91,476099.23,4.22468E+11,11962962224,11.96,2.87,9698556.18
4212.61,4209.55,20740259684,1926833175,1926.83,743.95,476128.94,4.22671E+11,11968697375,11.97,2.87,9703205.75
4212.62,4209.56,20741564808,1926954425,1926.95,744,476158.9,4.22883E+11,11974719662,11.97,2.87,9708088.11
4212.63,4209.57,20742846790,1927073525,1927.07,744.05,476188.33,4.23086E+11,11980455529,11.98,2.87,9712738.27
4212.64,4209.58,20744381185,1927216075,1927.22,744.1,476223.56,4.23298E+11,11986478633,11.99,2.88,9717621.29
4212.65,4209.59,20745636257,1927332675,1927.33,744.15,476252.37,4.23501E+11,11992215274,11.99,2.88,9722272.07
4212.66,4209.6,20746881641,1927448375,1927.45,744.19,476280.96,4.23714E+11,11998239112,12,2.88,9727155.69
4212.67,4209.61,20748454518,1927594500,1927.59,744.25,476317.07,4.23916E+11,12003976499,12,2.88,9731807.08
4212.68,4209.62,20749702324,1927710425,1927.71,744.29,476345.71,4.24129E+11,12010001155,12.01,2.88,9736691.36
4212.69,4209.63,20750957665,1927827050,1927.83,744.34,476374.53,4.24332E+11,12015739268,12.02,2.88,9741343.33
4212.7,4209.64,20752515203,1927971750,1927.97,744.39,476410.29,4.24545E+11,12021764683,12.02,2.88,9746228.23
4212.71,4209.65,20753771082,1928088425,1928.09,744.44,476439.12,4.24747E+11,12027503572,12.03,2.89,9750880.84
4212.72,4209.66,20755020234,1928204475,1928.2,744.48,476467.8,4.2496E+11,12033529773,12.03,2.89,9755766.37
4212.73,4209.67,20756644777,1928355400,1928.36,744.54,476505.09,4.25163E+11,12039269353,12.04,2.89,9760419.53
4212.74,4209.68,20757884241,1928470550,1928.47,744.59,476533.54,4.25376E+11,12045296386,12.05,2.89,9765305.74
4212.75,4209.69,20759094643,1928583000,1928.58,744.63,476561.33,4.25578E+11,12051036760,12.05,2.89,9769959.55
4212.76,4209.7,20760316078,1928696475,1928.7,744.67,476589.37,4.25781E+11,12056777468,12.06,2.89,9774613.63
4212.77,4209.71,20761924744,1928845925,1928.85,744.73,476626.3,4.25994E+11,12062805645,12.06,2.89,9779500.77
4212.78,4209.72,20763205650,1928964925,1928.96,744.78,476655.71,4.26197E+11,12068547145,12.07,2.9,9784155.49
4212.79,4209.73,20764440808,1929079675,1929.08,744.82,476684.06,4.2641E+11,12074576086,12.07,2.9,9789043.24
4212.8,4209.74,20766096029,1929233450,1929.23,744.88,476722.06,4.26612E+11,12080318330,12.08,2.9,9793698.57
4212.81,4209.75,20767375858,1929352350,1929.35,744.93,476751.44,4.26825E+11,12086348116,12.09,2.9,9798587.01
4212.82,4209.76,20768658378,1929471500,1929.47,744.97,476780.88,4.27028E+11,12092091127,12.09,2.9,9803242.95
4212.83,4209.77,20770269735,1929621200,1929.62,745.03,476817.88,4.27241E+11,12098121674,12.1,2.9,9808132.01
4212.84,4209.78,20771490093,1929734575,1929.73,745.07,476845.89,4.27444E+11,12103865475,12.1,2.9,9812788.6
4212.85,4209.79,20772788490,1929855200,1929.86,745.12,476875.7,4.27657E+11,12109896829,12.11,2.91,9817678.31
4212.86,4209.8,20774016383,1929969275,1929.97,745.17,476903.89,4.2786E+11,12115641330,12.12,2.91,9822335.46
4212.87,4209.81,20775623973,1930118625,1930.12,745.22,476940.79,4.28073E+11,12121673505,12.12,2.91,9827225.84
4212.88,4209.82,20776874740,1930234825,1930.23,745.27,476969.5,4.28276E+11,12127418788,12.13,2.91,9831883.63
4212.89,4209.83,20778106669,1930349275,1930.35,745.31,476997.79,4.28489E+11,12133451695,12.13,2.91,9836774.6
4212.9,4209.84,20779688426,1930496225,1930.5,745.37,477034.1,4.28692E+11,12139197726,12.14,2.91,9841432.99
4212.91,4209.85,20780930312,1930611600,1930.61,745.41,477062.61,4.28905E+11,12145231453,12.15,2.91,9846324.63
4212.92,4209.86,20782168162,1930726600,1930.73,745.46,477091.02,4.29108E+11,12150978202,12.15,2.92,9850983.6
4212.93,4209.87,20783762566,1930874725,1930.87,745.51,477127.63,4.29321E+11,12157012690,12.16,2.92,9855875.86
4212.94,4209.88,20784982655,1930988075,1930.99,745.56,477155.64,4.29524E+11,12162760222,12.16,2.92,9860535.47
4212.95,4209.89,20786220236,1931103050,1931.1,745.6,477184.05,4.29737E+11,12168795487,12.17,2.92,9865428.35
4212.96,4209.9,20787748980,1931245075,1931.25,745.66,477219.14,4.2994E+11,12174543700,12.17,2.92,9870088.51
4212.97,4209.91,20788967455,1931358275,1931.36,745.7,477247.11,4.30153E+11,12180579766,12.18,2.92,9874982.04
4212.98,4209.92,20790163056,1931469350,1931.47,745.74,477274.56,4.30356E+11,12186328732,12.19,2.92,9879642.82
4212.99,4209.93,20791430776,1931587125,1931.59,745.79,477303.66,4.30569E+11,12192365502,12.19,2.93,9884536.92
4213,4209.94,20792964633,1931729625,1931.73,745.84,477338.88,4.30772E+11,12198115223,12.2,2.93,9889198.31
4213.01,4209.95,20794136284,1931838475,1931.84,745.89,477365.77,4.30975E+11,12203865290,12.2,2.93,9893859.97
4213.02,4209.96,20795420957,1931957825,1931.96,745.93,477395.27,4.31189E+11,12209903218,12.21,2.93,9898755.01
4213.03,4209.97,20796883234,1932093675,1932.09,745.99,477428.83,4.31392E+11,12215654005,12.22,2.93,9903417.27
4213.04,4209.98,20798139114,1932210350,1932.21,746.03,477457.67,4.31605E+11,12221692725,12.22,2.93,9908312.95
4213.05,4209.99,20799291390,1932317400,1932.32,746.07,477484.12,4.31808E+11,12227444221,12.23,2.93,9912975.77
4213.06,4210,20800764431,1932454250,1932.45,746.12,477517.93,4.32021E+11,12233483654,12.23,2.93,9917872.03
4213.07,4210.01,20801905137,1932560225,1932.56,746.17,477544.12,4.32225E+11,12239235876,12.24,2.94,9922535.45
4213.08,4210.02,20803128993,1932673925,1932.67,746.21,477572.22,4.32438E+11,12245276046,12.25,2.94,9927432.31
4213.09,4210.03,20804233371,1932776525,1932.78,746.25,477597.57,4.32641E+11,12251028916,12.25,2.94,9932096.25
4213.1,4210.04,20805759693,1932918325,1932.92,746.3,477632.61,4.32854E+11,12257069842,12.26,2.94,9936993.72
4213.11,4210.05,20806883984,1933022775,1933.02,746.34,477658.42,4.33058E+11,12262823439,12.26,2.94,9941658.25
4213.12,4210.06,20808124793,1933138050,1933.14,746.39,477686.9,4.33271E+11,12268865058,12.27,2.94,9946556.28
4213.13,4210.07,20809561237,1933271500,1933.27,746.44,477719.88,4.33474E+11,12274619364,12.27,2.94,9951221.38
4213.14,4210.08,20810816578,1933388125,1933.39,746.49,477748.7,4.33687E+11,12280661766,12.28,2.95,9956120.05
4213.15,4210.09,20811999263,1933498000,1933.5,746.53,477775.85,4.33891E+11,12286416769,12.29,2.95,9960785.72
4213.16,4210.1,20813578059,1933644675,1933.64,746.58,477812.09,4.34104E+11,12292459914,12.29,2.95,9965684.99
4213.17,4210.11,20814748904,1933753450,1933.75,746.63,477838.97,4.34307E+11,12298215680,12.3,2.95,9970351.28
4213.18,4210.12,20816063446,1933875575,1933.88,746.67,477869.15,4.34521E+11,12304259594,12.3,2.95,9975251.17
4213.19,4210.13,20817505810,1934009575,1934.01,746.73,477902.26,4.34724E+11,12310016056,12.31,2.95,9979918.02
4213.2,4210.14,20818770839,1934127100,1934.13,746.77,477931.3,4.34938E+11,12316060766,12.32,2.95,9984818.56
4213.21,4210.15,20819968862,1934238400,1934.24,746.81,477958.81,4.35141E+11,12321817971,12.32,2.96,9989486.01
4213.22,4210.16,20821235774,1934356100,1934.36,746.86,477987.89,4.35354E+11,12327863393,12.33,2.96,9994387.13
4213.23,4210.17,20822695092,1934491675,1934.49,746.91,478021.39,4.35558E+11,12333621344,12.33,2.96,9999055.19
4213.24,4210.18,20823976266,1934610700,1934.61,746.96,478050.8,4.35771E+11,12339667559,12.34,2.96,10003956.95
4213.25,4210.19,20825161373,1934720800,1934.72,747,478078.01,4.35975E+11,12345426200,12.35,2.96,10008625.57
4213.26,4210.2,20826579249,1934852525,1934.85,747.05,478110.56,4.36178E+11,12351185211,12.35,2.96,10013294.48
4213.27,4210.21,20827855848,1934971125,1934.97,747.1,478139.87,4.36392E+11,12357232561,12.36,2.96,10018197.16
4213.28,4210.22,20829021849,1935079450,1935.08,747.14,478166.63,4.36595E+11,12362992279,12.36,2.97,10022866.65
4213.29,4210.23,20830548172,1935221250,1935.22,747.19,478201.67,4.36809E+11,12369040358,12.37,2.97,10027769.92
4213.3,4210.24,20831725205,1935330600,1935.33,747.24,478228.69,4.37012E+11,12374800822,12.37,2.97,10032440.02
4213.31,4210.25,20832987543,1935447875,1935.45,747.28,478257.67,4.37226E+11,12380849664,12.38,2.97,10037343.91
4213.32,4210.26,20834166460,1935557400,1935.56,747.32,478284.74,4.37429E+11,12386610804,12.39,2.97,10042014.55
4213.33,4210.27,20835674753,1935697525,1935.7,747.38,478319.36,4.37643E+11,12392660424,12.39,2.97,10046919.07
4213.34,4210.28,20836863627,1935807975,1935.81,747.42,478346.65,4.37846E+11,12398422306,12.4,2.97,10051590.32
4213.35,4210.29,20838095018,1935922375,1935.92,747.46,478374.92,4.3806E+11,12404472635,12.4,2.98,10056495.41
4213.36,4210.3,20839551375,1936057675,1936.06,747.52,478408.36,4.38263E+11,12410235238,12.41,2.98,10061167.24
4213.37,4210.31,20840857576,1936179025,1936.18,747.56,478438.34,4.38477E+11,12416286357,12.42,2.98,10066072.98
4213.38,4210.32,20842067708,1936291450,1936.29,747.61,478466.12,4.38681E+11,12422049676,12.42,2.98,10070745.39
4213.39,4210.33,20843662113,1936439575,1936.44,747.66,478502.73,4.38894E+11,12428101560,12.43,2.98,10075651.74
4213.4,4210.34,20844844528,1936549425,1936.55,747.71,478529.87,4.39098E+11,12433865652,12.43,2.98,10080324.78
4213.41,4210.35,20846158533,1936671500,1936.67,747.75,478560.04,4.39312E+11,12439918309,12.44,2.98,10085231.76
4213.42,4210.36,20847707459,1936815400,1936.82,747.81,478595.59,4.39515E+11,12445683107,12.45,2.99,10089905.37
4213.43,4210.37,20849035726,1936938800,1936.94,747.86,478626.09,4.39729E+11,12451736597,12.45,2.99,10094813.03
4213.44,4210.38,20850245858,1937051225,1937.05,747.9,478653.87,4.39933E+11,12457502178,12.46,2.99,10099487.27
4213.45,4210.39,20851561477,1937173450,1937.17,747.95,478684.07,4.40146E+11,12463556405,12.46,2.99,10104395.53
4213.46,4210.4,20853069501,1937313550,1937.31,748,478718.69,4.4035E+11,12469322753,12.47,2.99,10109070.39
4213.47,4210.41,20854419834,1937439000,1937.44,748.05,478749.69,4.40564E+11,12475377803,12.48,2.99,10113979.31
4213.48,4210.42,20855622701,1937550750,1937.55,748.09,478777.3,4.40767E+11,12481144868,12.48,2.99,10118654.76
4213.49,4210.43,20857313711,1937707850,1937.71,748.15,478816.12,4.40981E+11,12487200713,12.49,3,10123564.33
4213.5,4210.44,20858549408,1937822650,1937.82,748.2,478844.49,4.41185E+11,12492968586,12.49,3,10128240.43
4213.51,4210.45,20859871485,1937945475,1937.95,748.24,478874.84,4.41389E+11,12498736809,12.5,3,10132916.82
4213.52,4210.46,20861500872,1938096850,1938.1,748.3,478912.25,4.41603E+11,12504793853,12.5,3,10137827.36
4213.53,4210.47,20862812186,1938218675,1938.22,748.35,478942.35,4.41806E+11,12510562889,12.51,3,10142504.4
4213.54,4210.48,20864065374,1938335100,1938.34,748.4,478971.12,4.4202E+11,12516620752,12.52,3,10147415.6
4213.55,4210.49,20865749926,1938491600,1938.49,748.46,479009.79,4.42224E+11,12522390498,12.52,3,10152093.22
4213.56,4210.5,20867031100,1938610625,1938.61,748.5,479039.2,4.42438E+11,12528449215,12.53,3.01,10157005.12
4213.57,4210.51,20868322770,1938730625,1938.73,748.55,479068.85,4.42642E+11,12534219778,12.53,3.01,10161683.4
4213.58,4210.52,20869610941,1938850300,1938.85,748.59,479098.43,4.42856E+11,12540279245,12.54,3.01,10166595.9
4213.59,4210.53,20871220953,1938999875,1939,748.65,479135.39,4.4306E+11,12546050583,12.55,3.01,10171274.82
4213.6,4210.54,20872472526,1939116150,1939.12,748.7,479164.12,4.43274E+11,12552110884,12.55,3.01,10176188
4213.61,4210.55,20873720602,1939232100,1939.23,748.74,479192.77,4.43477E+11,12557882946,12.56,3.01,10180867.49
4213.62,4210.56,20875274103,1939376425,1939.38,748.8,479228.43,4.43691E+11,12563944011,12.56,3.01,10185781.29
4213.63,4210.57,20876470243,1939487550,1939.49,748.84,479255.89,4.43895E+11,12569716847,12.57,3.02,10190461.42
4213.64,4210.58,20877764872,1939607825,1939.61,748.89,479285.61,4.44109E+11,12575778686,12.58,3.02,10195375.84
4213.65,4210.59,20879205621,1939741675,1939.74,748.94,479318.69,4.44313E+11,12581552221,12.58,3.02,10200056.54
4213.66,4210.6,20880445624,1939856875,1939.86,748.98,479347.16,4.44527E+11,12587614848,12.59,3.02,10204971.6
4213.67,4210.61,20881617544,1939965750,1939.97,749.02,479374.06,4.44731E+11,12593389113,12.59,3.02,10209652.89
4213.68,4210.62,20882879882,1940083025,1940.08,749.07,479403.04,4.44945E+11,12599452445,12.6,3.02,10214568.52
4213.69,4210.63,20884327090,1940217475,1940.22,749.12,479436.26,4.45149E+11,12605227453,12.61,3.02,10219250.41
4213.7,4210.64,20885569783,1940332925,1940.33,749.17,479464.79,4.45364E+11,12611291565,12.61,3.03,10224166.68
4213.71,4210.65,20886710489,1940438900,1940.44,749.21,479490.98,4.45568E+11,12617067241,12.62,3.03,10228849.11
4213.72,4210.66,20888181646,1940575575,1940.58,749.26,479524.75,4.45782E+11,12623132088,12.62,3.03,10233765.97
4213.73,4210.67,20889307551,1940680175,1940.68,749.3,479550.6,4.45986E+11,12628908484,12.63,3.03,10238448.98
4213.74,4210.68,20890489698,1940790000,1940.79,749.34,479577.73,4.462E+11,12634974034,12.63,3.03,10243366.42
4213.75,4210.69,20891861289,1940917425,1940.92,749.39,479609.22,4.46404E+11,12640751091,12.64,3.03,10248049.97
4213.76,4210.7,20893030519,1941026050,1941.03,749.43,479636.06,4.46608E+11,12646528509,12.65,3.03,10252733.81
4213.77,4210.71,20894178490,1941132700,1941.13,749.48,479662.42,4.46822E+11,12652595131,12.65,3.04,10257652.11
4213.78,4210.72,20895591522,1941263975,1941.26,749.53,479694.86,4.47026E+11,12658373193,12.66,3.04,10262336.47
4213.79,4210.73,20896741646,1941370825,1941.37,749.57,479721.26,4.4724E+11,12664440559,12.66,3.04,10267255.38
4213.8,4210.74,20897868358,1941475500,1941.48,749.61,479747.13,4.47445E+11,12670219316,12.67,3.04,10271940.31
4213.81,4210.75,20898981347,1941578900,1941.58,749.65,479772.68,4.47659E+11,12676287341,12.68,3.04,10276859.75
4213.82,4210.76,20900351592,1941706200,1941.71,749.7,479804.13,4.47863E+11,12682066774,12.68,3.04,10281545.22
4213.83,4210.77,20901456777,1941808875,1941.81,749.74,479829.5,4.48077E+11,12688135516,12.69,3.04,10286465.24
4213.84,4210.78,20902571111,1941912400,1941.91,749.78,479855.08,4.48281E+11,12693915580,12.69,3.05,10291151.23
4213.85,4210.79,20903896686,1942035550,1942.04,749.82,479885.52,4.48496E+11,12699984998,12.7,3.05,10296071.8
4213.86,4210.8,20905022591,1942140150,1942.14,749.86,479911.36,4.487E+11,12705765736,12.71,3.05,10300758.33
4213.87,4210.81,20906126969,1942242750,1942.24,749.9,479936.72,4.48914E+11,12711835836,12.71,3.05,10305679.45
4213.88,4210.82,20907468690,1942367400,1942.37,749.95,479967.52,4.49118E+11,12717617201,12.72,3.05,10310366.49
4213.89,4210.83,20908593788,1942471925,1942.47,749.99,479993.35,4.49333E+11,12723688014,12.72,3.05,10315288.2
4213.9,4210.84,20909691707,1942573925,1942.57,750.03,480018.55,4.49537E+11,12729470047,12.73,3.05,10319975.78
4213.91,4210.85,20910808462,1942677675,1942.68,750.07,480044.19,4.49751E+11,12735541504,12.74,3.06,10324898
4213.92,4210.86,20912162562,1942803475,1942.8,750.12,480075.27,4.49956E+11,12741324215,12.74,3.06,10329586.13
4213.93,4210.87,20913266132,1942906000,1942.91,750.16,480100.61,4.5017E+11,12747396386,12.75,3.06,10334508.93
4213.94,4210.88,20914365396,1943008125,1943.01,750.2,480125.84,4.50374E+11,12753179711,12.75,3.06,10339197.56
4213.95,4210.89,20915730529,1943134950,1943.13,750.25,480157.18,4.50589E+11,12759252569,12.76,3.06,10344120.92
4213.96,4210.9,20916849169,1943238875,1943.24,750.29,480182.86,4.50793E+11,12765036582,12.77,3.06,10348810.11
4213.97,4210.91,20917977765,1943343725,1943.34,750.33,480208.77,4.51007E+11,12771110119,12.77,3.06,10353734.02
4213.98,4210.92,20920081302,1943539150,1943.54,750.4,480257.06,4.51212E+11,12776894845,12.78,3.07,10358423.79
4213.99,4210.93,20921234655,1943646300,1943.65,750.45,480283.54,4.51426E+11,12782969324,12.78,3.07,10363348.46
4214,4210.94,20922361098,1943750950,1943.75,750.49,480309.4,4.51631E+11,12788754856,12.79,3.07,10368038.88
4214.01,4210.95,20923728115,1943877950,1943.88,750.54,480340.78,4.51835E+11,12794540696,12.79,3.07,10372729.55
4214.02,4210.96,20924937709,1943990325,1943.99,750.58,480368.55,4.52049E+11,12800616240,12.8,3.07,10377655.08
4214.03,4210.97,20926010064,1944089950,1944.09,750.62,480393.17,4.52254E+11,12806402786,12.81,3.07,10382346.32
4214.04,4210.98,20927204858,1944200950,1944.2,750.66,480420.6,4.52468E+11,12812478990,12.81,3.07,10387272.4
4214.05,4210.99,20928594210,1944330025,1944.33,750.71,480452.49,4.52673E+11,12818266228,12.82,3.08,10391964.2
4214.06,4211,20929784698,1944440625,1944.44,750.75,480479.82,4.52887E+11,12824343180,12.82,3.08,10396890.88
4214.07,4211.01,20930921636,1944546250,1944.55,750.79,480505.92,4.53092E+11,12830131075,12.83,3.08,10401583.21
4214.08,4211.02,20932421587,1944685600,1944.69,750.85,480540.35,4.53306E+11,12836208751,12.84,3.08,10406510.47
4214.09,4211.03,20933569289,1944792225,1944.79,750.89,480566.7,4.53511E+11,12841997378,12.84,3.08,10411203.4
4214.1,4211.04,20934777538,1944904475,1944.9,750.93,480594.44,4.53726E+11,12848075778,12.85,3.08,10416131.25
4214.11,4211.05,20936249772,1945041250,1945.04,750.98,480628.24,4.5393E+11,12853865079,12.85,3.08,10420824.73
4214.12,4211.06,20937488698,1945156350,1945.16,751.03,480656.68,4.54145E+11,12859944260,12.86,3.09,10425753.21
4214.13,4211.07,20938641782,1945263475,1945.26,751.07,480683.15,4.54349E+11,12865734290,12.87,3.09,10430447.28
4214.14,4211.08,20940171603,1945405600,1945.41,751.13,480718.27,4.54564E+11,12871814163,12.87,3.09,10435376.33
4214.15,4211.09,20941331683,1945513375,1945.51,751.17,480744.9,4.54768E+11,12877604934,12.88,3.09,10440070.99
4214.16,4211.1,20942573838,1945628775,1945.63,751.21,480773.42,4.54983E+11,12883685592,12.88,3.09,10445000.67
4214.17,4211.11,20943714275,1945734725,1945.73,751.25,480799.6,4.55188E+11,12889477024,12.89,3.09,10449695.88
4214.18,4211.12,20945263739,1945878675,1945.88,751.31,480835.17,4.55402E+11,12895558431,12.9,3.09,10454626.17
4214.19,4211.13,20946338247,1945978500,1945.98,751.35,480859.84,4.55607E+11,12901350597,12.9,3.1,10459321.96
4214.2,4211.14,20947542459,1946090375,1946.09,751.39,480887.48,4.55822E+11,12907432703,12.91,3.1,10464252.82
4214.21,4211.15,20953208582,1946616775,1946.62,751.59,481017.56,4.56026E+11,12913226007,12.91,3.1,10468949.54
4214.22,4211.16,20954390190,1946726550,1946.73,751.64,481044.68,4.56241E+11,12919310104,12.92,3.1,10473882.01
4214.23,4211.17,20955480305,1946827825,1946.83,751.67,481069.71,4.56446E+11,12925104799,12.93,3.1,10478579.86
4214.24,4211.18,20956959535,1946965250,1946.97,751.73,481103.67,4.56661E+11,12931189576,12.93,3.1,10483512.88
4214.25,4211.19,20958109121,1947072050,1947.07,751.77,481130.06,4.56865E+11,12936984992,12.94,3.1,10488211.31
4214.26,4211.2,20959212422,1947174550,1947.17,751.81,481155.39,4.5707E+11,12942780719,12.94,3.11,10492910
4214.27,4211.21,20960422555,1947286975,1947.29,751.85,481183.17,4.57285E+11,12948866567,12.95,3.11,10497843.89
4214.28,4211.22,20962784156,1947506375,1947.51,751.94,481237.38,4.5749E+11,12954663225,12.95,3.11,10502543.33
4214.29,4211.23,20964029003,1947622025,1947.62,751.98,481265.96,4.57705E+11,12960750115,12.96,3.11,10507478.06
4214.3,4211.24,20965163788,1947727450,1947.73,752.02,481292.01,4.57909E+11,12966547483,12.97,3.11,10512178.08
4214.31,4211.25,20966739894,1947873875,1947.87,752.08,481328.19,4.58124E+11,12972635113,12.97,3.11,10517113.41
4214.32,4211.26,20967894054,1947981100,1947.98,752.12,481354.69,4.58329E+11,12978433231,12.98,3.11,10521814.03
4214.33,4211.27,20969175228,1948100125,1948.1,752.17,481384.1,4.58544E+11,12984521610,12.98,3.12,10526749.98
4214.34,4211.28,20970655266,1948237625,1948.24,752.22,481418.08,4.58749E+11,12990320426,12.99,3.12,10531451.16
4214.35,4211.29,20971905494,1948353775,1948.35,752.26,481446.78,4.58964E+11,12996409601,13,3.12,10536387.75
4214.36,4211.3,20973048891,1948460000,1948.46,752.3,481473.03,4.59169E+11,13002209147,13,3.12,10541089.53
4214.37,4211.31,20975042905,1948645250,1948.65,752.38,481518.8,4.59384E+11,13008299020,13.01,3.12,10546026.68
4214.38,4211.32,20976190876,1948751900,1948.75,752.42,481545.16,4.59589E+11,13014099433,13.01,3.12,10550729.17
4214.39,4211.33,20977430609,1948867075,1948.87,752.46,481573.62,4.59804E+11,13020190214,13.02,3.12,10555667.06
4214.4,4211.34,20978545750,1948970675,1948.97,752.5,481599.22,4.60009E+11,13025991287,13.03,3.13,10560370.08
4214.41,4211.35,20979983809,1949104275,1949.1,752.55,481632.23,4.60224E+11,13032082794,13.03,3.13,10565308.55
4214.42,4211.36,20981066927,1949204900,1949.2,752.59,481657.09,4.60429E+11,13037884568,13.04,3.13,10570012.14
4214.43,4211.37,20982217859,1949311825,1949.31,752.63,481683.52,4.60644E+11,13043976753,13.04,3.13,10574951.17
4214.44,4211.38,20983563886,1949436875,1949.44,752.68,481714.42,4.60849E+11,13049779171,13.05,3.13,10579655.28
4214.45,4211.39,20984684140,1949540950,1949.54,752.72,481740.13,4.61064E+11,13055872079,13.06,3.13,10584594.89
4214.46,4211.4,20985739003,1949638950,1949.64,752.76,481764.35,4.61269E+11,13061675147,13.06,3.13,10589299.53
4214.47,4211.41,20987106019,1949765950,1949.77,752.81,481795.73,4.61484E+11,13067768699,13.07,3.14,10594239.66
4214.48,4211.42,20988117020,1949859875,1949.86,752.85,481818.94,4.61689E+11,13073572431,13.07,3.14,10598944.84
4214.49,4211.43,20989214669,1949961850,1949.96,752.88,481844.14,4.61904E+11,13079666655,13.08,3.14,10603885.52
4214.5,4211.44,20990240201,1950057125,1950.06,752.92,481867.68,4.62109E+11,13085470969,13.09,3.14,10608591.16
4214.51,4211.45,20991454370,1950169925,1950.17,752.96,481895.56,4.62314E+11,13091275622,13.09,3.14,10613297.08
4214.52,4211.46,20992535605,1950270375,1950.27,753,481920.38,4.62529E+11,13097370818,13.1,3.14,10618238.55
4214.53,4211.47,20993521310,1950361950,1950.36,753.04,481943.01,4.62734E+11,13103176051,13.1,3.14,10622944.94
4214.54,4211.48,20994807597,1950481450,1950.48,753.09,481972.53,4.6295E+11,13109271885,13.11,3.15,10627886.93
4214.55,4211.49,20995801644,1950573800,1950.57,753.12,481995.35,4.63155E+11,13115077746,13.12,3.15,10632593.83
4214.56,4211.5,20996856508,1950671800,1950.67,753.16,482019.57,4.6337E+11,13121174203,13.12,3.15,10637536.32
4214.57,4211.51,20998020355,1950779925,1950.78,753.2,482046.29,4.63575E+11,13126980646,13.13,3.15,10642243.69
4214.58,4211.52,20999061495,1950876650,1950.88,753.24,482070.19,4.6379E+11,13133077742,13.13,3.15,10647186.7
4214.59,4211.53,21000050967,1950968575,1950.97,753.27,482092.91,4.63995E+11,13138884783,13.14,3.15,10651894.56
4214.6,4211.54,21001319494,1951086425,1951.09,753.32,482122.03,4.64211E+11,13144982474,13.14,3.15,10656838.05
4214.61,4211.55,21002286362,1951176250,1951.18,753.35,482144.22,4.64416E+11,13150790133,13.15,3.16,10661546.41
4214.62,4211.56,21003349029,1951274975,1951.27,753.39,482168.62,4.64631E+11,13156888473,13.16,3.16,10666490.42
4214.63,4211.57,21004326931,1951365825,1951.37,753.43,482191.07,4.64836E+11,13162696696,13.16,3.16,10671199.24
4214.64,4211.58,21005593574,1951483500,1951.48,753.47,482220.15,4.65052E+11,13168795670,13.17,3.16,10676143.77
4214.65,4211.59,21006548871,1951572250,1951.57,753.51,482242.08,4.65257E+11,13174604509,13.17,3.16,10680853.08
4214.66,4211.6,21007611269,1951670950,1951.67,753.54,482266.47,4.65472E+11,13180704082,13.18,3.16,10685798.1
4214.67,4211.61,21008778615,1951779400,1951.78,753.59,482293.26,4.65677E+11,13186513508,13.19,3.16,10690507.89
4214.68,4211.62,21009829711,1951877050,1951.88,753.62,482317.39,4.65893E+11,13192613728,13.19,3.17,10695453.43
4214.69,4211.63,21010826718,1951969675,1951.97,753.66,482340.28,4.66098E+11,13198423747,13.2,3.17,10700163.7
4214.7,4211.64,21012066182,1952084825,1952.08,753.7,482368.74,4.66313E+11,13204524575,13.2,3.17,10705109.74
4214.71,4211.65,21013015828,1952173050,1952.17,753.74,482390.54,4.66519E+11,13210335205,13.21,3.17,10709820.51
4214.72,4211.66,21014071230,1952271100,1952.27,753.78,482414.77,4.66734E+11,13216436658,13.22,3.17,10714767.05
4214.73,4211.67,21015073619,1952364225,1952.36,753.81,482437.78,4.66939E+11,13222247848,13.22,3.17,10719478.27
4214.74,4211.68,21016346182,1952482450,1952.48,753.86,482466.99,4.67155E+11,13228349953,13.23,3.17,10724425.34
4214.75,4211.69,21017362564,1952576875,1952.58,753.89,482490.32,4.6736E+11,13234161774,13.23,3.18,10729137.07
4214.76,4211.7,21018388634,1952672200,1952.67,753.93,482513.88,4.67565E+11,13239973877,13.24,3.18,10733849.03
4214.77,4211.71,21019609531,1952785625,1952.79,753.97,482541.91,4.67781E+11,13246076914,13.25,3.18,10738796.85
4214.78,4211.72,21020636138,1952881000,1952.88,754.01,482565.47,4.67986E+11,13251889639,13.25,3.18,10743509.32
4214.79,4211.73,21021629917,1952973325,1952.97,754.05,482588.29,4.68202E+11,13257993292,13.26,3.18,10748457.64
4214.8,4211.74,21022822827,1953084150,1953.08,754.09,482615.67,4.68407E+11,13263806586,13.26,3.18,10753170.57
4214.81,4211.75,21023775702,1953172675,1953.17,754.12,482637.55,4.68622E+11,13269910871,13.27,3.18,10758119.41
4214.82,4211.76,21024764905,1953264575,1953.26,754.16,482660.26,4.68828E+11,13275724741,13.28,3.19,10762832.8
4214.83,4211.77,21025891349,1953369225,1953.37,754.2,482686.12,4.69043E+11,13281829592,13.28,3.19,10767782.1
4214.84,4211.78,21026835344,1953456925,1953.46,754.23,482707.79,4.69249E+11,13287644039,13.29,3.19,10772495.96
4214.85,4211.79,21027753774,1953542250,1953.54,754.27,482728.87,4.69464E+11,13293749484,13.29,3.19,10777445.73
4214.86,4211.8,21028666016,1953627000,1953.63,754.3,482749.81,4.6967E+11,13299564444,13.3,3.19,10782160.01
4214.87,4211.81,21029750749,1953727775,1953.73,754.34,482774.72,4.69885E+11,13305670458,13.31,3.19,10787110.25
4214.88,4211.82,21030668910,1953813075,1953.81,754.37,482795.79,4.70091E+11,13311485973,13.31,3.19,10791824.98
4214.89,4211.83,21031604563,1953900000,1953.9,754.41,482817.27,4.70306E+11,13317592529,13.32,3.2,10796775.66
4214.9,4211.84,21032669383,1953998925,1954,754.44,482841.72,4.70512E+11,13323408571,13.32,3.2,10801490.81
4214.91,4211.85,21033582432,1954083750,1954.08,754.48,482862.68,4.70727E+11,13329515704,13.33,3.2,10806441.96
4214.92,4211.86,21034522390,1954171075,1954.17,754.51,482884.26,4.70933E+11,13335332281,13.34,3.2,10811157.54
4214.93,4211.87,21035610622,1954272175,1954.27,754.55,482909.24,4.71149E+11,13341439968,13.34,3.2,10816109.14
4214.94,4211.88,21036509677,1954355700,1954.36,754.58,482929.88,4.71354E+11,13347257099,13.35,3.2,10820825.18
4214.95,4211.89,21037389896,1954437475,1954.44,754.61,482950.09,4.7157E+11,13353365346,13.35,3.2,10825777.22
4214.96,4211.9,21038284646,1954520600,1954.52,754.64,482970.63,4.71775E+11,13359182968,13.36,3.21,10830493.66
4214.97,4211.91,21039962740,1954676500,1954.68,754.7,483009.15,4.71991E+11,13365291946,13.37,3.21,10835446.3
4214.98,4211.92,21040853184,1954759225,1954.76,754.74,483029.59,4.72196E+11,13371110278,13.37,3.21,10840163.31
4214.99,4211.93,21041775920,1954844950,1954.84,754.77,483050.77,4.72412E+11,13377219792,13.38,3.21,10845116.39
4215,4211.94,21042827285,1954942625,1954.94,754.81,483074.91,4.72618E+11,13383038658,13.38,3.21,10849833.83
